Character Number	State Number	Curator 1 EQ Number	Curator 2 EQ Number	SimJ Score	NIC Score
1	0	C_EQ_1	CP_EQ_1	0.0	0.0
1	0	C_EQ_1	CP_EQ_2	0.0227272727273	0.66517249477
1	0	C_EQ_1	CP_EQ_3	0	0
1	0	C_EQ_2	CP_EQ_1	0.0	0.0
1	0	C_EQ_2	CP_EQ_2	0.0100502512563	0.546493191447
1	0	C_EQ_2	CP_EQ_3	0	0
1	1	C_EQ_1	CP_EQ_1	0	0
1	1	C_EQ_2	CP_EQ_1	0	0
1	2	C_EQ_1	CP_EQ_1	0.0227272727273	0.607212776993
1	2	C_EQ_1	CP_EQ_2	0	0
1	2	C_EQ_2	CP_EQ_1	0.00512820512821	0.509380495349
1	2	C_EQ_2	CP_EQ_2	0	0
2	0	C_EQ_1	CP_EQ_1	0.422535211268	0.752079413915
2	0	C_EQ_1	CP_EQ_2	0.0	0.0
2	1	C_EQ_1	CP_EQ_1	0.422535211268	0.752079413915
2	1	C_EQ_1	CP_EQ_2	0.0	0.0
2	1	C_EQ_1	CP_EQ_3	0.0	0.0
2	1	C_EQ_1	CP_EQ_4	0.0	0.0
2	1	C_EQ_1	CP_EQ_5	0.0654205607477	0.423092098833
2	1	C_EQ_1	CP_EQ_6	0.0603448275862	0.423092098833
2	1	C_EQ_2	CP_EQ_1	0.0821917808219	0.603391700967
2	1	C_EQ_2	CP_EQ_2	0.0	0.0
2	1	C_EQ_2	CP_EQ_3	0.0	0.0
2	1	C_EQ_2	CP_EQ_4	0.0	0.0
2	1	C_EQ_2	CP_EQ_5	0.212121212121	0.693201181314
2	1	C_EQ_2	CP_EQ_6	0.198581560284	0.693201181314
2	1	C_EQ_3	CP_EQ_1	0.0703125	0.603391700967
2	1	C_EQ_3	CP_EQ_2	0.0	0.0
2	1	C_EQ_3	CP_EQ_3	0.0	0.0
2	1	C_EQ_3	CP_EQ_4	0.0	0.0
2	1	C_EQ_3	CP_EQ_5	0.235294117647	0.921789762858
2	1	C_EQ_3	CP_EQ_6	0.372093023256	0.960894881429
2	1	C_EQ_4	CP_EQ_1	0.0787172011662	0.603391700967
2	1	C_EQ_4	CP_EQ_2	0.0	0.0
2	1	C_EQ_4	CP_EQ_3	0.0	0.0
2	1	C_EQ_4	CP_EQ_4	0.0	0.0
2	1	C_EQ_4	CP_EQ_5	0.372093023256	0.960894881429
2	1	C_EQ_4	CP_EQ_6	0.25702811245	0.921789762858
3	0	C_EQ_1	CP_EQ_1	0.025641025641	0.607212776993
3	1	C_EQ_1	CP_EQ_1	0.025641025641	0.595095850209
4	0	C_EQ_1	CP_EQ_1	0.00354472802269	0.685637119742
4	0	C_EQ_1	CP_EQ_2	0.0	0.0
4	1	C_EQ_1	CP_EQ_1	0.00354472802269	0.685637119742
4	1	C_EQ_1	CP_EQ_2	0.0	0.0
5	0	C_EQ_1	CP_EQ_1	0	0
5	0	C_EQ_2	CP_EQ_1	0	0
5	1	C_EQ_1	CP_EQ_1	0	0
5	1	C_EQ_2	CP_EQ_1	0	0
5	2	C_EQ_1	CP_EQ_1	0.0	0.0
5	2	C_EQ_2	CP_EQ_1	0.0	0.0
6	0	C_EQ_1	CP_EQ_1	0.0	0.0
6	0	C_EQ_2	CP_EQ_1	0.0	0.0
6	1	C_EQ_1	CP_EQ_1	0.0	0.0
6	1	C_EQ_2	CP_EQ_1	0.0	0.0
6	1	C_EQ_3	CP_EQ_1	0.0	0.0
6	2	C_EQ_1	CP_EQ_1	0.0593125140418	0.823105573348
6	2	C_EQ_2	CP_EQ_1	0.0451271256126	0.709923997864
6	2	C_EQ_3	CP_EQ_1	0.00303687635575	0.399736163335
6	3	C_EQ_1	CP_EQ_1	0	0
6	4	C_EQ_1	CP_EQ_1	0.00242665700833	0.551141124061
7	0	C_EQ_1	CP_EQ_1	0.0	0.0
7	0	C_EQ_1	CP_EQ_2	0.0	0.0
7	1	C_EQ_1	CP_EQ_1	0	0
8	0	C_EQ_1	CP_EQ_1	0.0	0.0
8	0	C_EQ_1	CP_EQ_2	0.0	0.0
8	0	C_EQ_1	CP_EQ_3	0.0	0.0
8	0	C_EQ_2	CP_EQ_1	0.0	0.0
8	0	C_EQ_2	CP_EQ_2	0.0	0.0
8	0	C_EQ_2	CP_EQ_3	0.0	0.0
8	0	C_EQ_3	CP_EQ_1	0.0	0.0
8	0	C_EQ_3	CP_EQ_2	0.0	0.0
8	0	C_EQ_3	CP_EQ_3	0.0	0.0
8	0	C_EQ_4	CP_EQ_1	0.0	0.0
8	0	C_EQ_4	CP_EQ_2	0.0	0.0
8	0	C_EQ_4	CP_EQ_3	0.0	0.0
8	1	C_EQ_1	CP_EQ_1	0	0
8	1	C_EQ_1	CP_EQ_2	0.00268096514745	0.509380495349
8	1	C_EQ_1	CP_EQ_3	0.0327455919395	0.466773626108
8	1	C_EQ_2	CP_EQ_1	0	0
8	1	C_EQ_2	CP_EQ_2	0.00268096514745	0.509380495349
8	1	C_EQ_2	CP_EQ_3	0.0327455919395	0.466773626108
8	1	C_EQ_3	CP_EQ_1	0	0
8	1	C_EQ_3	CP_EQ_2	0.0141509433962	0.551180687007
8	1	C_EQ_3	CP_EQ_3	0.183962264151	0.631139330561
8	1	C_EQ_4	CP_EQ_1	0	0
8	1	C_EQ_4	CP_EQ_2	0.0141509433962	0.551180687007
8	1	C_EQ_4	CP_EQ_3	0.183962264151	0.631139330561
9	0	C_EQ_1	CP_EQ_1	0.11797752809	0.524008002307
9	1	C_EQ_1	CP_EQ_1	0.11797752809	0.524008002307
10	0	C_EQ_1	CP_EQ_1	0.0178443968594	0.63081369179
10	0	C_EQ_1	CP_EQ_2	0.0	0.0
10	1	C_EQ_1	CP_EQ_1	0	0
10	2	C_EQ_1	CP_EQ_1	0.0178443968594	0.650646967665
10	2	C_EQ_1	CP_EQ_2	0.0	0.0
11	0	C_EQ_1	CP_EQ_1	0	0
11	1	C_EQ_1	CP_EQ_1	0.00858369098712	0.623943717225
11	1	C_EQ_2	CP_EQ_1	0.012987012987	0.787805273371
12	0	C_EQ_1	CP_EQ_1	0.135135135135	0.93801985348
12	1	C_EQ_1	CP_EQ_1	0.135135135135	0.864718516367
13	0	C_EQ_1	CP_EQ_1	0.984615384615	0.909200726536
13	1	C_EQ_1	CP_EQ_1	0.984615384615	0.909200726536
14	0	C_EQ_1	CP_EQ_1	3.17379713089e-05	0.509380495349
14	1	C_EQ_1	CP_EQ_1	0	0
15	0	C_EQ_1	CP_EQ_1	0	0
15	1	C_EQ_1	CP_EQ_1	0	0
16	0	C_EQ_1	CP_EQ_1	0.137809187279	0.686284355454
16	0	C_EQ_1	CP_EQ_2	0.0	0.0
16	0	C_EQ_1	CP_EQ_3	0.0	0.0
16	1	C_EQ_1	CP_EQ_1	0.0	0.0
16	1	C_EQ_1	CP_EQ_2	0.0	0.0
16	1	C_EQ_1	CP_EQ_3	0.0	0.0
17	0	C_EQ_1	CP_EQ_1	5.46209307407e-05	0.509380495349
17	1	C_EQ_1	CP_EQ_1	5.46209307407e-05	0.509380495349
18	0	C_EQ_1	CP_EQ_1	0.00277328403051	0.624449053069
18	1	C_EQ_1	CP_EQ_1	0.00277328403051	0.624449053069
19	0	C_EQ_1	CP_EQ_1	0.0	0.0
19	1	C_EQ_1	CP_EQ_1	0.0	0.0
19	2	C_EQ_1	CP_EQ_1	0.121951219512	0.62452161483
20	0	C_EQ_1	CP_EQ_1	0	0
20	0	C_EQ_2	CP_EQ_1	0	0
20	1	C_EQ_1	CP_EQ_1	0.973684210526	0.825613397796
20	1	C_EQ_2	CP_EQ_1	0.973684210526	0.825613397796
21	0	C_EQ_1	CP_EQ_1	0.0	0.0
21	1	C_EQ_1	CP_EQ_1	0	0
21	1	C_EQ_2	CP_EQ_1	0	0
22	0	C_EQ_1	CP_EQ_1	0.457142857143	0.840159280941
22	1	C_EQ_1	CP_EQ_1	0.0	0.0
23	0	C_EQ_1	CP_EQ_1	0.0327868852459	0.607212776993
23	1	C_EQ_1	CP_EQ_1	0.0245901639344	0.559068571394
24	0	C_EQ_1	CP_EQ_1	0	0
24	1	C_EQ_1	CP_EQ_1	0	0
25	0	C_EQ_1	CP_EQ_1	0.208333333333	0.828237906385
25	1	C_EQ_1	CP_EQ_1	0.208333333333	0.810028077172
26	0	C_EQ_1	CP_EQ_1	0	0
26	1	C_EQ_1	CP_EQ_1	0.0	0.0
27	0	C_EQ_1	CP_EQ_1	0.0	0.0
27	1	C_EQ_1	CP_EQ_1	0.0	0.0
28	0	C_EQ_1	CP_EQ_1	0.0	0.0
28	1	C_EQ_1	CP_EQ_1	0.0	0.0
29	0	C_EQ_1	CP_EQ_1	0.0	0.0
29	1	C_EQ_1	CP_EQ_1	0.1	0.559068571394
30	0	C_EQ_1	CP_EQ_1	0	0
30	1	C_EQ_1	CP_EQ_1	0	0
31	0	C_EQ_1	CP_EQ_1	0.193548387097	0.644945670968
31	0	C_EQ_1	CP_EQ_2	0.0	0.0
31	1	C_EQ_1	CP_EQ_1	0.193548387097	0.602450987245
31	1	C_EQ_1	CP_EQ_2	0.0	0.0
32	0	C_EQ_1	CP_EQ_1	0.0188679245283	0.595095850209
32	1	C_EQ_1	CP_EQ_1	0.0188679245283	0.607212776993
33	0	C_EQ_1	CP_EQ_1	0.0	0.0
33	1	C_EQ_1	CP_EQ_1	0.109649122807	0.763633251276
33	2	C_EQ_1	CP_EQ_1	0.0	0.0
33	3	C_EQ_1	CP_EQ_1	1.0	0.847220580016
33	3	C_EQ_2	CP_EQ_1	0.375	0.790492293611
33	4	C_EQ_1	CP_EQ_1	1.0	0.847220580016
34	0	C_EQ_1	CP_EQ_1	0	0
34	1	C_EQ_1	CP_EQ_1	0	0
34	1	C_EQ_2	CP_EQ_1	0	0
34	2	C_EQ_1	CP_EQ_1	0.0	0.0
34	3	C_EQ_1	CP_EQ_1	0.0	0.0
34	3	C_EQ_2	CP_EQ_1	0.0	0.0
35	0	C_EQ_1	CP_EQ_1	0.0	0.0
35	1	C_EQ_1	CP_EQ_1	0.0	0.0
36	0	C_EQ_1	CP_EQ_1	0.0	0.0
36	1	C_EQ_1	CP_EQ_1	0.0	0.0
36	1	C_EQ_2	CP_EQ_1	0.0	0.0
37	0	C_EQ_1	CP_EQ_1	0.0	0.0
37	1	C_EQ_1	CP_EQ_1	0	0
38	0	C_EQ_1	CP_EQ_1	0.0285714285714	0.607212776993
38	0	C_EQ_2	CP_EQ_1	0.0322580645161	0.607212776993
38	1	C_EQ_1	CP_EQ_1	0.0285714285714	0.595095850209
38	1	C_EQ_2	CP_EQ_1	0.024	0.551180687007
38	2	C_EQ_1	CP_EQ_1	0.0212765957447	0.551180687007
38	2	C_EQ_2	CP_EQ_1	0.0322580645161	0.595095850209
39	0	C_EQ_1	CP_EQ_1	0.03125	0.607212776993
39	1	C_EQ_1	CP_EQ_1	0.00512820512821	0.509380495349
39	2	C_EQ_1	CP_EQ_1	0.00613496932515	0.509380495349
39	3	C_EQ_1	CP_EQ_1	0	0
39	3	C_EQ_2	CP_EQ_1	0	0
40	0	C_EQ_1	CP_EQ_1	0	0
40	1	C_EQ_1	CP_EQ_1	0.0	0.0
40	2	C_EQ_1	CP_EQ_1	0	0
41	0	C_EQ_1	CP_EQ_1	0.119402985075	0.624231926079
41	0	C_EQ_1	CP_EQ_2	0.0	0.0
41	0	C_EQ_2	CP_EQ_1	0.22	0.675998363827
41	0	C_EQ_2	CP_EQ_2	0.0	0.0
41	1	C_EQ_1	CP_EQ_1	0.119402985075	0.586442283804
41	1	C_EQ_1	CP_EQ_2	0.0	0.0
41	1	C_EQ_2	CP_EQ_1	0.22	0.633303070345
41	1	C_EQ_2	CP_EQ_2	0.0	0.0
42	0	C_EQ_1	CP_EQ_1	0.0	0.0
42	0	C_EQ_1	CP_EQ_2	0.0	0.0
42	1	C_EQ_1	CP_EQ_1	0.0	0.0
42	1	C_EQ_1	CP_EQ_2	0.0	0.0
42	2	C_EQ_1	CP_EQ_1	0.0	0.0
42	2	C_EQ_1	CP_EQ_2	0.0	0.0
43	0	C_EQ_1	CP_EQ_1	0.0102109924459	0.661980978793
43	0	C_EQ_1	CP_EQ_2	0.0	0.0
43	1	C_EQ_1	CP_EQ_1	0.0	0.0
43	1	C_EQ_1	CP_EQ_2	0.0	0.0
43	2	C_EQ_1	CP_EQ_1	0.0176895306859	0.733296093001
43	2	C_EQ_1	CP_EQ_2	0.0	0.0
44	0	C_EQ_1	CP_EQ_1	0.553571428571	0.793313719539
44	0	C_EQ_2	CP_EQ_1	0.553571428571	0.793313719539
44	1	C_EQ_1	CP_EQ_1	0.553571428571	0.793313719539
44	1	C_EQ_2	CP_EQ_1	0.553571428571	0.793313719539
45	0	C_EQ_1	CP_EQ_1	0.909090909091	0.93801985348
45	1	C_EQ_1	CP_EQ_1	0.909090909091	0.864718516367
46	0	C_EQ_1	CP_EQ_1	0.0	0.0
46	1	C_EQ_1	CP_EQ_1	0.0	0.0
47	0	C_EQ_1	CP_EQ_1	0.0	0.0
47	1	C_EQ_1	CP_EQ_1	0.0	0.0
47	1	C_EQ_2	CP_EQ_1	0.0	0.0
47	1	C_EQ_3	CP_EQ_1	0.0	0.0
47	1	C_EQ_4	CP_EQ_1	0.0	0.0
48	0	C_EQ_1	CP_EQ_1	0	0
48	0	C_EQ_1	CP_EQ_2	0.00438596491228	0.509380495349
48	1	C_EQ_1	CP_EQ_1	0	0
48	1	C_EQ_2	CP_EQ_1	0	0
48	1	C_EQ_3	CP_EQ_1	0	0
48	2	C_EQ_1	CP_EQ_1	0	0
48	2	C_EQ_2	CP_EQ_1	0	0
49	0	C_EQ_1	CP_EQ_1	0.166666666667	0.652523789738
49	1	C_EQ_1	CP_EQ_1	0.166666666667	0.62473986176
50	0	C_EQ_1	CP_EQ_1	0.31914893617	0.804474407146
50	1	C_EQ_1	CP_EQ_1	0.239361702128	0.7487001548
51	0	C_EQ_1	CP_EQ_1	9.23318406352e-05	0.537708126721
51	1	C_EQ_1	CP_EQ_1	9.23318406352e-05	0.537708126721
51	2	C_EQ_1	CP_EQ_1	0.0222222222222	0.607212776993
52	0	C_EQ_1	CP_EQ_1	0.03125	0.607212776993
52	1	C_EQ_1	CP_EQ_1	0.03125	0.595095850209
53	0	C_EQ_1	CP_EQ_1	0.0222222222222	0.551180687007
53	0	C_EQ_2	CP_EQ_1	0.0222222222222	0.551180687007
53	1	C_EQ_1	CP_EQ_1	0	0
54	0	C_EQ_1	CP_EQ_1	0.107142857143	0.594666496839
54	1	C_EQ_1	CP_EQ_1	0.107142857143	0.559068571394
55	0	C_EQ_1	CP_EQ_1	0.0	0.0
55	1	C_EQ_1	CP_EQ_1	0.0	0.0
55	1	C_EQ_2	CP_EQ_1	0.0	0.0
55	2	C_EQ_1	CP_EQ_1	1.0	0.825613397796
56	0	C_EQ_1	CP_EQ_1	1.0	0.870095607965
56	1	C_EQ_1	CP_EQ_1	1.0	0.87603970696
57	0	C_EQ_1	CP_EQ_1	0	0
57	1	C_EQ_1	CP_EQ_1	0	0
58	0	C_EQ_1	CP_EQ_1	0.260162601626	0.816188747489
58	1	C_EQ_1	CP_EQ_1	0.260162601626	0.810028077172
59	0	C_EQ_1	CP_EQ_1	0	0
59	1	C_EQ_1	CP_EQ_1	0	0
60	0	C_EQ_1	CP_EQ_1	0.125	0.754208600969
60	1	C_EQ_1	CP_EQ_1	0.125	0.754208600969
61	0	C_EQ_1	CP_EQ_1	0.0119047619048	0.595095850209
61	1	C_EQ_1	CP_EQ_1	0.0119047619048	0.607212776993
62	0	C_EQ_1	CP_EQ_1	0.111111111111	0.687159051434
62	0	C_EQ_2	CP_EQ_1	0.111111111111	0.687159051434
62	1	C_EQ_1	CP_EQ_1	0.111111111111	0.654218841377
62	1	C_EQ_2	CP_EQ_1	0.111111111111	0.654218841377
63	0	C_EQ_1	CP_EQ_1	0.0238095238095	0.667301681819
63	1	C_EQ_1	CP_EQ_1	0.0	0.0
63	1	C_EQ_2	CP_EQ_1	0.0	0.0
64	0	C_EQ_1	CP_EQ_1	0.0	0.0
64	1	C_EQ_1	CP_EQ_1	0.0	0.0
65	0	C_EQ_1	CP_EQ_1	0	0
65	0	C_EQ_2	CP_EQ_1	0	0
65	1	C_EQ_1	CP_EQ_1	0	0
65	2	C_EQ_1	CP_EQ_1	0	0
65	3	C_EQ_1	CP_EQ_1	0	0
66	0	C_EQ_1	CP_EQ_1	0.183673469388	0.777083628918
66	1	C_EQ_1	CP_EQ_1	0.183673469388	0.750027669243
67	0	C_EQ_1	CP_EQ_1	0.0	0.0
67	1	C_EQ_1	CP_EQ_1	0.00224712543046	0.609502467024
68	0	C_EQ_1	CP_EQ_1	0.758241758242	0.93801985348
68	0	C_EQ_1	CP_EQ_2	0.0	0.0
68	0	C_EQ_1	CP_EQ_3	0.0	0.0
68	1	C_EQ_1	CP_EQ_1	0.758241758242	0.864718516367
68	1	C_EQ_1	CP_EQ_2	0.0	0.0
68	1	C_EQ_1	CP_EQ_3	0.0	0.0
69	0	C_EQ_1	CP_EQ_1	0.847222222222	0.818401453076
69	1	C_EQ_1	CP_EQ_1	0.847222222222	0.812007815763
70	0	C_EQ_1	CP_EQ_1	0.265957446809	0.677463816625
70	1	C_EQ_1	CP_EQ_1	0.068306010929	0.631384799088
70	1	C_EQ_1	CP_EQ_2	0.0	0.0
70	1	C_EQ_2	CP_EQ_1	0.00344416479004	0.430040297728
70	1	C_EQ_2	CP_EQ_2	0.0	0.0
70	2	C_EQ_1	CP_EQ_1	0.068306010929	0.631384799088
70	2	C_EQ_2	CP_EQ_1	0.00344416479004	0.430040297728
70	3	C_EQ_1	CP_EQ_1	0.0	0.0
70	3	C_EQ_2	CP_EQ_1	0.0	0.0
71	0	C_EQ_1	CP_EQ_1	1.0	0.828237906385
71	1	C_EQ_1	CP_EQ_1	0	0
71	1	C_EQ_2	CP_EQ_1	0	0
71	2	C_EQ_1	CP_EQ_1	0.0	0.0
71	2	C_EQ_2	CP_EQ_1	0.0	0.0
71	2	C_EQ_3	CP_EQ_1	0.0	0.0
72	0	C_EQ_1	CP_EQ_1	0.413461538462	0.830990489394
72	0	C_EQ_1	CP_EQ_2	0.0	0.0
72	1	C_EQ_1	CP_EQ_1	0.413461538462	0.890218052905
72	1	C_EQ_1	CP_EQ_2	0.0	0.0
73	0	C_EQ_1	CP_EQ_1	0.980769230769	0.782787144346
73	1	C_EQ_1	CP_EQ_1	0.961538461538	0.833884290908
74	0	C_EQ_1	CP_EQ_1	1.0	0.840159280941
74	1	C_EQ_1	CP_EQ_1	1.0	0.851112934334
75	0	C_EQ_1	CP_EQ_1	0	0
75	1	C_EQ_1	CP_EQ_1	0	0
76	0	C_EQ_1	CP_EQ_1	0.0	0.0
76	1	C_EQ_1	CP_EQ_1	0.0	0.0
77	0	C_EQ_1	CP_EQ_1	0.0	0.0
77	1	C_EQ_1	CP_EQ_1	0.0	0.0
77	1	C_EQ_2	CP_EQ_1	0.0	0.0
78	0	C_EQ_1	CP_EQ_1	0.0222222222222	0.607212776993
78	1	C_EQ_1	CP_EQ_1	0.0222222222222	0.595095850209
79	0	C_EQ_1	CP_EQ_1	0.00303004797576	0.533867745471
79	0	C_EQ_2	CP_EQ_1	0.00336103071609	0.533867745471
79	0	C_EQ_3	CP_EQ_1	0.00179923067378	0.446871462272
79	1	C_EQ_1	CP_EQ_1	0.00303004797576	0.533867745471
79	1	C_EQ_2	CP_EQ_1	0.00336103071609	0.533867745471
79	1	C_EQ_3	CP_EQ_1	0.00179923067378	0.446871462272
80	0	C_EQ_1	CP_EQ_1	1.0	0.847220580016
80	1	C_EQ_1	CP_EQ_1	1.0	0.847220580016
81	0	C_EQ_1	CP_EQ_1	0.214285714286	0.780436105806
81	1	C_EQ_1	CP_EQ_1	0.214285714286	0.746135314925
82	0	C_EQ_1	CP_EQ_1	0.0	0.0
82	0	C_EQ_2	CP_EQ_1	0.0	0.0
82	0	C_EQ_3	CP_EQ_1	0.0	0.0
82	1	C_EQ_1	CP_EQ_1	0.0	0.0
82	1	C_EQ_2	CP_EQ_1	0.0	0.0
82	1	C_EQ_3	CP_EQ_1	0.0	0.0
82	2	C_EQ_1	CP_EQ_1	0.0	0.0
82	2	C_EQ_2	CP_EQ_1	0.0	0.0
83	0	C_EQ_1	CP_EQ_1	0.0155555555556	0.765369288575
83	0	C_EQ_2	CP_EQ_1	0.0156599552573	0.765369288575
83	1	C_EQ_1	CP_EQ_1	0.0155555555556	0.755674053767
83	1	C_EQ_2	CP_EQ_1	0.0156599552573	0.755674053767
84	0	C_EQ_1	CP_EQ_1	1.0	0.847220580016
84	1	C_EQ_1	CP_EQ_1	1.0	0.847220580016
85	0	C_EQ_1	CP_EQ_1	0.00839964633068	0.636085354209
85	2	C_EQ_1	CP_EQ_1	0.952380952381	0.847220580016
85	1	C_EQ_1	CP_EQ_1	0.117283950617	0.81405956044
85	1	C_EQ_1	CP_EQ_2	0.0	0.0
85	1	C_EQ_2	CP_EQ_1	0.120835857056	0.81405956044
85	1	C_EQ_2	CP_EQ_2	0.0	0.0
86	0	C_EQ_1	CP_EQ_1	0.0153846153846	0.607212776993
86	0	C_EQ_2	CP_EQ_1	0.0153846153846	0.607212776993
86	1	C_EQ_1	CP_EQ_1	0.0153846153846	0.595095850209
86	1	C_EQ_2	CP_EQ_1	0.0153846153846	0.595095850209
87	0	C_EQ_1	CP_EQ_1	0.115384615385	0.696483618764
87	1	C_EQ_1	CP_EQ_1	0.115384615385	0.719228803708
88	0	C_EQ_1	CP_EQ_1	0	0
88	1	C_EQ_1	CP_EQ_1	0	0
89	0	C_EQ_1	CP_EQ_1	1.0	0.882684644288
89	1	C_EQ_1	CP_EQ_1	1.0	0.882684644288
90	0	C_EQ_1	CP_EQ_1	0.0123456790123	0.607212776993
90	1	C_EQ_1	CP_EQ_1	0.0123456790123	0.595095850209
91	0	C_EQ_1	CP_EQ_1	0.0	0.0
91	1	C_EQ_1	CP_EQ_1	0.000167084377611	0.753489906401
92	0	C_EQ_1	CP_EQ_1	0.0	0.0
92	0	C_EQ_2	CP_EQ_1	0.0	0.0
92	1	C_EQ_1	CP_EQ_1	0.00275549072048	0.626592187061
92	1	C_EQ_1	CP_EQ_2	0.0	0.0
92	1	C_EQ_2	CP_EQ_1	0.109380291229	0.851112934334
92	1	C_EQ_2	CP_EQ_2	0.0	0.0
93	0	C_EQ_1	CP_EQ_1	0.454545454545	0.85529386606
93	0	C_EQ_1	CP_EQ_2	0.0	0.0
93	1	C_EQ_1	CP_EQ_1	0.454545454545	0.85529386606
93	1	C_EQ_1	CP_EQ_2	0.0	0.0
94	0	C_EQ_1	CP_EQ_1	0.00891467383614	0.654836774833
94	1	C_EQ_1	CP_EQ_1	0.00891467383614	0.654836774833
94	2	C_EQ_1	CP_EQ_1	0	0
95	0	C_EQ_1	CP_EQ_1	0.0166666666667	0.607212776993
95	1	C_EQ_1	CP_EQ_1	0.0166666666667	0.595095850209
96	0	C_EQ_1	CP_EQ_1	0.0	0.0
96	1	C_EQ_1	CP_EQ_1	0.0	0.0
97	0	C_EQ_1	CP_EQ_1	0.0657640232108	0.793313719539
97	1	C_EQ_1	CP_EQ_1	0.0657640232108	0.793313719539
98	0	C_EQ_1	CP_EQ_1	1.0	0.898914734909
98	2	C_EQ_1	CP_EQ_1	0.0811965811966	0.85529386606
98	1	C_EQ_1	CP_EQ_1	0.0	0.0
99	0	C_EQ_1	CP_EQ_1	0.717391304348	0.81405956044
99	1	C_EQ_1	CP_EQ_1	0.717391304348	0.81405956044
100	0	C_EQ_1	CP_EQ_1	0	0
100	1	C_EQ_1	CP_EQ_1	0.0	0.0
101	0	C_EQ_1	CP_EQ_1	0.0730897009967	0.603692057102
101	1	C_EQ_1	CP_EQ_1	0.0730897009967	0.603692057102
102	0	C_EQ_1	CP_EQ_1	0.444270220828	0.836934588389
102	0	C_EQ_2	CP_EQ_1	0.571204569637	0.836934588389
102	1	C_EQ_1	CP_EQ_1	1.0	0.882684644288
102	2	C_EQ_1	CP_EQ_1	0.0	0.0
102	2	C_EQ_2	CP_EQ_1	0.0	0.0
103	0	C_EQ_1	CP_EQ_1	0.163636363636	0.628041784661
103	1	C_EQ_1	CP_EQ_1	0.163636363636	0.590702900233
104	0	C_EQ_1	CP_EQ_1	0.0	0.0
104	0	C_EQ_2	CP_EQ_1	0.0	0.0
104	0	C_EQ_3	CP_EQ_1	0.0	0.0
104	1	C_EQ_1	CP_EQ_1	0.0	0.0
104	1	C_EQ_2	CP_EQ_1	0.0	0.0
105	0	C_EQ_1	CP_EQ_1	0	0
105	1	C_EQ_1	CP_EQ_1	0	0
106	0	C_EQ_1	CP_EQ_1	0	0
106	1	C_EQ_1	CP_EQ_1	0	0
107	0	C_EQ_1	CP_EQ_1	0.0	0.0
107	1	C_EQ_1	CP_EQ_1	0.142045454545	0.761125426828
107	1	C_EQ_1	CP_EQ_2	0.037037037037	0.836934588389
108	0	C_EQ_1	CP_EQ_1	0.0	0.0
108	1	C_EQ_1	CP_EQ_1	0.0	0.0
108	1	C_EQ_2	CP_EQ_1	0.0	0.0
109	0	C_EQ_1	CP_EQ_1	0.571428571429	0.773919242903
109	0	C_EQ_1	CP_EQ_2	0.0	0.0
109	1	C_EQ_1	CP_EQ_1	0.571428571429	0.752079413915
109	1	C_EQ_1	CP_EQ_2	0.0	0.0
110	0	C_EQ_1	CP_EQ_1	0.0416666666667	0.607212776993
110	1	C_EQ_1	CP_EQ_1	0	0
110	2	C_EQ_1	CP_EQ_1	0	0
111	0	C_EQ_1	CP_EQ_1	0.0	0.0
111	1	C_EQ_1	CP_EQ_1	0.0	0.0
112	0	C_EQ_1	CP_EQ_1	0.0	0.0
112	0	C_EQ_1	CP_EQ_2	0.0434782608696	0.546493191447
112	0	C_EQ_2	CP_EQ_1	0.0	0.0
112	0	C_EQ_2	CP_EQ_2	0.125	0.833884290908
112	1	C_EQ_1	CP_EQ_1	0	0
112	1	C_EQ_2	CP_EQ_1	0	0
113	0	C_EQ_1	CP_EQ_1	6.54236179261e-05	0.509380495349
113	1	C_EQ_1	CP_EQ_1	6.54236179261e-05	0.509380495349
114	0	C_EQ_1	CP_EQ_1	0.0	0.0
114	1	C_EQ_1	CP_EQ_1	0.0337922403004	0.55601228532
115	0	C_EQ_1	CP_EQ_1	0	0
115	0	C_EQ_1	CP_EQ_2	0.0	0.0
115	0	C_EQ_2	CP_EQ_1	0	0
115	0	C_EQ_2	CP_EQ_2	0.0	0.0
115	0	C_EQ_3	CP_EQ_1	0	0
115	0	C_EQ_3	CP_EQ_2	0.0	0.0
115	0	C_EQ_4	CP_EQ_1	0	0
115	0	C_EQ_4	CP_EQ_2	0.0	0.0
115	1	C_EQ_1	CP_EQ_1	0.0	0.0
115	1	C_EQ_2	CP_EQ_1	0.0	0.0
115	2	C_EQ_1	CP_EQ_1	0	0
115	2	C_EQ_1	CP_EQ_2	0.0	0.0
115	2	C_EQ_2	CP_EQ_1	0	0
115	2	C_EQ_2	CP_EQ_2	0.0	0.0
115	2	C_EQ_3	CP_EQ_1	0	0
115	2	C_EQ_3	CP_EQ_2	0.0	0.0
115	3	C_EQ_1	CP_EQ_1	0.0	0.0
116	0	C_EQ_1	CP_EQ_1	0.0	0.0
116	1	C_EQ_1	CP_EQ_1	0	0
116	1	C_EQ_2	CP_EQ_1	0	0
117	0	C_EQ_1	CP_EQ_1	0.0	0.0
117	1	C_EQ_1	CP_EQ_1	0.16393442623	0.5795268799
118	0	C_EQ_1	CP_EQ_1	0.909090909091	0.797829469818
118	0	C_EQ_1	CP_EQ_2	0.0	0.0
118	1	C_EQ_1	CP_EQ_1	0.909090909091	0.771904144388
118	1	C_EQ_1	CP_EQ_2	0.0	0.0
119	0	C_EQ_1	CP_EQ_1	0.0168287618839	0.828237906385
119	1	C_EQ_1	CP_EQ_1	0.0168287618839	0.828237906385
120	0	C_EQ_1	CP_EQ_1	0.150259067358	0.720012382427
120	1	C_EQ_1	CP_EQ_1	0.150259067358	0.720012382427
121	0	C_EQ_1	CP_EQ_1	0.623376623377	0.859809616338
121	1	C_EQ_1	CP_EQ_1	0.0	0.0
122	0	C_EQ_1	CP_EQ_1	0.0260223048327	0.594666496839
122	1	C_EQ_1	CP_EQ_1	0.0260223048327	0.559068571394
123	0	C_EQ_1	CP_EQ_1	0.0077519379845	0.637347123492
123	1	C_EQ_1	CP_EQ_1	0	0
124	0	C_EQ_1	CP_EQ_1	0.0215439856373	0.656475812766
124	1	C_EQ_1	CP_EQ_1	0.0215439856373	0.656475812766
125	0	C_EQ_1	CP_EQ_1	0.0	0.0
125	0	C_EQ_1	CP_EQ_2	0.0	0.0
125	0	C_EQ_2	CP_EQ_1	0.0	0.0
125	0	C_EQ_2	CP_EQ_2	0.0	0.0
125	2	C_EQ_1	CP_EQ_1	0.0	0.0
125	2	C_EQ_2	CP_EQ_1	0.0	0.0
125	1	C_EQ_1	CP_EQ_1	0.0	0.0
125	1	C_EQ_1	CP_EQ_2	5.11901714871e-05	0.537708126721
125	1	C_EQ_2	CP_EQ_1	0.0	0.0
125	1	C_EQ_2	CP_EQ_2	4.48108980104e-05	0.537708126721
126	0	C_EQ_1	CP_EQ_1	3.6619305698e-05	0.509380495349
126	1	C_EQ_1	CP_EQ_1	3.6619305698e-05	0.509380495349
127	0	C_EQ_1	CP_EQ_1	0.0	0.0
127	0	C_EQ_1	CP_EQ_2	0.0	0.0
127	1	C_EQ_1	CP_EQ_1	0	0
127	1	C_EQ_2	CP_EQ_1	0	0
127	2	C_EQ_1	CP_EQ_1	0	0
128	0	C_EQ_1	CP_EQ_1	0.0128205128205	0.595095850209
128	1	C_EQ_1	CP_EQ_1	0.0128205128205	0.607212776993
129	0	C_EQ_1	CP_EQ_1	0	0
129	0	C_EQ_2	CP_EQ_1	0	0
129	1	C_EQ_1	CP_EQ_1	0	0
129	1	C_EQ_2	CP_EQ_1	0	0
129	1	C_EQ_3	CP_EQ_1	0	0
130	0	C_EQ_1	CP_EQ_1	0.0	0.0
130	0	C_EQ_1	CP_EQ_2	0.0211800302572	0.671315946481
130	0	C_EQ_1	CP_EQ_3	0.0044080604534	0.637347123492
130	1	C_EQ_1	CP_EQ_1	0.0	0.0
130	1	C_EQ_1	CP_EQ_2	0.031976744186	0.564137001856
130	1	C_EQ_2	CP_EQ_1	0.0	0.0
130	1	C_EQ_2	CP_EQ_2	0.029810298103	0.564137001856
131	0	C_EQ_1	CP_EQ_1	0.0	0.0
131	0	C_EQ_1	CP_EQ_2	0	0
131	0	C_EQ_2	CP_EQ_1	0.0	0.0
131	0	C_EQ_2	CP_EQ_2	0	0
131	1	C_EQ_1	CP_EQ_1	0.0	0.0
131	1	C_EQ_1	CP_EQ_2	0.0	0.0
131	1	C_EQ_2	CP_EQ_1	0.0	0.0
131	1	C_EQ_2	CP_EQ_2	0.0	0.0
132	0	C_EQ_1	CP_EQ_1	0.0	0.0
132	0	C_EQ_1	CP_EQ_2	0.0	0.0
132	0	C_EQ_1	CP_EQ_3	0.0	0.0
132	0	C_EQ_1	CP_EQ_4	0.0	0.0
132	0	C_EQ_1	CP_EQ_5	0.0	0.0
132	0	C_EQ_1	CP_EQ_6	0.0	0.0
132	1	C_EQ_1	CP_EQ_1	0.0	0.0
132	1	C_EQ_1	CP_EQ_2	0.0	0.0
132	1	C_EQ_1	CP_EQ_3	0.0	0.0
132	1	C_EQ_1	CP_EQ_4	0.0	0.0
132	1	C_EQ_1	CP_EQ_5	0.0	0.0
132	1	C_EQ_1	CP_EQ_6	0.0	0.0
133	0	C_EQ_1	CP_EQ_1	0	0
133	0	C_EQ_2	CP_EQ_1	0	0
133	0	C_EQ_3	CP_EQ_1	0	0
133	0	C_EQ_4	CP_EQ_1	0	0
133	1	C_EQ_1	CP_EQ_1	0	0
133	1	C_EQ_2	CP_EQ_1	0	0
133	1	C_EQ_3	CP_EQ_1	0	0
133	1	C_EQ_4	CP_EQ_1	0	0
134	0	C_EQ_1	CP_EQ_1	0.0	0.0
134	1	C_EQ_1	CP_EQ_1	0.733333333333	0.780436105806
134	1	C_EQ_2	CP_EQ_1	0.733333333333	0.780436105806
134	2	C_EQ_1	CP_EQ_1	0.0	0.0
135	0	C_EQ_1	CP_EQ_1	0.39	0.808115461445
135	1	C_EQ_1	CP_EQ_1	0.39	0.808115461445
136	0	C_EQ_1	CP_EQ_1	0.145454545455	0.787805273371
136	1	C_EQ_1	CP_EQ_1	0.145454545455	0.823105573348
137	0	C_EQ_1	CP_EQ_1	0	0
137	1	C_EQ_1	CP_EQ_1	0	0
137	2	C_EQ_1	CP_EQ_1	0.00711583272782	0.538889260451
138	0	C_EQ_1	CP_EQ_1	0.55421686747	0.790492293611
138	1	C_EQ_1	CP_EQ_1	0.55421686747	0.818401453076
139	0	C_EQ_1	CP_EQ_1	0.175675675676	0.677463816625
139	0	C_EQ_2	CP_EQ_1	0.168831168831	0.677463816625
139	1	C_EQ_1	CP_EQ_1	0.175675675676	0.625032177233
139	1	C_EQ_2	CP_EQ_1	0.168831168831	0.625032177233
140	0	C_EQ_1	CP_EQ_1	0.840909090909	0.909200726536
140	1	C_EQ_1	CP_EQ_1	0.840909090909	0.909200726536
141	0	C_EQ_1	CP_EQ_1	0.0	0.0
141	1	C_EQ_1	CP_EQ_1	0	0
142	0	C_EQ_1	CP_EQ_1	0	0
142	0	C_EQ_1	CP_EQ_2	0.00547945205479	0.457537500881
142	1	C_EQ_1	CP_EQ_1	0.037037037037	0.607212776993
142	2	C_EQ_1	CP_EQ_1	0.0164609053498	0.616293643031
142	2	C_EQ_1	CP_EQ_2	0	0
143	0	C_EQ_1	CP_EQ_1	0.417613636364	0.677649703979
143	1	C_EQ_1	CP_EQ_1	0.515789473684	0.711598208575
144	0	C_EQ_1	CP_EQ_1	0.244444444444	0.756421306552
144	1	C_EQ_1	CP_EQ_1	0.244444444444	0.731333573015
145	0	C_EQ_1	CP_EQ_1	0.621951219512	0.890218052905
145	1	C_EQ_1	CP_EQ_1	0.621951219512	0.890218052905
145	2	C_EQ_1	CP_EQ_1	0.0	0.0
145	3	C_EQ_1	CP_EQ_1	0.621951219512	0.890218052905
146	0	C_EQ_1	CP_EQ_1	0.697368421053	0.960894881429
146	1	C_EQ_1	CP_EQ_1	0.697368421053	0.960894881429
147	0	C_EQ_1	CP_EQ_1	0.666666666667	0.85529386606
147	1	C_EQ_1	CP_EQ_1	0.666666666667	0.85529386606
148	0	C_EQ_1	CP_EQ_1	0.0	0.0
148	1	C_EQ_1	CP_EQ_1	0.0	0.0
148	2	C_EQ_1	CP_EQ_1	0.0	0.0
149	0	C_EQ_1	CP_EQ_1	1.0	0.847220580016
149	1	C_EQ_1	CP_EQ_1	1.0	0.847220580016
150	0	C_EQ_1	CP_EQ_1	0.0166666666667	0.546493191447
150	1	C_EQ_1	CP_EQ_1	0	0
150	2	C_EQ_1	CP_EQ_1	0	0
150	3	C_EQ_1	CP_EQ_1	0	0
151	0	C_EQ_1	CP_EQ_1	0.276595744681	0.663264854285
151	1	C_EQ_1	CP_EQ_1	0.276595744681	0.619522027176
152	0	C_EQ_1	CP_EQ_1	0.00617283950617	0.509380495349
152	1	C_EQ_1	CP_EQ_1	0.00617283950617	0.509380495349
153	0	C_EQ_1	CP_EQ_1	0.785714285714	0.828237906385
153	0	C_EQ_2	CP_EQ_1	0.785714285714	0.828237906385
153	1	C_EQ_1	CP_EQ_1	0.785714285714	0.818401453076
153	1	C_EQ_2	CP_EQ_1	0.785714285714	0.818401453076
154	0	C_EQ_1	CP_EQ_1	1.0	0.859809616338
154	1	C_EQ_1	CP_EQ_1	1.0	0.859809616338
155	0	C_EQ_1	CP_EQ_1	0	0
155	1	C_EQ_1	CP_EQ_1	0	0
155	1	C_EQ_2	CP_EQ_1	0	0
156	0	C_EQ_1	CP_EQ_1	0.20987654321	0.644945670968
156	1	C_EQ_1	CP_EQ_1	0.20987654321	0.602450987245
157	0	C_EQ_1	CP_EQ_1	1.0	0.808115461445
157	1	C_EQ_1	CP_EQ_1	1.0	0.808115461445
158	0	C_EQ_1	CP_EQ_1	0.5	0.781599379197
158	1	C_EQ_1	CP_EQ_1	0.5	0.769010342874
159	0	C_EQ_1	CP_EQ_1	0	0
159	1	C_EQ_1	CP_EQ_1	0.00665347959	0.771904144388
159	1	C_EQ_1	CP_EQ_2	0.0	0.0
159	1	C_EQ_1	CP_EQ_3	0.0	0.0
159	1	C_EQ_1	CP_EQ_4	0.0	0.0
159	1	C_EQ_1	CP_EQ_5	0.275239107333	0.898914734909
159	1	C_EQ_1	CP_EQ_6	0.0	0.0
159	1	C_EQ_1	CP_EQ_7	0.0	0.0
159	1	C_EQ_1	CP_EQ_8	0.0	0.0
160	0	C_EQ_1	CP_EQ_1	0.0077519379845	0.637347123492
160	1	C_EQ_1	CP_EQ_1	0	0
161	0	C_EQ_1	CP_EQ_1	0.0327868852459	0.537708126721
161	1	C_EQ_1	CP_EQ_1	0.0327868852459	0.537708126721
162	0	C_EQ_1	CP_EQ_1	0.933333333333	0.836934588389
162	1	C_EQ_1	CP_EQ_1	0.933333333333	0.836934588389
163	0	C_EQ_1	CP_EQ_1	0.257142857143	0.633303070345
163	1	C_EQ_1	CP_EQ_1	0.257142857143	0.675998363827
164	0	C_EQ_1	CP_EQ_1	0.988235294118	0.87603970696
164	1	C_EQ_1	CP_EQ_1	0.988235294118	0.870095607965
165	0	C_EQ_1	CP_EQ_1	0	0
165	0	C_EQ_2	CP_EQ_1	0	0
165	1	C_EQ_1	CP_EQ_1	0	0
165	1	C_EQ_2	CP_EQ_1	0	0
166	0	C_EQ_1	CP_EQ_1	0	0
166	1	C_EQ_1	CP_EQ_1	0	0
166	2	C_EQ_1	CP_EQ_1	0	0
167	0	C_EQ_1	CP_EQ_1	0.583333333333	0.810028077172
167	1	C_EQ_1	CP_EQ_1	0.583333333333	0.768077813205
168	0	C_EQ_1	CP_EQ_1	0.019512195122	0.818401453076
168	1	C_EQ_1	CP_EQ_1	0	0
169	0	C_EQ_1	CP_EQ_1	0.0	0.0
169	1	C_EQ_1	CP_EQ_1	0.0	0.0
170	0	C_EQ_1	CP_EQ_1	0.0	0.0
170	1	C_EQ_1	CP_EQ_1	0.0	0.0
170	2	C_EQ_1	CP_EQ_1	0.0	0.0
171	0	C_EQ_1	CP_EQ_1	0.521739130435	0.843579525717
171	1	C_EQ_1	CP_EQ_1	0.521739130435	0.847220580016
172	0	C_EQ_1	CP_EQ_1	0.0	0.0
172	1	C_EQ_1	CP_EQ_1	0	0
173	0	C_EQ_1	CP_EQ_1	0.413793103448	0.797829469818
173	1	C_EQ_1	CP_EQ_1	0.431034482759	0.766257759861
174	0	C_EQ_1	CP_EQ_1	0.181818181818	0.655336041461
174	0	C_EQ_1	CP_EQ_2	0.0	0.0
174	1	C_EQ_1	CP_EQ_1	0.181818181818	0.611139486386
174	1	C_EQ_1	CP_EQ_2	0.0	0.0
175	0	C_EQ_1	CP_EQ_1	0.96875	0.93801985348
175	0	C_EQ_2	CP_EQ_1	0.96875	0.93801985348
175	1	C_EQ_1	CP_EQ_1	0.96875	0.93801985348
175	1	C_EQ_2	CP_EQ_1	0.96875	0.93801985348
176	0	C_EQ_1	CP_EQ_1	0.153846153846	0.851112934334
176	1	C_EQ_1	CP_EQ_1	0.153846153846	0.851112934334
177	0	C_EQ_1	CP_EQ_1	0.0294117647059	0.595095850209
177	1	C_EQ_1	CP_EQ_1	0.0294117647059	0.607212776993
178	0	C_EQ_1	CP_EQ_1	0	0
178	0	C_EQ_2	CP_EQ_1	0	0
178	1	C_EQ_1	CP_EQ_1	0.176470588235	0.898914734909
178	1	C_EQ_1	CP_EQ_2	0.0	0.0
178	1	C_EQ_2	CP_EQ_1	0.0902255639098	0.646104599428
178	1	C_EQ_2	CP_EQ_2	0.0	0.0
178	1	C_EQ_3	CP_EQ_1	0.0014800197336	0.40437395652
178	1	C_EQ_3	CP_EQ_2	0.0	0.0
179	0	C_EQ_1	CP_EQ_1	0	0
179	1	C_EQ_1	CP_EQ_1	0.04	0.595095850209
180	0	C_EQ_1	CP_EQ_1	0.397590361446	0.818401453076
180	1	C_EQ_1	CP_EQ_1	0.397590361446	0.816188747489
180	2	C_EQ_1	CP_EQ_1	0.0	0.0
181	0	C_EQ_1	CP_EQ_1	0	0
181	0	C_EQ_2	CP_EQ_1	0	0
181	0	C_EQ_3	CP_EQ_1	0	0
181	1	C_EQ_1	CP_EQ_1	0	0
181	2	C_EQ_1	CP_EQ_1	0	0
182	0	C_EQ_1	CP_EQ_1	0.166666666667	0.687159051434
182	1	C_EQ_1	CP_EQ_1	0	0
182	2	C_EQ_1	CP_EQ_1	0.0	0.0
183	0	C_EQ_1	CP_EQ_1	0.0738255033557	0.469122306985
183	1	C_EQ_1	CP_EQ_1	0.0738255033557	0.469122306985
184	0	C_EQ_1	CP_EQ_1	0.447619047619	0.847220580016
184	1	C_EQ_1	CP_EQ_1	0.447619047619	0.828237906385
184	2	C_EQ_1	CP_EQ_1	0.447619047619	0.833884290908
184	3	C_EQ_1	CP_EQ_1	0.0	0.0
185	0	C_EQ_1	CP_EQ_1	8.49762066621e-05	0.509380495349
185	1	C_EQ_1	CP_EQ_1	8.49762066621e-05	0.509380495349
186	0	C_EQ_1	CP_EQ_1	0.0	0.0
186	0	C_EQ_2	CP_EQ_1	0.0	0.0
186	0	C_EQ_3	CP_EQ_1	0.0	0.0
186	1	C_EQ_1	CP_EQ_1	0.0	0.0
186	2	C_EQ_1	CP_EQ_1	0.916666666667	0.864718516367
186	3	C_EQ_1	CP_EQ_1	0	0
186	3	C_EQ_2	CP_EQ_1	0	0
186	3	C_EQ_3	CP_EQ_1	0	0
186	3	C_EQ_4	CP_EQ_1	0	0
187	0	C_EQ_1	CP_EQ_1	0.0	0.0
187	0	C_EQ_1	CP_EQ_2	0.0	0.0
187	0	C_EQ_2	CP_EQ_1	0.0	0.0
187	0	C_EQ_2	CP_EQ_2	0.0	0.0
187	1	C_EQ_1	CP_EQ_1	0.0	0.0
187	1	C_EQ_1	CP_EQ_2	0.234325978501	0.833884290908
187	1	C_EQ_2	CP_EQ_1	0.0	0.0
187	1	C_EQ_2	CP_EQ_2	0.234325978501	0.833884290908
188	0	C_EQ_1	CP_EQ_1	0.0114942528736	0.607212776993
188	1	C_EQ_1	CP_EQ_1	0	0
188	2	C_EQ_1	CP_EQ_1	0	0
189	0	C_EQ_1	CP_EQ_1	0.25	0.828237906385
189	0	C_EQ_1	CP_EQ_2	0.000346860908776	0.509380495349
189	1	C_EQ_1	CP_EQ_1	0	0
190	0	C_EQ_1	CP_EQ_1	0.03125	0.607212776993
190	1	C_EQ_1	CP_EQ_1	0	0
190	1	C_EQ_2	CP_EQ_1	0	0
190	2	C_EQ_1	CP_EQ_1	0.0	0.0
190	2	C_EQ_2	CP_EQ_1	0.0	0.0
191	0	C_EQ_1	CP_EQ_1	0.03125	0.607212776993
191	0	C_EQ_2	CP_EQ_1	0.03125	0.607212776993
191	1	C_EQ_1	CP_EQ_1	0.03125	0.595095850209
191	1	C_EQ_2	CP_EQ_1	0.03125	0.595095850209
192	0	C_EQ_1	CP_EQ_1	0.0	0.0
192	1	C_EQ_1	CP_EQ_1	0.0	0.0
193	0	C_EQ_1	CP_EQ_1	0.931506849315	0.830990489394
193	1	C_EQ_1	CP_EQ_1	0.931506849315	0.769010342874
194	0	C_EQ_1	CP_EQ_1	0.775	0.808115461445
194	1	C_EQ_1	CP_EQ_1	0.775	0.81405956044
195	0	C_EQ_1	CP_EQ_1	0.0	0.0
195	0	C_EQ_2	CP_EQ_1	0.0	0.0
195	1	C_EQ_1	CP_EQ_1	0.0	0.0
196	0	C_EQ_1	CP_EQ_1	0	0
196	0	C_EQ_2	CP_EQ_1	0	0
196	1	C_EQ_1	CP_EQ_1	0	0
196	2	C_EQ_1	CP_EQ_1	0	0
197	0	C_EQ_1	CP_EQ_1	0.25	0.677278539741
197	1	C_EQ_1	CP_EQ_1	0.25	0.643810071116
198	0	C_EQ_1	CP_EQ_1	0.269230769231	0.823105573348
198	1	C_EQ_1	CP_EQ_1	0.269230769231	0.752780252253
199	0	C_EQ_1	CP_EQ_1	0	0
199	1	C_EQ_1	CP_EQ_1	0	0
200	0	C_EQ_1	CP_EQ_1	0.0045871559633	0.509380495349
200	1	C_EQ_1	CP_EQ_1	0	0
201	0	C_EQ_1	CP_EQ_1	0.0	0.0
201	1	C_EQ_1	CP_EQ_1	0.0	0.0
201	2	C_EQ_1	CP_EQ_1	0.147540983607	0.595355039459
202	0	C_EQ_1	CP_EQ_1	6.15460364353e-05	0.509380495349
202	1	C_EQ_1	CP_EQ_1	6.15460364353e-05	0.509380495349
203	0	C_EQ_1	CP_EQ_1	0.0	0.0
203	1	C_EQ_1	CP_EQ_1	0.00254410890108	0.614685161521
