1	s0001f889-2729-45cc-97c1-677918fc5bf7	s99763983-e982-4248-af93-074eb69c638f			
2	s0001f889-2729-45cc-97c1-677918fc5bf7	sa2cf7655-81af-4c7e-86e4-878e3e9d2b80			
3	s0001f889-2729-45cc-97c1-677918fc5bf7	sf56d1dc1-a152-427c-8336-4dde2ce58d50		PATO:0000462 Score:[1.0]	
4	s0249fceb-503a-41ff-b9eb-4ed591b95c15	s47a31a90-71eb-4bb9-a1de-626f44e13280	UBERON:0003113 Score:[1.0]	PATO:0000462 Score:[1.0]	
5	s0249fceb-503a-41ff-b9eb-4ed591b95c15	s63d508d0-0750-4a89-be36-9d5886a5a136	UBERON:0003113 Score:[1.0]		
6	s0249fceb-503a-41ff-b9eb-4ed591b95c15	sb0ec8a6e-8ff2-4b9b-af52-291263e0c481	UBERON:0003113 Score:[1.0]		
7	s03007b69-6d1e-4534-a5be-597028292b37	s7ce5d0a8-b3e2-4a17-a3d9-4b4633347b14			
8	s03007b69-6d1e-4534-a5be-597028292b37	s9877ec21-9fbe-409c-bb95-f73bbd9d762b			
9	s05910a07-d271-4579-9492-acf763f50d9a	s71859aac-c1f7-45b7-986a-d6c0b76df64b	"UBERON:3000645 and (BFO:0000050 some UBERON:0001092) Score:[1.0]@,UBERON:0001075 and (BFO:0000050 some UBERON:0001092) Score:[1.0]"		
10	s05910a07-d271-4579-9492-acf763f50d9a	s8b0e8314-85c6-4017-a06d-1475fa7b2af2	"UBERON:3000645 and (BFO:0000050 some UBERON:0001092) Score:[1.0]@,UBERON:0001075 and (BFO:0000050 some UBERON:0001092) Score:[1.0]"	PATO:0000573 Score:[1.0]	
11	s05910a07-d271-4579-9492-acf763f50d9a	saf0b3e21-1a03-4580-b902-23155dc56d75	"UBERON:3000645 and (BFO:0000050 some UBERON:0001092) Score:[1.0]@,UBERON:0001075 and (BFO:0000050 some UBERON:0001092) Score:[1.0]"	PATO:0000117 Score:[1.0]	
12	s06062b08-073b-465e-bd9b-1a0a926f23ff	s38f777a4-3155-42f9-81db-24259f6afc19	UBERON:0010202 Score:[1.0]	PATO:0000467 Score:[1.0]	
13	s06062b08-073b-465e-bd9b-1a0a926f23ff	scdc59638-73a2-4f85-b0b6-9514bffcb5b5	UBERON:0010202 Score:[1.0]	PATO:0000462 Score:[1.0]	
14	s0628bcda-c5f7-4613-a1e3-c4e4452a441a	s57dc7afd-55a0-4fad-9178-d5fc7920a93e	UBERON:0002221 Score:[1.0]	PATO:0000462 Score:[1.0]	
15	s0628bcda-c5f7-4613-a1e3-c4e4452a441a	sf05a8dd7-3dc4-4fe9-a4af-dc7287c1b35a	UBERON:0002221 Score:[1.0]	PATO:0000467 Score:[1.0]	
16	s0b19ccc6-1944-4183-a029-f6bd8251ff9e	s84786279-c6d5-498a-a3a1-84b5ea384c44	UBERON:0001300 Score:[1.0]	PATO:0002259 Score:[1.0]	UBERON:0000989 Score:[1.0]
17	s0b19ccc6-1944-4183-a029-f6bd8251ff9e	s84786279-c6d5-498a-a3a1-84b5ea384c44		PATO:0000462 Score:[1.0]	
18	s0b9b7b55-4e41-45e9-8b21-8c30253a76d9	s762e893f-8a5b-4467-a073-6d222c30b18d	UBERON:0002530 and (BFO:0000050 some UBERON:0000180) Score:[1.0]	PATO:0000467 Score:[1.0]	
19	s0b9b7b55-4e41-45e9-8b21-8c30253a76d9	s7d12fcbf-62b6-44f9-9fe1-0010bd66a8be	UBERON:0002530 and (BFO:0000050 some UBERON:0000180) Score:[1.0]		
20	s0c866902-e2ad-4d38-b935-e8e2052d9eed	s8696d035-531b-4874-a183-8cc01a0b33ce	UBERON:0001860 Score:[1.0]	PATO:0000462 Score:[1.0]	
21	s0c866902-e2ad-4d38-b935-e8e2052d9eed	saa242546-7221-4791-b2d5-9d538ff51ae8	UBERON:0001860 Score:[1.0]	PATO:0000467 Score:[1.0]	
22	s0da924f9-2e03-4ef7-bd46-da9b8493ef7c	s8076fda1-130d-4bea-ab62-70890a4154c1	UBERON:0004743 Score:[1.0]	PATO:0000462 Score:[1.0]	
23	s0da924f9-2e03-4ef7-bd46-da9b8493ef7c	seedeab36-f91c-480c-9e26-f694602d0c05	UBERON:0004743 Score:[1.0]	PATO:0000467 Score:[1.0]	
24	s0dccdf49-4d9b-4154-a250-c69fc423ce35	s07e501ef-5bfe-4930-bbbc-2a20e691b021		PATO:0000467 Score:[1.0]	
25	s0dccdf49-4d9b-4154-a250-c69fc423ce35	s0961bf9f-fc44-458e-8509-7ff7e7fd67c3			
26	s0dccdf49-4d9b-4154-a250-c69fc423ce35	s6fac279d-345e-497c-acbb-f05799414c8f		PATO:0000467 Score:[1.0]	
27	s0dccdf49-4d9b-4154-a250-c69fc423ce35	s7bd5c855-c9de-4b00-8448-5be9db277baa		PATO:0000462 Score:[1.0]	
28	s0fe31060-e356-464c-b4a7-d954dcdf62d7	s730c84ae-3a96-442d-9404-eaad928188f2	UBERON:0002228 and (BFO:0000050 some UBERON:0001095) Score:[1.0]		
29	s0fe31060-e356-464c-b4a7-d954dcdf62d7	sd2334591-ad19-43b7-ac80-32b1f5534a8b	UBERON:0002228 and (BFO:0000050 some UBERON:0001095) Score:[1.0]		
30	s0fe31060-e356-464c-b4a7-d954dcdf62d7	se2f9f466-5af9-45ec-b07f-d3daa244fe9a	UBERON:0002228 and (BFO:0000050 some UBERON:0001095) Score:[1.0]	PATO:0000070 Score:[1.0]	
31	s11a45a5a-86f3-4eec-b8a9-adbbc057335d	s8384ea98-2ffc-4b0b-bad2-d349a156b6ad	UBERON:2000106 and (BFO:0000050 some UBERON:0000152) Score:[1.0]	PATO:0000462 Score:[1.0]	
32	s11a45a5a-86f3-4eec-b8a9-adbbc057335d	se2593266-5c31-40c2-88f5-22c27206b893	UBERON:2000106 and (BFO:0000050 some UBERON:0000152) Score:[1.0]	PATO:0000467 Score:[1.0]	
33	s11acf7b2-aae6-469e-826e-72e9b5fa1b7d	s3caa50ec-aa51-49d5-b785-0323fbeaf877	UBERON:0000060 and (BFO:0000050 some UBERON:0006332) Score:[1.0]		
34	s11acf7b2-aae6-469e-826e-72e9b5fa1b7d	sc7600ac9-4309-461d-8c55-b954a365c10b	UBERON:0000060 and (BFO:0000050 some UBERON:0006332) Score:[1.0]	PATO:0000297 Score:[1.0]	
35	s13b092ad-d4c5-4fa5-a528-e5fda5733070	s309502c4-726a-41f5-b64e-6aaccb705b8d	UBERON:0002355 Score:[1.0]	PATO:0000467 Score:[1.0]	
36	s13b092ad-d4c5-4fa5-a528-e5fda5733070	s310b79b0-135e-483b-afe8-1b7cc5d67795	UBERON:0002355 Score:[1.0]	PATO:0000462 Score:[1.0]	
37	s169a355b-7e95-4ee4-81f8-daa9a2251662	sb4290ee5-35df-4592-b40d-4e2e08159271	UBERON:0004746 Score:[1.0]		
38	s169a355b-7e95-4ee4-81f8-daa9a2251662	sdbcb14a2-fdc7-4e0f-89d3-9e8644fc6c9f	UBERON:0004746 Score:[1.0]		UBERON:0001638 Score:[1.0]
39	s177100fc-4425-4e5d-8428-8e2a38d0f3d2	s24444945-9377-418a-84a5-1df68f2481db	"UBERON:0003148 and (BFO:0000050 some UBERON:0001272) Score:[1.0]@,UBERON:0003148 and (BFO:0000050 some UBERON:2000623) Score:[1.0]"	PATO:0000467 Score:[1.0]	
40	s177100fc-4425-4e5d-8428-8e2a38d0f3d2	s9c940fbc-1bcf-464d-8670-b3539c578600	"UBERON:0003148 and (BFO:0000050 some UBERON:0001272) Score:[1.0]@,UBERON:0003148 and (BFO:0000050 some UBERON:2000623) Score:[1.0]"	PATO:0000462 Score:[1.0]	
41	s1930ed0b-f0e7-4e55-af3b-830449f9bd6d	s58b26853-a5fc-42fd-a55d-49dd151764ac		PATO:0000467 Score:[1.0]	
42	s1930ed0b-f0e7-4e55-af3b-830449f9bd6d	s65364903-5157-4f9d-8b75-becd31438410		PATO:0000462 Score:[1.0]	
43	s1cfb84c4-b5a3-408c-964e-78c3f02f9359	s420c8693-cbb5-409d-9ac8-7ab5751b2fc8	UBERON:0006428 Score:[1.0]		UBERON:0004746 Score:[1.0]
44	s1cfb84c4-b5a3-408c-964e-78c3f02f9359	sf7800776-5f4e-4536-94c9-8809992795e2	UBERON:0006428 Score:[1.0]		
45	s1e659a80-0e70-4a22-94a1-53f3672868e2	s2cfb8882-7289-40fd-b8ee-72376b4a54bb		PATO:0000462 Score:[1.0]	
46	s1e659a80-0e70-4a22-94a1-53f3672868e2	s2cfb8882-7289-40fd-b8ee-72376b4a54bb			
47	s1e659a80-0e70-4a22-94a1-53f3672868e2	s69d469cb-64a0-4f1d-9785-c55f20383bb0	UBERON:0003672 Score:[1.0]		
48	s1e659a80-0e70-4a22-94a1-53f3672868e2	s69d469cb-64a0-4f1d-9785-c55f20383bb0		PATO:0000586 Score:[1.0]	
49	s1e659a80-0e70-4a22-94a1-53f3672868e2	s69d469cb-64a0-4f1d-9785-c55f20383bb0			
50	s1e659a80-0e70-4a22-94a1-53f3672868e2	sf653029d-7b08-4aa9-86c2-338f36d25339			
51	s1e7f6690-50a7-4167-9819-11587c69bbca	s1bd8a3a4-7d0b-462a-95e3-f11a1c6c5988		PATO:0000467 Score:[1.0]	
52	s1e7f6690-50a7-4167-9819-11587c69bbca	s87863634-285b-4bc0-9b78-78ee1f6d9c2f		PATO:0000462 Score:[1.0]	
53	s2039da66-1e52-4a90-88b9-313dae836223	s20e2ed64-cf39-4b35-b8e9-14d97a1d77a2	UBERON:0001695 Score:[1.0]	PATO:0000467 Score:[1.0]	
54	s2039da66-1e52-4a90-88b9-313dae836223	s541a1473-d2a8-4ac6-bc0b-2ffffb49bc32	UBERON:0001695 Score:[1.0]	PATO:0000462 Score:[1.0]	
55	s21d2d16b-f8d0-4949-a854-efce646399db	s88c80e57-b743-4c2c-bca9-d74d6ea234f4	UBERON:0010910 Score:[1.0]		
56	s22293531-ea7f-4f30-a47d-9b4837fcbc9e	s24cbdeee-8759-4928-b4bc-0f845518bbcb	UBERON:0001449 Score:[1.0]	PATO:0000462 Score:[1.0]	
57	s22293531-ea7f-4f30-a47d-9b4837fcbc9e	s8eab1554-a16c-4ba8-bf89-f759a41423ab	UBERON:0001449 Score:[1.0]	PATO:0000467 Score:[1.0]	
58	s23b24fa4-0a93-4d17-a340-07233cbbab10	s46409e17-e98a-45e3-a3f1-b1823d6ace05	UBERON:0001091 Score:[1.0]	PATO:0000462 Score:[1.0]	
59	s23b24fa4-0a93-4d17-a340-07233cbbab10	sd24009cd-a10a-4932-b13f-f73595649a0a	UBERON:0001091 Score:[1.0]	PATO:0000070 Score:[1.0]	
60	s281c1338-33f9-4525-8e8f-56290bd01226	s3cf33fa3-b7fd-412d-bc6b-45b8eafbb896	UBERON:0001430 Score:[1.0]	PATO:0000467 Score:[1.0]	
61	s281c1338-33f9-4525-8e8f-56290bd01226	sa39a0fce-41b6-4e70-8f4c-af36ccd01408	UBERON:0001430 Score:[1.0]		
62	s293ebc2b-6e98-4e69-8adf-5e1fb29c955a	s00f8ec0f-c51f-4c95-b481-1dc4251df1fc	UBERON:0003221 Score:[1.0]		UBERON:0003634 Score:[1.0]
63	s293ebc2b-6e98-4e69-8adf-5e1fb29c955a	s00f8ec0f-c51f-4c95-b481-1dc4251df1fc	UBERON:0003221 Score:[1.0]		UBERON:0003221 Score:[1.0]
64	s293ebc2b-6e98-4e69-8adf-5e1fb29c955a	sdf0bf080-a458-4b40-81e5-6f9c9c468e4c	UBERON:0003221 Score:[1.0]		UBERON:0003634 Score:[1.0]
65	s293ebc2b-6e98-4e69-8adf-5e1fb29c955a	sdf0bf080-a458-4b40-81e5-6f9c9c468e4c	UBERON:0003221 Score:[1.0]	PATO:0000117 Score:[1.0]	UBERON:0003221 Score:[1.0]
66	s29eae518-e932-4373-83df-bf3e618b28e6	s0490ded7-d541-443c-bc02-d7a3985dd0b1		PATO:0000467 Score:[1.0]	
67	s29eae518-e932-4373-83df-bf3e618b28e6	s33479c73-0f31-4899-91a1-8ddfd10d7569		PATO:0000462 Score:[1.0]	
68	s2a02a765-78c3-4a4d-ad41-3ca66b0be0e0	s84517595-63c5-46c6-bd90-708e4d13a9e2		PATO:0000462 Score:[1.0]	UBERON:2001054 Score:[1.0]
69	s2a02a765-78c3-4a4d-ad41-3ca66b0be0e0	se0ddbd2d-54ad-42ac-bfc6-e0c33671c72c		PATO:0000467 Score:[1.0]	UBERON:2001054 Score:[1.0]
70	s2a2f130d-3c8d-4863-a1d0-b08d4283d51c	s972a4cc6-c312-453f-b88a-8b0087190ff8	UBERON:0001077 Score:[1.0]	PATO:0000467 Score:[1.0]	
71	s2a2f130d-3c8d-4863-a1d0-b08d4283d51c	sfe6e1f1b-2b6b-4a7f-bc23-e72a52c48e60	UBERON:0001077 Score:[1.0]	PATO:0000462 Score:[1.0]	
72	s2a2f90f6-55a4-4b6c-b013-7e7fae8352b6	s1b96d141-a27d-4ed3-91d7-62b8940a6dde	UBERON:0001682 Score:[1.0]		
73	s2a2f90f6-55a4-4b6c-b013-7e7fae8352b6	sfb1a6f65-5000-4ff5-8d45-acb7e9490b27	UBERON:0001682 Score:[1.0]		
74	s2c308be7-8aeb-4dae-8a54-079818c003c3	s3a541f9b-5258-489b-863e-06498b855600			
75	s2c308be7-8aeb-4dae-8a54-079818c003c3	saa24c64f-77da-446e-a0a0-b299c1bc5187			
76	s2c308be7-8aeb-4dae-8a54-079818c003c3	sf4a3a5c7-2606-4e9c-ae8f-c5c8eeff8da8		PATO:0000462 Score:[1.0]	
77	s3176f4d2-f0e6-4d76-923f-baf821f7c3fa	s98729365-a098-4d7c-bfda-383c1604e4b2	UBERON:0002228 Score:[1.0]		
78	s3176f4d2-f0e6-4d76-923f-baf821f7c3fa	sfddb7d6b-e51e-40f6-960e-82a70f904df8	UBERON:0002231 and (BFO:0000050 some UBERON:0002228) Score:[1.0]	PATO:0002272 Score:[1.0]	"UBERON:3000645 Score:[1.0]@,UBERON:0001075 Score:[1.0]"
79	s35ab4ba4-b592-40db-b0ac-859199feae3e	s3796807d-bc65-470f-a5cd-cbd7de1e6358	UBERON:2000106 and (BFO:0000050 some UBERON:0004103 and (BFO:0000050 some UBERON:0002244)) Score:[1.0]	PATO:0000462 Score:[1.0]	
80	s35ab4ba4-b592-40db-b0ac-859199feae3e	s85467cbc-d297-456c-9d16-1e3e0e53a666	UBERON:2000106 and (BFO:0000050 some UBERON:0004103 and (BFO:0000050 some UBERON:0002244)) Score:[1.0]	PATO:0000467 Score:[1.0]	
81	s36be9e7f-8e21-4cda-b42d-600a94c1caf4	s7222a460-d25a-4726-b74b-43d85dc697de	UBERON:0008194 Score:[1.0]	PATO:0001448 Score:[1.0]	
82	s36be9e7f-8e21-4cda-b42d-600a94c1caf4	sf73513dd-3d5d-435c-9f5c-6287a7e1184a	UBERON:0008194 Score:[1.0]		
83	s3728cf1e-031d-4c48-afb9-4a29385fe97f	s036ea894-3faf-4da7-9329-cb77b657733b	UBERON:0000062 Score:[1.0]	PATO:0000070 Score:[1.0]	
84	s3728cf1e-031d-4c48-afb9-4a29385fe97f	s3e24b40a-5579-462a-97c5-294b0d313711	UBERON:0002398 Score:[1.0]		
85	s372cc2a9-ac08-4d3d-a50a-18125463c9ab	s26c8f684-f9fe-4f31-a9f1-d308c1417c68	UBERON:0001269 Score:[1.0]		
86	s372cc2a9-ac08-4d3d-a50a-18125463c9ab	s408973bf-ad3c-4961-bd88-5f7ba6d43d7e		PATO:0000587 Score:[1.0]	
87	s39d0b723-98c6-4c6b-ad7f-e77fdb27f4e9	s6be4a3b2-4057-4072-b0f0-23cc42a9ec0d			
88	s39d0b723-98c6-4c6b-ad7f-e77fdb27f4e9	s6be4a3b2-4057-4072-b0f0-23cc42a9ec0d		PATO:0001193 Score:[1.0]	
89	s39e55f61-6afd-4479-9e02-da69d79d56c7	s5757a8d9-c8e1-4c01-82f2-099c019cc7bd		PATO:0000467 Score:[1.0]	
90	s39e55f61-6afd-4479-9e02-da69d79d56c7	seebdb33d-a87f-439e-b687-0fe48c32bbd8		PATO:0000462 Score:[1.0]	
91	s3c322115-e515-4d53-8f49-ab4f3799b43d	s7a229f3a-e747-41ea-a478-7cacaa186f7c			
92	s3c322115-e515-4d53-8f49-ab4f3799b43d	s85f3aadb-ed8c-4d24-a5c0-9b957d9a453f	UBERON:0001092 Score:[1.0]	PATO:0000610 Score:[1.0]	UBERON:0004704 Score:[1.0]
93	s3cd0b00b-95ce-4915-9085-65778e9c48ce	s616e363a-2e5a-4c18-97cb-620d979a5133	UBERON:0002244 Score:[1.0]		
94	s3cd0b00b-95ce-4915-9085-65778e9c48ce	sde757b46-5232-44bb-9a8f-b8792973b2cb	UBERON:0002244 Score:[1.0]	PATO:0000462 Score:[1.0]	
95	s3cd0b00b-95ce-4915-9085-65778e9c48ce	sf878e2ff-5743-418c-8de3-0dd9ca7fa8c1	UBERON:0002244 Score:[1.0]		
96	s3cdfaac5-e21b-4391-96b5-5131cac62082	s52d4bcd0-32d8-4f01-8347-f5b36b309e44	"UBERON:0004747 Score:[1.0]@,UBERON:2001997 Score:[1.0]"	PATO:0000070 Score:[1.0]	
97	s3cdfaac5-e21b-4391-96b5-5131cac62082	s52d4bcd0-32d8-4f01-8347-f5b36b309e44	"UBERON:0004747 Score:[1.0]@,UBERON:2001997 Score:[1.0]"		BSPO:0000071 and (BFO:0000050 some BSPO:0000072) Score:[1.0]
98	s3cdfaac5-e21b-4391-96b5-5131cac62082	s52d4bcd0-32d8-4f01-8347-f5b36b309e44	BSPO:0000379 and (BFO:0000050 some UBERON:0003113) Score:[1.0]	PATO:0001369 Score:[1.0]	
99	s3cdfaac5-e21b-4391-96b5-5131cac62082	s52d4bcd0-32d8-4f01-8347-f5b36b309e44	BSPO:0000379 and (BFO:0000050 some UBERON:0003113) Score:[1.0]	PATO:0001875 Score:[1.0]	
100	s3cdfaac5-e21b-4391-96b5-5131cac62082	s6b4e0ad1-c1d4-47a4-b8f9-ce286be2b57a	"UBERON:0004747 Score:[1.0]@,UBERON:2001997 Score:[1.0]"	PATO:0000070 Score:[1.0]	
101	s3f9793b6-5031-490b-ab8d-f2f4889ea028	sbd6d8890-61f2-447d-a7ef-8163185e89d0		PATO:0000117 Score:[1.0]	
102	s3f9793b6-5031-490b-ab8d-f2f4889ea028	sbd6d8890-61f2-447d-a7ef-8163185e89d0			
103	s3f9793b6-5031-490b-ab8d-f2f4889ea028	sdbb7f3e1-3ceb-4e0e-9db9-18afff312e47		PATO:0000462 Score:[1.0]	
104	s3f9793b6-5031-490b-ab8d-f2f4889ea028	sf3cb866f-d5af-418e-ae17-d1529b5ae4cc			
105	s3f9793b6-5031-490b-ab8d-f2f4889ea028	sf3cb866f-d5af-418e-ae17-d1529b5ae4cc		PATO:0000070 Score:[1.0]	UBERON:0003129 Score:[1.0]
106	s40ca3796-0f30-4e26-8e71-d86c591ac7fb	s0256558b-f38f-443f-b884-6df5dcca7647	UBERON:0001649 Score:[1.0]	PATO:0000462 Score:[1.0]	
107	s40ca3796-0f30-4e26-8e71-d86c591ac7fb	s1e50090e-58ce-4df3-a419-c806a9bbf229	UBERON:0001649 Score:[1.0]	PATO:0000467 Score:[1.0]	
108	s40d92eb0-5e8f-4745-9625-52f4a653f942	s35ff71cd-0a10-484d-9876-abf0b4484239	UBERON:0002244 Score:[1.0]		
109	s40d92eb0-5e8f-4745-9625-52f4a653f942	s863c2d29-45f5-42f2-8af1-35626991df51	UBERON:0002244 Score:[1.0]	PATO:0000467 Score:[1.0]	
110	s42067d0f-6c86-47c4-b62f-5e167c0b21cd	s60c9edab-f432-4802-b3e4-666f614d7c8e		PATO:0000462 Score:[1.0]	
111	s42067d0f-6c86-47c4-b62f-5e167c0b21cd	s847a24bb-894c-4203-9d56-5288014edfe3		PATO:0000467 Score:[1.0]	
112	s43c69b25-5b1f-4761-a06a-54fb5e9a6151	s65724f55-f587-45f2-a7b7-8505b05a6ac2	UBERON:4300006 and (BFO:0000050 some BSPO:0000001 and (BFO:0000050 some UBERON:0010202)) Score:[1.0]	PATO:0000070 Score:[1.0]	
113	s43c69b25-5b1f-4761-a06a-54fb5e9a6151	sba93af75-d03a-4629-bb26-13701281be1a	UBERON:4300006 and (BFO:0000050 some BSPO:0000001 and (BFO:0000050 some UBERON:0010202)) Score:[1.0]	PATO:0000070 Score:[1.0]	
114	s43d03d8a-ef3c-4716-ac26-0ea5f49e209d	sb5ef7c56-a3c6-400d-9ca9-1b7e84a3bfa2	UBERON:0002542 and (BFO:0000050 some UBERON:0001567) Score:[1.0]		
115	s443fa761-f203-48e4-b222-178934cac44b	scb7c78b1-cdad-49e1-b38c-852354ad549d	UBERON:0006844 and (BFO:0000050 some UBERON:2002015) Score:[1.0]		
116	s443fa761-f203-48e4-b222-178934cac44b	sdc730af9-469b-4693-8f13-ed94e474a235	UBERON:0006844 and (BFO:0000050 some UBERON:2002015) Score:[1.0]		
117	s47171fb3-0aa0-43a2-8288-c068b74e280f	s1f4ac3a6-3b31-407f-a202-8b4bf4955b7b	UBERON:0001694 Score:[1.0]	PATO:0000467 Score:[1.0]	
118	s47171fb3-0aa0-43a2-8288-c068b74e280f	s6d21f7d6-8110-4a15-8306-0ff373059e58	UBERON:0001694 Score:[1.0]	PATO:0000462 Score:[1.0]	
119	s471d3e66-fdb9-410a-be74-138ec4ddc559	s645003d4-3c04-485c-8583-bdeab32864b6	UBERON:0001681 Score:[1.0]		
120	s47f7a5da-aa56-47cc-aa92-e148534cc24c	s13934b6d-7743-4a9b-8613-4ad2b2005dd3	UBERON:0002244 Score:[1.0]	PATO:0000467 Score:[1.0]	
121	s47f7a5da-aa56-47cc-aa92-e148534cc24c	s99570128-9ca2-4fef-9774-1b3f0cd9e074	UBERON:0002244 Score:[1.0]	PATO:0000070 Score:[1.0]	
122	s4a469f4b-0797-4def-bff5-03e80b4d8b67	s3515aff7-826b-457f-bf1d-125a30745f54		PATO:0001633 Score:[1.0]	"UBERON:0006054 Score:[1.0]@,UBERON:0003155 Score:[1.0]"
123	s4a469f4b-0797-4def-bff5-03e80b4d8b67	s67d7f380-48ec-4f6f-9fba-63e0c4574ea4			
124	s4a469f4b-0797-4def-bff5-03e80b4d8b67	sf75134e2-7f9f-4475-aad8-27cfa446c2b2		PATO:0001632 Score:[1.0]	"UBERON:0006054 Score:[1.0]@,UBERON:0003155 Score:[1.0]"
125	s4ce22dbd-a2eb-47f7-a885-fc65505e4e84	s70ee7d61-bf7e-489e-98a6-defa1829dc3a	UBERON:3000543 Score:[1.0]		
126	s4ce22dbd-a2eb-47f7-a885-fc65505e4e84	se42473a5-ed9c-47e7-8551-d36e6156e4f0	UBERON:3000543 Score:[1.0]		
127	s4e0d8e35-4191-4756-9d99-0def378b74ff	s274c5ff2-e327-4f7f-b0d9-252602c9188e	UBERON:0002228 Score:[1.0]		
128	s4e0d8e35-4191-4756-9d99-0def378b74ff	sa70119d0-d4b8-43d9-bd33-9a2160b3f702	UBERON:0002228 Score:[1.0]		
129	s4e19512a-a9cf-4c11-b343-89f4a413791c	s79d8c0fc-4014-4996-9714-0f447e3f58f6	UBERON:0001091 Score:[1.0]		UBERON:0001091 Score:[1.0]
130	s4e19512a-a9cf-4c11-b343-89f4a413791c	s9d340c1e-e953-4707-ab2d-de4dc2addf5d			UBERON:0001091 Score:[1.0]
131	s4e19512a-a9cf-4c11-b343-89f4a413791c	s9d340c1e-e953-4707-ab2d-de4dc2addf5d		PATO:0000070 Score:[1.0]	
132	s4e19512a-a9cf-4c11-b343-89f4a413791c	sf09a2485-e83c-414a-95ad-971c8090cf91			UBERON:0001091 Score:[1.0]
133	s4e19512a-a9cf-4c11-b343-89f4a413791c	sf09a2485-e83c-414a-95ad-971c8090cf91			UBERON:0001091 Score:[1.0]
134	s4e7f5ce1-d5fe-430f-8c8f-90b6c6f1b85f	s989943cc-92db-4908-abfc-ab8658ed98c5	UBERON:0010516 Score:[1.0]	PATO:0000467 Score:[1.0]	
135	s4e7f5ce1-d5fe-430f-8c8f-90b6c6f1b85f	se18c9423-cb13-4372-902f-385591ab2bb9	UBERON:0010516 Score:[1.0]	PATO:0000462 Score:[1.0]	
136	s50db748c-6a5b-40f7-9d88-2831efee1f9a	s02d45ca2-c9b5-4f8d-9f46-9fa5c414f91b	UBERON:0013190 Score:[1.0]	PATO:0000462 Score:[1.0]	
137	s50db748c-6a5b-40f7-9d88-2831efee1f9a	s871d615e-fe0f-46f7-afe3-fa633bf4b9ae	UBERON:0013190 Score:[1.0]	PATO:0000467 Score:[1.0]	
138	s50dbb7f7-2144-4a40-a953-25baf76cc889	s7a687b83-a615-43eb-85bf-83a23720c1be		PATO:0000467 Score:[1.0]	
139	s50dbb7f7-2144-4a40-a953-25baf76cc889	sc2c12a10-6ffe-40b1-9df7-c9895b0ec387		PATO:0000462 Score:[1.0]	
140	s51a1cfac-16b3-4d4c-a2a0-0453d6e24048	s495540f3-0edd-46ac-8b4b-2518a139d646	"BSPO:0000018 and (BFO:0000050 some UBERON:0011593) Score:[1.0]@,BSPO:0000400 and (BFO:0000050 some UBERON:0011593) Score:[1.0]"		
141	s51a1cfac-16b3-4d4c-a2a0-0453d6e24048	sa4fcbd80-9828-4ae3-bb2f-5f9501111e43	"BSPO:0000018 and (BFO:0000050 some UBERON:0011593) Score:[1.0]@,BSPO:0000400 and (BFO:0000050 some UBERON:0011593) Score:[1.0]"		
142	s51a1cfac-16b3-4d4c-a2a0-0453d6e24048	sccbe2356-15e3-4310-84fc-5c0821ffe4a4	"BSPO:0000018 and (BFO:0000050 some UBERON:0011593) Score:[1.0]@,BSPO:0000400 and (BFO:0000050 some UBERON:0011593) Score:[1.0]"		
143	s51f5881a-9b29-4f97-a49b-3b7c1a268875	s73e14b1f-82d5-45bd-9ee5-c53d34abe1f9	UBERON:3000365 Score:[1.0]	PATO:0000467 Score:[1.0]	
144	s51f5881a-9b29-4f97-a49b-3b7c1a268875	sb0c73de5-84c0-4b59-b243-b0fd782e27dd	UBERON:3000365 Score:[1.0]	PATO:0000462 Score:[1.0]	
145	s53425274-ff43-4920-9046-746fba77331c	s1c6db800-89ca-4cd0-87db-7fc7727f3055	UBERON:0010362 and (BFO:0000050 some UBERON:0000151) Score:[1.0]	PATO:0000467 Score:[1.0]	
146	s53425274-ff43-4920-9046-746fba77331c	scf0878b7-cb58-40be-8587-edbc15c979e2	UBERON:0010362 and (BFO:0000050 some UBERON:0000151) Score:[1.0]	PATO:0000462 Score:[1.0]	
147	s53e8346d-4604-45f0-a55a-13ffbeab7781	s59b53f93-1d28-420f-b6da-24ff2534f571	BSPO:0000075 Score:[1.0]	PATO:0000467 Score:[1.0]	
148	s53e8346d-4604-45f0-a55a-13ffbeab7781	s8ba9c39a-52b6-45d1-b528-0d84073b5cec	BSPO:0000075 Score:[1.0]	PATO:0000462 Score:[1.0]	
149	s547ee8ed-d8ad-4373-9095-ad310723bcea	s00f74c65-9407-44a8-8d65-855d019b5d63	UBERON:0004742 Score:[1.0]	PATO:0001857 Score:[1.0]	
150	s547ee8ed-d8ad-4373-9095-ad310723bcea	s09de7688-927e-4d5f-b12f-6ef946e485a8	UBERON:0004742 Score:[1.0]	PATO:0002180 Score:[1.0]	
151	s547ee8ed-d8ad-4373-9095-ad310723bcea	s65cb42b8-408c-4869-916f-80d093a3e0a3	UBERON:0004742 Score:[1.0]	PATO:0001355 Score:[1.0]	
152	s547ee8ed-d8ad-4373-9095-ad310723bcea	sb72c3da9-8b3b-4a00-9a71-0024c3de8344	UBERON:0004742 Score:[1.0]		
153	s56969e2e-08c6-44a7-b671-f6cfb5860401	s068d760e-a890-4e94-8c36-a9ab187e8127	UBERON:2000356 and (BFO:0000050 some UBERON:2000488 and (BFO:0000050 some UBERON:0003114)) Score:[1.0]	PATO:0000467 Score:[1.0]	
154	s56969e2e-08c6-44a7-b671-f6cfb5860401	s44d80a87-f31c-4994-a4e2-18caceaeccaa	UBERON:2000356 and (BFO:0000050 some UBERON:2000488 and (BFO:0000050 some UBERON:0003114)) Score:[1.0]	PATO:0000462 Score:[1.0]	
155	s5789c1ca-5f0d-4464-95fe-4f06c42ad4a7	s1973db94-bff6-4d04-bc44-beb804491c07	NCBITaxon:1 Score:[1.0]	PATO:0000070 Score:[1.0]	
156	s5789c1ca-5f0d-4464-95fe-4f06c42ad4a7	s85fde4a5-4351-4d94-be7b-545f9cbed059	NCBITaxon:1 Score:[1.0]	PATO:0000070 Score:[1.0]	
157	s5789c1ca-5f0d-4464-95fe-4f06c42ad4a7	s989db4dc-cbee-4316-93cb-db68c95fd2d2	NCBITaxon:1 Score:[1.0]		
158	s57e42614-b36f-4c73-8254-d1c2245a7077	s84b1b9e7-258d-432b-98a8-9daf1eb81c3b	UBERON:3001003 Score:[1.0]	PATO:0000462 Score:[1.0]	
159	s57e42614-b36f-4c73-8254-d1c2245a7077	sbc5ce8f1-ac67-4605-b8ff-9cf0a7d38e40	UBERON:3001003 Score:[1.0]	PATO:0000467 Score:[1.0]	
160	s58c79978-70cf-404e-89a3-abc92f498824	s5b6201ef-1511-4b07-9ac2-41c956387031	UBERON:3000543 Score:[1.0]		
161	s58c79978-70cf-404e-89a3-abc92f498824	sd3c8d1be-cbee-4c9d-bfdc-8c611dbb17df	UBERON:3000543 Score:[1.0]		
162	s5a167d74-8e5b-4b89-aff7-ab111ddb12ce	s3f2b937f-88fe-46de-9924-20fc149d27aa		PATO:0000070 Score:[1.0]	
163	s5a167d74-8e5b-4b89-aff7-ab111ddb12ce	se17ab434-4562-42bf-a4d7-5b29425fe0f0		PATO:0000070 Score:[1.0]	
164	s5bbb0400-bceb-4f73-900f-057e08e020e3	s27a81568-47ba-4ba9-ae16-37ddb80f0eab			
165	s5c126607-e36f-47da-ab33-f540888fc9f9	sd579ff1b-ee2d-4d53-930a-84a65b36f4f7			
166	s5c126607-e36f-47da-ab33-f540888fc9f9	sf3bd44b1-6973-4677-a573-9f18cb144b03			
167	s5d0aff6f-e272-4bc1-b016-6a4d645e1f1f	s3f6feb8c-412d-4051-bd17-3df4f96cf664	UBERON:0009979 and (BFO:0000050 some UBERON:0006597) Score:[1.0]	PATO:0000467 Score:[1.0]	
168	s5d0aff6f-e272-4bc1-b016-6a4d645e1f1f	sbdcf4df1-b152-4bc5-88c5-1ecd9388a4d7	UBERON:0009979 and (BFO:0000050 some UBERON:0006597) Score:[1.0]	PATO:0000462 Score:[1.0]	
169	s5f58c979-7dc2-4563-8c85-46ad20a06fa2	s716d188d-3ef6-418b-b539-52000425a27a	UBERON:0000088 Score:[1.0]	PATO:0000462 Score:[1.0]	
170	s5f58c979-7dc2-4563-8c85-46ad20a06fa2	s9df5aba8-6d8e-413d-a3df-8b2f05297b67	UBERON:0000088 Score:[1.0]	PATO:0000467 Score:[1.0]	
171	s603370dc-368e-4f86-b110-d696a0c06cdb	s0a16ca5f-0a47-4bab-88e2-67088f2dabe5	UBERON:0006849 Score:[1.0]		UBERON:0004743 Score:[1.0]
172	s603370dc-368e-4f86-b110-d696a0c06cdb	s15826913-49ac-4415-9d58-3f2bae8f456e	UBERON:0006849 Score:[1.0]	PATO:0000587 Score:[1.0]	UBERON:0004743 Score:[1.0]
173	s603370dc-368e-4f86-b110-d696a0c06cdb	s316ebad5-6996-4576-b54a-a1a4d1b43283	UBERON:0006849 Score:[1.0]	PATO:0000117 Score:[1.0]	UBERON:0004743 Score:[1.0]
174	s60d9219e-7210-4884-ada1-63e680efe6c0	s161c9123-d4b6-4ce3-95ed-72855dc97f50	UBERON:0010888 Score:[1.0]	PATO:0000467 Score:[1.0]	
175	s60d9219e-7210-4884-ada1-63e680efe6c0	s384a1b55-c59e-45b6-8b8f-aff6be5c983d	UBERON:0010888 Score:[1.0]	PATO:0000462 Score:[1.0]	
176	s63467356-34be-4b61-80ae-b251d251cedd	s0d88b538-fb2a-4e00-b8b8-1fc7426c18ed		PATO:0002403 Score:[1.0]	
177	s6491a998-4396-4373-ae4b-36de17431f65	s05f6b47e-ce9b-4ba2-aa18-0c593f804c2f	UBERON:3010752 and (BFO:0000050 some UBERON:0002415 and (BFO:0000050 some UBERON:0000309)) Score:[1.0]	PATO:0000467 Score:[1.0]	
178	s6491a998-4396-4373-ae4b-36de17431f65	s264cd632-b2ac-4a88-b51f-4bb21caf5fd1	UBERON:3010752 and (BFO:0000050 some UBERON:0002415 and (BFO:0000050 some UBERON:0000309)) Score:[1.0]	PATO:0000462 Score:[1.0]	
179	s64ccf7c0-7036-4b45-bee4-a1047fdf795d	s54658ac1-df33-4176-8fb9-41b86810ed65			
180	s64ccf7c0-7036-4b45-bee4-a1047fdf795d	s54658ac1-df33-4176-8fb9-41b86810ed65		PATO:0000070 Score:[1.0]	
181	s64ccf7c0-7036-4b45-bee4-a1047fdf795d	s54658ac1-df33-4176-8fb9-41b86810ed65	UBERON:0004529 Score:[1.0]	PATO:0000070 Score:[1.0]	
182	s64ccf7c0-7036-4b45-bee4-a1047fdf795d	s5b530296-018b-428f-ac4b-1427a64b231d	BSPO:0000084 Score:[1.0]	PATO:0000462 Score:[1.0]	
183	s64ccf7c0-7036-4b45-bee4-a1047fdf795d	s5b530296-018b-428f-ac4b-1427a64b231d	BSPO:0000084 Score:[1.0]	PATO:0000467 Score:[1.0]	
184	s64ccf7c0-7036-4b45-bee4-a1047fdf795d	s5b530296-018b-428f-ac4b-1427a64b231d	BSPO:0000084 Score:[1.0]	PATO:0002235 Score:[1.0]	
185	s6584d332-1fe4-421d-868b-8f96f29e5c05	s32273953-1fa6-488f-81df-66bf5db67e71		PATO:0000467 Score:[1.0]	
186	s6584d332-1fe4-421d-868b-8f96f29e5c05	sd7f6783b-a075-4483-acda-9190bcd4388f			
187	s6781f33d-92ad-46c5-b303-be63e7883418	s2cc383ff-856a-4332-94bc-26fc2f05dfdf	"UBERON:0002418 Score:[1.0]@,UBERON:0007844 Score:[1.0]"	PATO:0000467 Score:[1.0]	
188	s6781f33d-92ad-46c5-b303-be63e7883418	sb1341574-25de-41e2-bf48-a5384094f058	"UBERON:0002418 Score:[1.0]@,UBERON:0007844 Score:[1.0]"	PATO:0000462 Score:[1.0]	
189	s681fb238-9dcc-424a-addc-e67961cd7250	s6be6b3f8-7573-4351-936f-5d2adc1d028c	UBERON:3010219 Score:[1.0]	PATO:0000467 Score:[1.0]	
190	s681fb238-9dcc-424a-addc-e67961cd7250	sa247c423-ffdd-48de-af91-e1df2cdada19	UBERON:3010219 Score:[1.0]	PATO:0000462 Score:[1.0]	
191	s684ba4ad-9642-4f39-b479-120ee2232b35	s280a857b-769d-44c0-a6a9-ca83b587f0e1		PATO:0000462 Score:[1.0]	
192	s684ba4ad-9642-4f39-b479-120ee2232b35	sccbc3080-f228-43fe-ba0a-53cc1160c47c		PATO:0000467 Score:[1.0]	
193	s68bfbcea-ff4e-4e9e-892d-d359d92189df	s2a5eca76-7bdb-4ad5-95f7-e033e0eb5f5b	UBERON:0002355 Score:[1.0]	PATO:0000608 Score:[1.0]	
194	s68bfbcea-ff4e-4e9e-892d-d359d92189df	s3c00eb3b-761f-4140-98df-021dd089b08f	UBERON:0002355 Score:[1.0]	PATO:0000610 Score:[1.0]	
195	s693117f9-0c9f-4887-8a5b-f9d06c6523ae	s4f8ebf51-b6ad-4521-907c-b8fb88e1ab96	UBERON:3000190 Score:[1.0]		
196	s693117f9-0c9f-4887-8a5b-f9d06c6523ae	s80e5e079-f091-401c-96a4-ee4fc5d72580	UBERON:3000190 Score:[1.0]	PATO:0000462 Score:[1.0]	
197	s6e7a45f3-fc5f-4628-bee8-354c85cee484	s5c836637-594c-4da1-954c-7d04b4fec15e	UBERON:0004612 Score:[1.0]	PATO:0000462 Score:[1.0]	
198	s6e7a45f3-fc5f-4628-bee8-354c85cee484	se96443ab-e9b9-436f-a6de-2dfb1a0a60b5	UBERON:0004612 Score:[1.0]	PATO:0000467 Score:[1.0]	
199	s6efb06df-fa66-4c41-bcca-ca243b59c8ea	s84bdf409-e248-4c80-8549-9379db108f2a		PATO:0000642 Score:[1.0]	
200	s6efb06df-fa66-4c41-bcca-ca243b59c8ea	sbbaf8aa4-ce88-4e90-af60-708ee7c37f94	UBERON:0000062 Score:[1.0]		
201	s6f162060-6eab-470a-b0aa-33160f5ebbb6	s8ddf3617-8234-4d72-a6c0-28af0eb9f5ca	UBERON:0008915 Score:[1.0]		UBERON:0008915 Score:[1.0]
202	s6f162060-6eab-470a-b0aa-33160f5ebbb6	s8ddf3617-8234-4d72-a6c0-28af0eb9f5ca	UBERON:0008915 Score:[1.0]	PATO:0001633 Score:[1.0]	UBERON:2001967 Score:[1.0]
203	s6f162060-6eab-470a-b0aa-33160f5ebbb6	s8ddf3617-8234-4d72-a6c0-28af0eb9f5ca	UBERON:0008915 Score:[1.0]	PATO:0000689 Score:[1.0]	UBERON:2001967 Score:[1.0]
204	s6f162060-6eab-470a-b0aa-33160f5ebbb6	s96a11511-6749-4d75-aaf4-c09bec9e5c99	UBERON:0008915 Score:[1.0]		
205	s6f162060-6eab-470a-b0aa-33160f5ebbb6	s96a11511-6749-4d75-aaf4-c09bec9e5c99		PATO:0000690 Score:[1.0]	UBERON:2001967 Score:[1.0]
206	s6fd62ff2-f9cb-452f-a5cb-05bec3facd5b	s16caa988-9025-4637-9727-360411aed27d	UBERON:0008897 Score:[1.0]	PATO:0000462 Score:[1.0]	
207	s6fd62ff2-f9cb-452f-a5cb-05bec3facd5b	sa42da18f-4dbc-4069-a4b6-710e050fa795	UBERON:0008897 Score:[1.0]	PATO:0000467 Score:[1.0]	
208	s7140b2db-7075-4223-88f0-cd83f9ff43cf	s027b1f74-42fc-4e70-961c-cc6e463ad256	UBERON:0001095 Score:[1.0]	PATO:0000070 Score:[1.0]	"UBERON:3000645 Score:[1.0]@,UBERON:0001075 Score:[1.0]"
209	s7140b2db-7075-4223-88f0-cd83f9ff43cf	s4032d97a-6be0-471e-85be-ed1da7468426	UBERON:0001095 Score:[1.0]	PATO:0000070 Score:[1.0]	"UBERON:3000645 Score:[1.0]@,UBERON:0001075 Score:[1.0]"
210	s71b1239e-d4d3-4932-87a5-7e13c3e03f9a	s1b594aec-ef16-4c25-bd53-e1536b597083	BSPO:0000025 Score:[1.0]	PATO:0000467 Score:[1.0]	
211	s71b1239e-d4d3-4932-87a5-7e13c3e03f9a	sfd85daf7-3cbb-4fe7-96f1-3ef4d916fa65	BSPO:0000025 Score:[1.0]	PATO:0000117 Score:[1.0]	
212	s7276571a-1a63-44de-95b2-6f7582248366	s1d45ca3c-417d-49fa-8dbb-d447b640fd9c	UBERON:0002542 and (BFO:0000050 some UBERON:0001567) Score:[1.0]	PATO:0000467 Score:[1.0]	
213	s7276571a-1a63-44de-95b2-6f7582248366	s498b1eb0-14af-4ff6-a492-5a91c71c8888	UBERON:0002542 and (BFO:0000050 some UBERON:0001567) Score:[1.0]	PATO:0000462 Score:[1.0]	
214	s73210ca3-f15e-4ff2-89a2-77d84e83605a	s051d6b1a-90a0-43a7-b87c-c738f50ce181	UBERON:3010224 and (BFO:0000050 some BSPO:0000055) Score:[1.0]	PATO:0000467 Score:[1.0]	UBERON:0008260 Score:[1.0]
215	s73210ca3-f15e-4ff2-89a2-77d84e83605a	s4e7da3be-c347-4668-8c0e-d9b8d647ae04	UBERON:3010224 and (BFO:0000050 some BSPO:0000055) Score:[1.0]	PATO:0000462 Score:[1.0]	UBERON:0008260 Score:[1.0]
216	s75a9b815-19be-4384-90dc-7c559cd42cbe	s007c7dff-f9b4-4c33-9311-a643f3d74dee		PATO:0000467 Score:[1.0]	
217	s75a9b815-19be-4384-90dc-7c559cd42cbe	sb6398c18-4b5b-41fb-a7eb-62e5ebe636fe		PATO:0000462 Score:[1.0]	
218	s77410cbc-50b6-4b27-b778-a479935903ad	s843757db-543d-4077-b218-a7ded7706ddd			
219	s77410cbc-50b6-4b27-b778-a479935903ad	sb906c7ec-b666-482f-9c59-ba3b284febf7			
220	s77410cbc-50b6-4b27-b778-a479935903ad	sf0152416-a23a-477c-9091-0480cbaba04f			
221	s77684a3c-0fe3-4b66-a6cb-b3bbd81fd9e2	s846b32dc-56ed-455d-a5db-a9f20510e159	UBERON:0003100 and (BFO:0000050 some UBERON:0012478) Score:[1.0]	PATO:0000462 Score:[1.0]	
222	s77684a3c-0fe3-4b66-a6cb-b3bbd81fd9e2	sb6232b53-938a-40b1-9759-aec0762d4170	UBERON:0003100 and (BFO:0000050 some UBERON:0012478) Score:[1.0]	PATO:0000467 Score:[1.0]	
223	s7902eaca-ec2c-4dda-8a03-10d99fa5eae4	s812462d7-a317-49b2-af16-06139d359e53	UBERON:2002283 Score:[1.0]	PATO:0000467 Score:[1.0]	UBERON:0010202 Score:[1.0]
224	s7902eaca-ec2c-4dda-8a03-10d99fa5eae4	s812462d7-a317-49b2-af16-06139d359e53	UBERON:0010202 Score:[1.0]		
225	s7902eaca-ec2c-4dda-8a03-10d99fa5eae4	s92f16acc-1656-461d-a75a-adc768cabb43	UBERON:2002283 Score:[1.0]	PATO:0000462 Score:[1.0]	
226	s7902eaca-ec2c-4dda-8a03-10d99fa5eae4	scd7d8c77-ff37-45d3-87ae-b67ad66d14f4	UBERON:2002283 Score:[1.0]	PATO:0000467 Score:[1.0]	
227	s7adeba9d-dfd3-4731-9b40-2acacbbd48da	s1e36c7e1-79c1-41df-bbc7-8d14f9a88813	UBERON:0001153 Score:[1.0]	PATO:0000462 Score:[1.0]	
228	s7adeba9d-dfd3-4731-9b40-2acacbbd48da	s6a2fa927-2942-4c62-887c-90cbcf032141	UBERON:0001153 Score:[1.0]	PATO:0000467 Score:[1.0]	
229	s80fb1064-8e7f-46f9-8592-06dffe89467f	sce53dcee-bab8-433f-ad01-93d38e181581		PATO:0000599 Score:[1.0]	
230	s81153c3c-2935-4702-9916-94428b64ea76	s38c5b1b1-a6e1-4a8f-a943-ec21663001fa	UBERON:0013657 and (BFO:0000050 some UBERON:0011671) Score:[1.0]	PATO:0000467 Score:[1.0]	
231	s81153c3c-2935-4702-9916-94428b64ea76	s769a9593-28d1-4103-acfd-cd65b8144b66	UBERON:0013657 and (BFO:0000050 some UBERON:0011671) Score:[1.0]	PATO:0000462 Score:[1.0]	
232	s812646ad-028c-4470-8745-76920126705e	s43b759da-2380-472f-a2a2-524da277e5ac	BSPO:0000031 Score:[1.0]	PATO:0000467 Score:[1.0]	
233	s812646ad-028c-4470-8745-76920126705e	s45e826d4-4ab4-42ca-a716-0c20ff4e8a56	BSPO:0000031 Score:[1.0]	PATO:0000462 Score:[1.0]	
234	s82b12a7c-5fdc-49b0-8fae-2f19a35d0c31	s6fe6353b-1448-40fd-82db-2e7425c18f40	UBERON:0001021 Score:[1.0]		
235	s82b12a7c-5fdc-49b0-8fae-2f19a35d0c31	s6fe6353b-1448-40fd-82db-2e7425c18f40	UBERON:2001967 Score:[1.0]		
236	s82b12a7c-5fdc-49b0-8fae-2f19a35d0c31	s78c828fb-110b-4f44-8ca3-cf2abd621f0f	UBERON:0001021 Score:[1.0]		
237	s82b12a7c-5fdc-49b0-8fae-2f19a35d0c31	s78c828fb-110b-4f44-8ca3-cf2abd621f0f			
238	s8306f2f0-5427-4b94-9636-e0f3bddff4b4	s0fa2050f-7518-4b1c-a63c-680fbc8ec325	UBERON:0004649 Score:[1.0]	PATO:0000462 Score:[1.0]	
239	s8306f2f0-5427-4b94-9636-e0f3bddff4b4	s439e455e-ea94-4a3f-86ad-c916c769cf32	UBERON:0004649 Score:[1.0]	PATO:0000463 Score:[1.0]	
240	s8306f2f0-5427-4b94-9636-e0f3bddff4b4	s5a1a245b-2df6-49d4-8638-4ca5a60a53d9	UBERON:0004649 Score:[1.0]		
241	s8306f2f0-5427-4b94-9636-e0f3bddff4b4	sabe5eabb-aa42-4586-97e9-64e6eb778707	UBERON:0004649 Score:[1.0]	PATO:0000588 Score:[1.0]	
242	s8306f2f0-5427-4b94-9636-e0f3bddff4b4	saffdc4ab-9693-4794-b811-6c2e92614e8e	UBERON:0004649 Score:[1.0]		
243	s8358b6b9-638e-43e7-ade0-b355f6577223	saf6232c9-0888-47a9-be48-457011775fa3			"UBERON:0012316 Score:[1.0]@,UBERON:0007375 Score:[1.0]"
244	s8501cd3a-1f2d-4597-9afa-d3f44506fa8e	saea7163d-8820-4ef1-b596-ff6f28862eca	UBERON:0001780 Score:[1.0]	PATO:0000462 Score:[1.0]	
245	s8501cd3a-1f2d-4597-9afa-d3f44506fa8e	sf226d300-464c-4326-bd21-2306b7660311	UBERON:0001780 Score:[1.0]		
246	s85821d1d-e33f-4353-b483-b228dd43ff6c	s931a5de0-63a4-4ae8-98f7-c26c02a8e8ed		PATO_0000057 and (PHENOSCAPE:complement_of some PATO:0000689) Score:[1.0]	
247	s85821d1d-e33f-4353-b483-b228dd43ff6c	sc164116b-641d-46c7-9c98-4312963c95a3		PATO:0000689 Score:[1.0]	
248	s858603fd-53ee-41fa-9276-05ef29589f35	s19cefa2f-c81a-4cc5-83da-def8f3606789	UBERON:0002530 and (BFO:0000050 some BSPO:0000079 and (BFO:0000050 some UBERON:0003101)) Score:[1.0]	PATO:0000467 Score:[1.0]	
249	s858603fd-53ee-41fa-9276-05ef29589f35	sa18c59b7-c95b-46a3-b41b-15cf87885743	UBERON:0002530 and (BFO:0000050 some BSPO:0000079 and (BFO:0000050 some UBERON:0003101)) Score:[1.0]	PATO:0000462 Score:[1.0]	
250	s8a2561e1-2190-4f35-9933-81acf423bae6	s17576756-0711-4ed0-a096-a5f0292aa27c	UBERON:0001020 Score:[1.0]	PATO:0000462 Score:[1.0]	
251	s8a2561e1-2190-4f35-9933-81acf423bae6	s55a7412a-f1f1-4e96-afd1-088ea21422e2	UBERON:0001020 Score:[1.0]	PATO:0000467 Score:[1.0]	
252	s8bb671d8-3c83-4165-b557-0d9257a08bcf	s08d14c2f-9e3a-468c-b4bc-318ba48f9d8e		PATO:0000467 Score:[1.0]	
253	s8bb671d8-3c83-4165-b557-0d9257a08bcf	saf6dfa75-ed33-4d9d-ba5a-e3e66a3aa73c			
254	s9088cc12-a955-480a-b09c-1d0e7e8caa03	s76fbf6b9-71cc-4da0-9683-2c7335632454	UBERON:0001846 Score:[1.0]	PATO:0000070 Score:[1.0]	
255	s9088cc12-a955-480a-b09c-1d0e7e8caa03	sf7a5cb26-7692-41d3-98ef-c099b5a2e252			
256	s91b8d1c3-4275-4329-ba2a-2f1b5568de6e	s0421ecd8-476f-4dcc-bb5d-34153320e95e	UBERON:2001463 Score:[1.0]	PATO:0001854 Score:[1.0]	UBERON:0002415 Score:[1.0]
257	s91b8d1c3-4275-4329-ba2a-2f1b5568de6e	sac9e5386-1543-45fa-8dfe-3edeb489dbe9	UBERON:2002283 and (BFO:0000050 some UBERON:4000164) Score:[1.0]	PATO:0001233 Score:[1.0]	UBERON:0010202 Score:[1.0]
258	s91b8d1c3-4275-4329-ba2a-2f1b5568de6e	se3d53b76-42e9-4d63-9177-6d676c50c2c0	UBERON:0010202 Score:[1.0]		
259	s91fa9c8f-76b8-43ef-b2d3-342e5746e6a2	s4336e0e7-99ca-421d-9ad1-7d60b95b6da3	UBERON:2000356 Score:[1.0]	PATO:0000573 Score:[1.0]	
260	s91fa9c8f-76b8-43ef-b2d3-342e5746e6a2	se825ec11-6c0e-4f31-b311-4dc8beb1ee2b	UBERON:2000356 Score:[1.0]		
261	s92ae30d4-766c-4ad5-a5fd-1deea515f6a5	s95b56bc4-04b8-4cd6-82b8-b871b2112237	BSPO:0000074 Score:[1.0]	PATO:0000462 Score:[1.0]	
262	s92ae30d4-766c-4ad5-a5fd-1deea515f6a5	s95b56bc4-04b8-4cd6-82b8-b871b2112237	BSPO:0000074 Score:[1.0]		
263	s93e6c3f4-766a-4f04-ad17-fa41979ff5f5	s1b1725bc-2f13-45d7-8708-b45a92172ca8	UBERON:0002542 Score:[1.0]		
264	s93e6c3f4-766a-4f04-ad17-fa41979ff5f5	s1b1725bc-2f13-45d7-8708-b45a92172ca8		PATO:0000632 Score:[1.0]	
265	s93e6c3f4-766a-4f04-ad17-fa41979ff5f5	s932d03dd-df31-4619-89b9-f7c33010909a			
266	s9446ed31-66c9-4bed-a414-360a4ed5a47a	sb2c32ee8-bf30-4b54-9db6-54793d2f538d	UBERON:0004905 and (BFO:0000050 some UBERON:0001693 and (BFO:0000050 some UBERON:0001092)) Score:[1.0]	PATO:0000467 Score:[1.0]	
267	s9446ed31-66c9-4bed-a414-360a4ed5a47a	sc1061a5e-018f-4be4-aaf0-bb607fc57d33	UBERON:0004905 and (BFO:0000050 some UBERON:0001693 and (BFO:0000050 some UBERON:0001092)) Score:[1.0]	PATO:0000462 Score:[1.0]	
268	s96571049-1d4b-4d17-bd6c-69cdd97e40a4	sb53eacea-4ec0-4b98-bb51-b4dacc5f70b5	UBERON:0001018 Score:[1.0]		UBERON:0000993 Score:[1.0]
269	s9689dea0-e9fc-46d7-a14a-3758517333b2	s922c63a0-c99b-4b8b-8fd3-6277dbe6205e		PATO:0000467 Score:[1.0]	
270	s9689dea0-e9fc-46d7-a14a-3758517333b2	sc8fb6ac6-74a8-4016-9afb-3041747fb729		PATO:0000462 Score:[1.0]	
271	s97a4e141-3432-4c56-9038-182a5065326a	s96e4a95e-50c4-45af-a416-3241820193fd		PATO:0000070 Score:[1.0]	
272	s97a4e141-3432-4c56-9038-182a5065326a	s9a19d308-e661-44a4-b91b-c35998cb8748		PATO:0000070 Score:[1.0]	
273	s98630409-e83f-4168-b768-0b8bec33ff65	s18c20615-579b-4898-bd1a-5b73bc704e72		PATO:0000462 Score:[1.0]	
274	s98630409-e83f-4168-b768-0b8bec33ff65	sa17c7d90-1604-4f9c-b23c-b6e856041104			
275	s98630409-e83f-4168-b768-0b8bec33ff65	sc51eed27-dca3-4eb4-aded-8b3f5fcf2e5d	UBERON:0003148 Score:[1.0]	PATO:0000586 Score:[1.0]	
276	s9892cd31-ebd2-4e68-b654-dfb788c1f2fa	s3f7a61fb-2d21-4093-b76a-5bf54cb92b11	UBERON:0004743 Score:[1.0]	PATO:0000467 Score:[1.0]	
277	s9892cd31-ebd2-4e68-b654-dfb788c1f2fa	s4bfe0aba-c379-4680-bcb6-a8b38418288f	UBERON:0004743 Score:[1.0]	PATO:0000462 Score:[1.0]	
278	s98b96f2a-43a7-4a32-a015-103a269e5229	sc208714a-eab1-4f00-abdd-3b741425028b		PATO:0000586 Score:[1.0]	UBERON:0012131 Score:[1.0]
279	s98b96f2a-43a7-4a32-a015-103a269e5229	sf617455e-1dda-49ea-b47c-f476e9874019		PATO:0000587 Score:[1.0]	UBERON:0012131 Score:[1.0]
280	s98eb18ce-e5b8-4383-a3ea-5a2146ad7fcb	s0faea3dd-cfea-4878-b0ab-72f2059bb804	UBERON:0000165 and (BFO:0000050 some UBERON:2001967) Score:[1.0]		UBERON:0003823 Score:[1.0]
281	s98eb18ce-e5b8-4383-a3ea-5a2146ad7fcb	s4f93b800-6723-4943-ac9c-0255cc5cde32	UBERON:0000165 and (BFO:0000050 some UBERON:2001967) Score:[1.0]		UBERON:0003823 Score:[1.0]
282	s9e4427ba-917d-434e-b3b4-9594824a6eef	saac514b9-4e88-4802-8289-0c082168abf5	UBERON:0006770 Score:[1.0]	"PATO:0000411 Score:[1.0]@,PATO:0002397 Score:[1.0]"	
283	s9e4427ba-917d-434e-b3b4-9594824a6eef	sd968ea0c-be95-4885-b9d4-a5236bacb81c	UBERON:0006770 Score:[1.0]		
284	sa1b9d446-0a8f-417c-bce9-a289050383d0	s1efef954-6a3c-46da-928e-d1f0da3453c9	UBERON:2000106 Score:[1.0]	PATO:0001716 Score:[1.0]	UBERON:0001681 Score:[1.0]
285	sa1b9d446-0a8f-417c-bce9-a289050383d0	s529dee18-aeda-4e15-ba63-d0672a219623	UBERON:3000329 and (BFO:0000050 some UBERON:0002244) Score:[1.0]		
286	sa1b9d446-0a8f-417c-bce9-a289050383d0	s8467cf3b-d08c-416d-82d6-bae4c5b3a906	UBERON:3000329 and (BFO:0000050 some UBERON:0002244) Score:[1.0]	PATO:0000070 Score:[1.0]	
287	sa1b9d446-0a8f-417c-bce9-a289050383d0	sd9b602b2-ddf4-44ae-9fd4-1dfdef71ed13	UBERON:3000329 and (BFO:0000050 some UBERON:0002244) Score:[1.0]		UBERON:2001840 and (BFO:0000050 some UBERON:0001681) Score:[1.0]
288	sa2ffc913-a71e-41f6-ba15-8dd4ab40a353	sdbd089ea-1473-4360-a06b-5a8904002b7b		PATO:0000467 Score:[1.0]	
289	sa2ffc913-a71e-41f6-ba15-8dd4ab40a353	sff4a6375-7ebc-4ed3-8c00-214b2d576cec		PATO:0000462 Score:[1.0]	
290	sa324f1b4-37c8-4491-8ff5-496e3de8e792	s27d35b3e-f439-46f8-8ed1-2bd684eca2a7	"UBERON:3000386 Score:[1.0]@,UBERON:0005094 Score:[1.0]"	PATO:0000467 Score:[1.0]	
291	sa324f1b4-37c8-4491-8ff5-496e3de8e792	s8b205a9c-4fb0-495e-852c-6e7ae8623701	"UBERON:3000386 Score:[1.0]@,UBERON:0005094 Score:[1.0]"	PATO:0000462 Score:[1.0]	
292	sa51e1af4-2511-4e2c-a9c3-a08f0cff15e1	s6d639c8a-5496-4131-970d-5b8a20e9e233	UBERON:0008260 Score:[1.0]	PATO:0000467 Score:[1.0]	
293	sa51e1af4-2511-4e2c-a9c3-a08f0cff15e1	s973ae2de-9d71-4bd0-9e2b-31c2d2a79455	UBERON:0008260 Score:[1.0]	PATO:0000462 Score:[1.0]	
294	sa61ca30d-5a5e-415c-902c-55bab2a62ac2	s7d08a450-fb10-4960-ab2e-553649e8daa3	UBERON:2000223 Score:[1.0]	PATO:0000467 Score:[1.0]	
295	sa61ca30d-5a5e-415c-902c-55bab2a62ac2	sb1a55ebc-55e9-44cd-aee2-01159f1d0cbb	UBERON:2000223 Score:[1.0]	PATO:0000462 Score:[1.0]	
296	sa9998251-4cfb-497e-aefd-99889a43a87d	se9ce98cd-aadb-4df1-b8c4-142620d49edb			
297	sa9998251-4cfb-497e-aefd-99889a43a87d	sfbc742db-b892-4d76-99d2-d20f9291027f	UBERON:0000180 Score:[1.0]	PATO:0002359 Score:[1.0]	
298	sa9998251-4cfb-497e-aefd-99889a43a87d	sfbc742db-b892-4d76-99d2-d20f9291027f	UBERON:0000180 Score:[1.0]		
299	saae46c52-5ed8-4464-bb23-576fbb916dc9	s63472cf7-897e-498d-a63b-5a27af515f34	UBERON:0001703 Score:[1.0]		
300	saae46c52-5ed8-4464-bb23-576fbb916dc9	s9300bbb1-8741-4e9b-bbc8-d167db720ddc			
301	saae46c52-5ed8-4464-bb23-576fbb916dc9	s9300bbb1-8741-4e9b-bbc8-d167db720ddc	UBERON:0001703 Score:[1.0]		
302	saae46c52-5ed8-4464-bb23-576fbb916dc9	se534c5cb-a4f1-4990-8dcb-75e9fe2f20fc	UBERON:0001703 Score:[1.0]		
303	saae46c52-5ed8-4464-bb23-576fbb916dc9	sf6d1d642-cec3-4e17-ba12-07e27013b926			
304	saae46c52-5ed8-4464-bb23-576fbb916dc9	sf6d1d642-cec3-4e17-ba12-07e27013b926	UBERON:0001703 Score:[1.0]		
305	saafa3ade-8ceb-4f7c-8542-07991a0bdabb	s0c136f89-f950-43d4-a7bc-51fdc7b2e6fd	UBERON:0002412 Score:[1.0]		
306	saafa3ade-8ceb-4f7c-8542-07991a0bdabb	sb3f43c79-25df-46d3-8686-42c75206a978	UBERON:0002412 Score:[1.0]		
307	saafa3ade-8ceb-4f7c-8542-07991a0bdabb	sb62a2360-be2c-457b-930d-9774408557e2	UBERON:0002412 Score:[1.0]		
308	sab6ff9fc-72c1-4a8b-a8a3-da32e4c0af83	s39e93ef9-624a-4c15-ac57-61133b6d8667		PATO:0000070 Score:[1.0]	
309	sab6ff9fc-72c1-4a8b-a8a3-da32e4c0af83	s4405e0b0-012e-41b7-bcca-51075f2904a2		PATO:0000462 Score:[1.0]	
310	sab6ff9fc-72c1-4a8b-a8a3-da32e4c0af83	sd41cd9aa-e500-449c-a57e-4ddcbc4a3b73		PATO:0000070 Score:[1.0]	
311	sac89505b-68d2-4ed3-b90d-49f70af99f4f	s19e90f8f-90fc-4204-9a2f-df79a490289e			
312	sac89505b-68d2-4ed3-b90d-49f70af99f4f	s7ec85fac-5315-4ffd-9f5d-92caacf3d184	UBERON:0008915 Score:[1.0]	PATO:0000070 Score:[1.0]	UBERON:2001967 Score:[1.0]
313	sad78a2b9-0ea8-4617-86db-7a94b85e7cc3	s53a9e260-1c10-408a-957a-024ccc3f6991	"UBERON:0001945 Score:[1.0]@,UBERON:0002314 Score:[1.0]"	PATO:0000462 Score:[1.0]	
314	sad78a2b9-0ea8-4617-86db-7a94b85e7cc3	sdb0c027e-e1fd-4498-b437-820854282215	"UBERON:0001945 Score:[1.0]@,UBERON:0002314 Score:[1.0]"	PATO:0000467 Score:[1.0]	
315	sae77b970-60e1-4660-be21-8eeb49bf6fd3	s73b850f2-306a-4657-8b12-904f1339abec	"UBERON:0002418 Score:[1.0]@,UBERON:0007844 Score:[1.0]"	PATO:0000467 Score:[1.0]	
316	sae77b970-60e1-4660-be21-8eeb49bf6fd3	scf0afcf3-32f5-41f9-9610-eab96c2a862a	"UBERON:0002418 Score:[1.0]@,UBERON:0007844 Score:[1.0]"	PATO:0000462 Score:[1.0]	
317	saea12b43-0fe1-44c7-8188-d588a1580ecf	s946781b6-b0cc-4757-aeda-e30ff604f735		PATO:0000467 Score:[1.0]	
318	saea12b43-0fe1-44c7-8188-d588a1580ecf	sba94cc9e-e819-4097-9e0a-5362c485ea74		PATO:0000462 Score:[1.0]	
319	safe11994-eef7-4f43-992b-6a5e360576bb	s2ffdf9b1-fd8e-4de1-8445-dfe9a4f845f5		PATO:0000462 Score:[1.0]	
320	safe11994-eef7-4f43-992b-6a5e360576bb	s7c9f3c8c-c7c5-4a6f-8542-1c826047d857		PATO:0000467 Score:[1.0]	
321	safe11994-eef7-4f43-992b-6a5e360576bb	s8710692e-a6f5-4804-b130-d491afd3b54c		PATO:0000467 Score:[1.0]	
322	sb017c745-e409-4d83-b789-2ad984d19ea3	s6f5092c1-988c-4e02-8e2d-ee1c30204534	UBERON:0001695 Score:[1.0]	PATO:0000462 Score:[1.0]	
323	sb0683952-22d6-4119-9ce4-7b4c015f5abe	s1b37701f-0e92-4eff-9693-89735af64da7	UBERON:2000271 Score:[1.0]	PATO:0000467 Score:[1.0]	
324	sb0683952-22d6-4119-9ce4-7b4c015f5abe	s26fb260d-aa6a-45e1-8d8e-11e82d43e710	UBERON:2000271 Score:[1.0]	PATO:0000462 Score:[1.0]	
325	sb1bc5a61-d519-4e0b-8da0-b3bc2b2a8ecf	s7f78cad0-5b40-4fdc-9dfd-711e92aa8149	UBERON:0002530 Score:[1.0]	PATO:0000467 Score:[1.0]	
326	sb1bc5a61-d519-4e0b-8da0-b3bc2b2a8ecf	sc4bf0f80-34ae-4015-ab43-4b470c421a58	UBERON:0002530 Score:[1.0]	PATO:0000462 Score:[1.0]	
327	sb3dfce26-0048-4e5d-867a-7391005c5b29	s3e79b575-1c0d-4adc-8cb1-746fc74eaa46		PATO:0000467 Score:[1.0]	
328	sb3dfce26-0048-4e5d-867a-7391005c5b29	s51700c87-dd1c-4ab5-8e88-b1853b4d199e		PATO:0000462 Score:[1.0]	
329	sbb89217e-0f32-4d33-a47e-bfadb7fdb735	scca56ee7-b7dd-4b6e-969e-81f750023518	UBERON:2000223 Score:[1.0]	PATO:0000587 Score:[1.0]	
330	sbb89217e-0f32-4d33-a47e-bfadb7fdb735	sd5f4a088-7f45-4b21-adb6-eba756a60787	UBERON:2000223 Score:[1.0]		
331	sbb89217e-0f32-4d33-a47e-bfadb7fdb735	sff03cb74-88b4-4a22-8803-ff3ea03d8553	UBERON:2000223 Score:[1.0]	PATO:0000462 Score:[1.0]	
332	sc0f4f95d-9ce5-4743-85a5-3bc13728bfe8	s712d28c4-fc71-470d-b128-94a706216427	UBERON:4000163 Score:[1.0]	PATO:0000467 Score:[1.0]	UBERON:0000309 Score:[1.0]
333	sc0f4f95d-9ce5-4743-85a5-3bc13728bfe8	sf770f343-fb00-4d24-9a1e-5adc31b684b9	UBERON:4000163 Score:[1.0]	PATO:0000462 Score:[1.0]	UBERON:0000309 Score:[1.0]
334	sc390a5bb-262e-4e50-b3f6-820d9952b064	s27ca1c90-e422-4491-83fd-d829b20838e0	"UBERON:0002199 Score:[1.0]@,UBERON:0002097 Score:[1.0]@,UBERON:0007029 Score:[1.0]@,UBERON:0000014 Score:[1.0]"	PATO:0000462 Score:[1.0]	"UBERON:0002199 Score:[1.0]@,UBERON:0002097 Score:[1.0]@,UBERON:0007029 Score:[1.0]@,UBERON:0000014 Score:[1.0]"
335	sc390a5bb-262e-4e50-b3f6-820d9952b064	s27ca1c90-e422-4491-83fd-d829b20838e0	"UBERON:0002199 Score:[1.0]@,UBERON:0002097 Score:[1.0]@,UBERON:0007029 Score:[1.0]@,UBERON:0000014 Score:[1.0]"	PATO:0000591 Score:[1.0]	
336	sc4bbddb3-2c2e-4fb5-a017-c0760a93fa82	s7fec02dc-fde3-4419-8f9e-6f833a64d4f4	UBERON:0002397 Score:[1.0]		
337	sc4bbddb3-2c2e-4fb5-a017-c0760a93fa82	s852690fd-2214-44be-80d0-8fab84ebc973	UBERON:0002397 Score:[1.0]		
338	sc4ece8e3-8c7e-4cfa-8c53-1429eb5c14eb	s74141a6a-6085-46e0-a035-5fe1837691f7	UBERON:4000163 Score:[1.0]	PATO:0000462 Score:[1.0]	
339	sc4ece8e3-8c7e-4cfa-8c53-1429eb5c14eb	saa6ca9e0-b431-43ab-99bc-359f9b10bd06	UBERON:4000163 Score:[1.0]	PATO:0000467 Score:[1.0]	
340	sc6fc5c33-a769-43fa-9fd0-c6cce2b25191	s128af7be-cc37-4ec5-b859-25b569037313	UBERON:0002396 Score:[1.0]	PATO:0000462 Score:[1.0]	
341	sc6fc5c33-a769-43fa-9fd0-c6cce2b25191	s43570759-df0d-4ffa-9183-62837f6feafc	UBERON:0002396 Score:[1.0]	PATO:0000467 Score:[1.0]	
342	sc777775a-8a96-43a8-bf5c-6c48d6eecc1e	sb8eb315a-834b-42c2-877c-7fcf28a1666c	UBERON:2000271 and (BFO:0000050 some UBERON:0008897) Score:[1.0]	PATO:0000462 Score:[1.0]	UBERON:0000309 Score:[1.0]
343	sc777775a-8a96-43a8-bf5c-6c48d6eecc1e	sf5327748-f4b6-41d7-9881-72e5fe79357c	UBERON:2000271 and (BFO:0000050 some UBERON:0008897) Score:[1.0]	PATO:0000467 Score:[1.0]	UBERON:0000309 Score:[1.0]
344	sc8c800fb-32c6-4935-8a75-b77078e8c5fb	s9d09fe06-9df8-41d0-a1f6-78446fd00aa8	UBERON:0002397 Score:[1.0]		
345	sca4fd96a-0988-4835-9811-72c26243dc2f	s83a3a15f-f177-4ceb-be42-72bee5262dd7		PATO:0000467 Score:[1.0]	
346	sca4fd96a-0988-4835-9811-72c26243dc2f	sa10bc9a8-8e21-4c0f-8cf6-59593f13adb2		PATO:0000462 Score:[1.0]	
347	scbe44e91-e33b-4898-841d-6647f117a2b0	s3cbe7359-1f21-4c76-9d60-63c597b293e5	UBERON:0003228 Score:[1.0]		
348	scbe44e91-e33b-4898-841d-6647f117a2b0	sbbf95966-ceca-4577-9eaa-0091be2022ef	UBERON:0003228 Score:[1.0]		
349	scbe44e91-e33b-4898-841d-6647f117a2b0	sec8eb58e-fb2c-4687-b29b-b69350d3c1a4	UBERON:0003228 Score:[1.0]		
350	scc2db087-a65c-490b-8026-33c021580468	s52783914-8ff3-4825-989a-03add8457500	UBERON:2001737 Score:[1.0]		
351	scc2db087-a65c-490b-8026-33c021580468	s90fc50b7-0442-429d-bae1-b92f671c9a14	UBERON:2001737 Score:[1.0]		
352	scc2db087-a65c-490b-8026-33c021580468	scb79e418-f90f-4aba-9abd-8713a9c518ce	UBERON:2001737 Score:[1.0]	PATO:0000462 Score:[1.0]	
353	sce28da2d-e239-4a88-887b-c2b2b36b30b6	s1c72857d-90ad-49d4-94f6-6af6d197a759	"UBERON:0001911 Score:[1.0]@,UBERON:0000310 Score:[1.0]"	PATO:0000467 Score:[1.0]	
354	sce28da2d-e239-4a88-887b-c2b2b36b30b6	sd0cd3304-755b-4599-aa79-1b33e5d8a193	"UBERON:0001911 Score:[1.0]@,UBERON:0000310 Score:[1.0]"	PATO:0000462 Score:[1.0]	
355	sd17ed3ce-90b6-4893-8279-68699972b6c7	s74d9c791-76c5-43bc-8e32-ded007305595	UBERON:2002283 and (BFO:0000050 some BSPO:0000025) Score:[1.0]		
356	sd17ed3ce-90b6-4893-8279-68699972b6c7	s95012566-dcd1-4ec3-8562-db56452b2d79	UBERON:2002283 and (BFO:0000050 some BSPO:0000025) Score:[1.0]		UBERON:4000164 Score:[1.0]
357	sd19f562c-c602-4096-bba4-db315b3a5744	s3ca7ded7-4c95-4746-a95f-b8d6523926fc	UBERON:0000468 Score:[1.0]	PATO:0000070 Score:[1.0]	
358	sd19f562c-c602-4096-bba4-db315b3a5744	s5a388bc8-d8c0-42fa-bd72-260ae3beaf6b	UBERON:0000468 Score:[1.0]	PATO:0000070 Score:[1.0]	
359	sd360a289-bb38-4366-81ec-596b37e20c11	sa49687a0-3e25-42d9-94e6-15f8214c4077	UBERON:0002397 Score:[1.0]	PATO:0000467 Score:[1.0]	
360	sd360a289-bb38-4366-81ec-596b37e20c11	sd37d73fc-9d1f-4a1a-983a-e296cca527cd	UBERON:0002397 Score:[1.0]	PATO:0000462 Score:[1.0]	
361	sd39e1cb5-6c72-4501-8574-13469237a4ab	s395939b9-6546-4fc1-b496-c32543bb0280			
362	sd39e1cb5-6c72-4501-8574-13469237a4ab	s84301b22-0cc3-4137-92b1-594a5f8836b6			
363	sd39e1cb5-6c72-4501-8574-13469237a4ab	sa871b1ff-0480-47e2-8c5b-ac7e46bc8a5c			
364	sd4323be9-40dd-45ad-ba01-51426f2cda89	s4f74771b-e689-4778-85a3-6b4a7577365e	UBERON:0003675 and (BFO:0000050 some UBERON:0002397) Score:[1.0]	PATO:0002211 Score:[1.0]	
365	sd4323be9-40dd-45ad-ba01-51426f2cda89	sb3e31191-924c-4087-b125-1eb53f4119e1	UBERON:0003675 and (BFO:0000050 some UBERON:0002397) Score:[1.0]	PATO:0002457 Score:[1.0]	
366	sd4323be9-40dd-45ad-ba01-51426f2cda89	sb956d100-3261-443a-b1c7-0e1c2d5cd643	UBERON:0003675 and (BFO:0000050 some UBERON:0002397) Score:[1.0]	PATO:0002021 Score:[1.0]	
367	sd4323be9-40dd-45ad-ba01-51426f2cda89	sd759ed95-d800-4b60-a6bc-05c7b8c56124	UBERON:0003675 and (BFO:0000050 some UBERON:0002397) Score:[1.0]		
368	sd5903232-860f-4803-9847-6a0feab50153	s4a2f1ccb-881e-45f1-87d5-20050ac798b5	UBERON:0004742 Score:[1.0]		
369	sd7287c40-68fb-45f5-9256-e6f717115add	s2bbb1fc6-ded9-4657-8cc0-69c78919fe9b		PATO:0000070 Score:[1.0]	
370	sd7c4cf06-1c96-4e53-b471-d75b6af2266a	s28f5c8a4-f333-41c4-8381-ddcd577b70d8	UBERON:0010750 Score:[1.0]	PATO:0000462 Score:[1.0]	
371	sd7c4cf06-1c96-4e53-b471-d75b6af2266a	sb5a77d29-1757-4780-9bfd-82574d1c6897	UBERON:0010750 Score:[1.0]	PATO:0000467 Score:[1.0]	
372	sd7fba77b-6383-4fc6-ad08-56ddbee68d56	s44c3dc93-7d51-45fd-8c51-b4b0d9c1fb26			UBERON:2000092 Score:[1.0]
373	sd7fba77b-6383-4fc6-ad08-56ddbee68d56	s494e11db-b0a9-4e9c-b84c-f66154923bce	UBERON:0001682 Score:[1.0]	PATO:0000462 Score:[1.0]	
374	sd7fba77b-6383-4fc6-ad08-56ddbee68d56	s8d8552c0-8b2f-42d6-aa22-b5bd32f156ca	UBERON:0001682 Score:[1.0]	PATO:0000467 Score:[1.0]	BSPO:0000112 Score:[1.0]
375	sd7fba77b-6383-4fc6-ad08-56ddbee68d56	sc4e0f162-c2de-4ddd-af7c-851d781f8563	UBERON:0001682 Score:[1.0]	PATO:0000467 Score:[1.0]	BSPO:0000112 Score:[1.0]
376	sd7fba77b-6383-4fc6-ad08-56ddbee68d56	sc4e0f162-c2de-4ddd-af7c-851d781f8563	UBERON:0001682 Score:[1.0]		UBERON:0006846 Score:[1.0]
377	sd8b6bfd6-9a03-4e1f-923d-a79e84b43c85	s665fba1c-db28-4465-a63e-5db527ab2425	UBERON:0008915 Score:[1.0]	PATO:0000467 Score:[1.0]	UBERON:0001834 and (BFO:0000050 some UBERON:0001835) Score:[1.0]
378	sd8b6bfd6-9a03-4e1f-923d-a79e84b43c85	sf05360b7-ba02-482e-a1bd-5d4debfdb6d5	UBERON:0008915 Score:[1.0]	PATO:0000462 Score:[1.0]	UBERON:0001834 and (BFO:0000050 some UBERON:0001835) Score:[1.0]
379	sd93ba0a3-edae-4953-8411-741f9f6a6b2a	s3420c7cc-1755-4dc5-8db2-7105bd7d4035	UBERON:2001632 Score:[1.0]	PATO:0000462 Score:[1.0]	
380	sd93ba0a3-edae-4953-8411-741f9f6a6b2a	s4e84cb66-8324-47d0-bca1-df5ebc14b55c	UBERON:2001632 Score:[1.0]	PATO:0000467 Score:[1.0]	
381	sd96aecdd-4aa9-4a19-84f8-4659dd16d423	s99c01c3e-1c51-4cb1-a88d-5a2902495092		PATO:0000462 Score:[1.0]	
382	sd96aecdd-4aa9-4a19-84f8-4659dd16d423	sfc2ea4c3-d1f5-4854-9dc4-41d9a087f9b9		PATO:0000467 Score:[1.0]	
383	sda64e9d7-5e6d-43da-9450-4ade5769c178	s3400bac1-b960-4ee5-86f1-76b75d201f5d	UBERON:0010750 Score:[1.0]	PATO:0000467 Score:[1.0]	
384	sda64e9d7-5e6d-43da-9450-4ade5769c178	scbb2a883-264f-4f34-a936-e3ec504f8ae7	UBERON:0010750 Score:[1.0]	PATO:0000462 Score:[1.0]	
385	sdac67512-89ce-4b75-a0f4-b86c59767ea8	s5440af5e-04bb-49e1-b624-63fec5c82648	UBERON:0001091 Score:[1.0]	PATO:0000462 Score:[1.0]	
386	sdac67512-89ce-4b75-a0f4-b86c59767ea8	s9185683e-b747-4ced-bfab-ce67d218ff69	UBERON:0001091 Score:[1.0]	PATO:0000467 Score:[1.0]	
387	sdbb3dd58-14c9-4342-9516-d2581487ad69	sbb683cb2-1558-4f7c-88b7-a6be263d3165	"UBERON:2001550 Score:[1.0]@,UBERON:4000174 Score:[1.0]"		
388	sdbb3dd58-14c9-4342-9516-d2581487ad69	sbb683cb2-1558-4f7c-88b7-a6be263d3165	"UBERON:2001550 Score:[1.0]@,UBERON:4000174 Score:[1.0]"		
389	sdbb3dd58-14c9-4342-9516-d2581487ad69	sbb683cb2-1558-4f7c-88b7-a6be263d3165	"UBERON:2001550 Score:[1.0]@,UBERON:4000174 Score:[1.0]"		
390	sdbb3dd58-14c9-4342-9516-d2581487ad69	sd74275ff-3da5-46d9-a027-d17a955fb852	"UBERON:2001550 Score:[1.0]@,UBERON:4000174 Score:[1.0]"		
391	sdbb3dd58-14c9-4342-9516-d2581487ad69	sd74275ff-3da5-46d9-a027-d17a955fb852	"UBERON:2001550 Score:[1.0]@,UBERON:4000174 Score:[1.0]"		
392	sdbb3dd58-14c9-4342-9516-d2581487ad69	sd74275ff-3da5-46d9-a027-d17a955fb852	"UBERON:2001550 Score:[1.0]@,UBERON:4000174 Score:[1.0]"		
393	sdc6385fb-4dea-4a03-9fc6-63a2141e16a3	s62b7debc-7701-480b-b4e4-7ebde6e4b026	UBERON:0001649 Score:[1.0]	PATO:0000462 Score:[1.0]	
394	sdc6385fb-4dea-4a03-9fc6-63a2141e16a3	sbd0d87f6-b1fe-497b-8e10-71a046cbda3e	UBERON:0001649 Score:[1.0]	PATO:0000467 Score:[1.0]	
395	sdc76aa2b-9787-4561-a1bf-faadc8ecab0f	s4e166263-47d1-4d50-8f5b-672335f2db9a	UBERON:0000976 Score:[1.0]		
396	sdc76aa2b-9787-4561-a1bf-faadc8ecab0f	sdd8e9166-3155-435a-9e6e-b2e169494316	UBERON:0000976 Score:[1.0]		
397	sdd1e19f5-c240-44ed-8f30-a320de614f2d	sd08a3d96-4132-4f74-b5e6-2047fbc42975	UBERON:0011598 Score:[1.0]	PATO:0000467 Score:[1.0]	
398	sdd1e19f5-c240-44ed-8f30-a320de614f2d	se188af9b-2847-4f24-8ca0-d324edd1a702	UBERON:0011598 Score:[1.0]	PATO:0000462 Score:[1.0]	
399	sdd707069-c76e-476c-ab05-2121fab846e3	s728c8ac2-6fac-4057-89ab-173cbf722a6b	UBERON:0010290 Score:[1.0]		
400	sdd707069-c76e-476c-ab05-2121fab846e3	sbf9f80ca-34b1-4a79-a962-20734800ec5a	UBERON:0010290 Score:[1.0]		
401	sded35f61-c6bc-4d28-bd19-48838471dafe	s2b111eb3-98cf-433f-89d9-27ef7cf4f9ee	UBERON:0006048 Score:[1.0]	PATO:0000467 Score:[1.0]	
402	sded35f61-c6bc-4d28-bd19-48838471dafe	s878ac63f-6cca-4bce-b85c-a9b466ed8a20	UBERON:0006048 Score:[1.0]	PATO:0000462 Score:[1.0]	
403	se23a9b3e-a58c-4255-99d0-14cbd638dea0	s2d1a5dc5-9329-40e3-a913-64445eaa259d	UBERON:0002392 Score:[1.0]	PATO:0000467 Score:[1.0]	
404	se23a9b3e-a58c-4255-99d0-14cbd638dea0	sa63c9d7e-be3b-40bf-b614-c45bd1bd4942	UBERON:0002392 Score:[1.0]	PATO:0000462 Score:[1.0]	
405	se49cafab-0639-426f-b34e-f5d64089d31d	s6318d6f2-66b8-492a-a8b7-1b57423cd179	UBERON:0001682 Score:[1.0]	PATO:0000467 Score:[1.0]	
406	se49cafab-0639-426f-b34e-f5d64089d31d	s83772642-cfa1-416a-bdae-8a108591a694	UBERON:0001682 Score:[1.0]	PATO:0000462 Score:[1.0]	
407	se5457c83-2386-4409-bf6a-30f4eb43e6ae	s8d7fe3d0-08be-49bf-8b3c-75019ce06f99	UBERON:0000483 and (BFO:0000050 some UBERON:0000162) Score:[1.0]	PATO:0000462 Score:[1.0]	
408	se5457c83-2386-4409-bf6a-30f4eb43e6ae	s93455cf8-97ff-4f69-942d-0ace43a3d2cb	UBERON:0000483 and (BFO:0000050 some UBERON:0000162) Score:[1.0]	PATO:0000467 Score:[1.0]	
409	se5744d4f-388d-4c58-a747-2efe36084167	s91ca5c17-d174-4f68-a178-5ef44fe03ad9	UBERON:3000162 Score:[1.0]	PATO:0000462 Score:[1.0]	
410	se5744d4f-388d-4c58-a747-2efe36084167	s9ff275b9-2862-4736-9ada-aae167d451de	UBERON:3000162 Score:[1.0]	PATO:0000467 Score:[1.0]	
411	sea7d207a-2bf3-465b-8f88-390d0cd9bc9b	s21815812-0418-45c3-aa83-45e261d64e9b	"UBERON:0001003 and (BFO:0000050 some UBERON:0012463) Score:[1.0]@,UBERON:0001003 and (BFO:0000050 some UBERON:0000159) Score:[1.0]@,UBERON:0001003 and (BFO:0000050 some UBERON:0000162) Score:[1.0]"	PATO:0000070 Score:[1.0]	
412	sea7d207a-2bf3-465b-8f88-390d0cd9bc9b	s30ab5203-2335-4112-8019-4245fc0911c8	"UBERON:0001003 and (BFO:0000050 some UBERON:0012463) Score:[1.0]@,UBERON:0001003 and (BFO:0000050 some UBERON:0000159) Score:[1.0]@,UBERON:0001003 and (BFO:0000050 some UBERON:0000162) Score:[1.0]"		
413	see029ea6-9463-4a2b-8826-77d6f8b795c6	sb8e6329c-1c8b-437a-8d02-bf7fdd2d3f45	UBERON:0003675 Score:[1.0]		NCBITaxon:1 Score:[1.0]
414	see029ea6-9463-4a2b-8826-77d6f8b795c6	sf0504acf-00cc-4dd3-b368-9d1ea1186af5	UBERON:0003675 Score:[1.0]		NCBITaxon:1 Score:[1.0]
415	sf016926e-c522-466c-9862-e9c06e465bb4	s11b7bfbe-37c9-4666-9b0b-3695cf1bb9dd		PATO:0000462 Score:[1.0]	
416	sf016926e-c522-466c-9862-e9c06e465bb4	s5213028e-54ab-4286-aaa1-34b64a5bfcda		PATO:0000467 Score:[1.0]	
417	sf11c498c-a01c-4013-9e69-e662bfa8ea9d	s380452b8-a30f-4360-acfa-ad6056de53ef	"UBERON:0011611 Score:[1.0]@,UBERON:0001685 Score:[1.0]@,UBERON:3000673 Score:[1.0]"	PATO:0000467 Score:[1.0]	
418	sf11c498c-a01c-4013-9e69-e662bfa8ea9d	seddfeeed-c610-481c-bff6-e0e1342cc2de	"UBERON:0011611 Score:[1.0]@,UBERON:0001685 Score:[1.0]@,UBERON:3000673 Score:[1.0]"	PATO:0000462 Score:[1.0]	
419	sf1823f38-e006-4216-9907-94456e7ac6c7	saf7f4c29-a2cb-441c-a1d0-41ad14178126	UBERON:0004704 Score:[1.0]		
420	sf1823f38-e006-4216-9907-94456e7ac6c7	sb4284c5b-224d-43cb-b3cb-7e35934a611e			
421	sf1ab35ce-5ac0-4909-9228-191bb22954fa	s06407882-53b9-409b-a09a-4ec989a0b2c3	UBERON:0001091 and (BFO:0000050 some UBERON:0007379) Score:[1.0]		
422	sf1ab35ce-5ac0-4909-9228-191bb22954fa	s32e25c70-3d54-471e-833b-873917e789ad	UBERON:0001091 and (BFO:0000050 some UBERON:0007379) Score:[1.0]	PATO:0000462 Score:[1.0]	
423	sf1ab35ce-5ac0-4909-9228-191bb22954fa	sff014a06-d619-492d-b381-83b607cbf543	UBERON:0001091 and (BFO:0000050 some UBERON:0007379) Score:[1.0]		
424	sf1d479d6-e74d-4a93-970b-472b248d0ef4	s37cc1472-2426-4471-b47c-a23fab468754	UBERON:0001094 Score:[1.0]	PATO:0000467 Score:[1.0]	
425	sf1d479d6-e74d-4a93-970b-472b248d0ef4	s74fa0229-c5ec-4d08-b18d-7addc8781e06	UBERON:0001094 Score:[1.0]	PATO:0000462 Score:[1.0]	
426	sf1ff13a1-2dc0-4286-b2ad-50db77ca4148	s4680c52f-9008-4c92-868c-31afe2e2d0c0	UBERON:0013631 and (BFO:0000050 some UBERON:0008447) Score:[1.0]	PATO:0000467 Score:[1.0]	
427	sf1ff13a1-2dc0-4286-b2ad-50db77ca4148	sa3a5d403-5170-489b-8d76-12f63d95a3fd	UBERON:0013631 and (BFO:0000050 some UBERON:0008447) Score:[1.0]	PATO:0000462 Score:[1.0]	
428	sf2169db9-4c05-4488-8f64-8188a140fac0	s24fbc343-2775-4801-8cd3-bb1019e3b853	"UBERON:0001450 Score:[1.0]@,UBERON:0010869 Score:[1.0]"	PATO:0000462 Score:[1.0]	
429	sf2169db9-4c05-4488-8f64-8188a140fac0	sb5887400-9752-4b69-bbf7-741c4685990d	"UBERON:0001450 Score:[1.0]@,UBERON:0010869 Score:[1.0]"	PATO:0000467 Score:[1.0]	
430	sf4282f36-9f6a-4832-8886-ab87304dc955	s01256d1c-0ae9-48f4-8294-d3105d989094	UBERON:0003685 and (BFO:0000050 some BSPO:0000084 and (BFO:0000050 some UBERON:2002015)) Score:[1.0]	PATO:0000070 Score:[1.0]	
431	sf4282f36-9f6a-4832-8886-ab87304dc955	s41673d83-7204-456d-941b-fb733fe55ab4	UBERON:0003685 and (BFO:0000050 some BSPO:0000084 and (BFO:0000050 some UBERON:2002015)) Score:[1.0]	PATO:0000070 Score:[1.0]	
432	sf5655a98-94a0-48f9-baa4-409a50b5adb4	s57beae2d-6fc4-4cca-8dce-7edb735d2561	UBERON:0006715 Score:[1.0]	PATO:0000117 Score:[1.0]	
433	sf9143998-d6fd-4fd8-a8ad-922c5de0727d	s0c1724a5-c8f0-41c0-8d52-f5254e6b0ffe			
434	sf9143998-d6fd-4fd8-a8ad-922c5de0727d	s92830dd0-89ef-4f7a-a25b-ca71508889ab	UBERON:0008915 Score:[1.0]	PATO:0000070 Score:[1.0]	UBERON:2001967 Score:[1.0]
435	sf9f77e85-9853-49c1-adbd-132c855d3397	s98ab9a3a-1c1c-4cff-a998-bec98cc6f6ca	UBERON:0000152 Score:[1.0]		
436	sfc78742a-3c29-44ab-a995-0d6138a3b95d	s42bc67a4-8d3f-419e-b3cb-695045b2effb		PATO:0000070 Score:[1.0]	
437	sfc78742a-3c29-44ab-a995-0d6138a3b95d	sba3d6498-0548-48db-a894-7034133495d1			
