1	0	UBERON_0018296PATOTEMP_8822e54b-89f9-431a-8a20-25698b53353c	C_EQ_1
1	0	UBERON_0018297PATO_0000586	C_EQ_2
1	1	UBERON_0018296PATO_0001600	C_EQ_1
1	1	UBERON_0018296PATOTEMP_8822e54b-89f9-431a-8a20-25698b53353c	C_EQ_2
1	1	UBERON_0018297PATO_0000467	C_EQ_3
1	2	UBERON_0018296PATO_0001600	C_EQ_1
1	2	UBERON_0018296PATOTEMP_8822e54b-89f9-431a-8a20-25698b53353c	C_EQ_2
1	2	UBERON_0018297PATO_0000462	C_EQ_3
2	0	UBERONTEMP_043616cc-abac-415d-b5e7-b0e96d27c4baPATO_0000467	C_EQ_1
2	1	UBERONTEMP_043616cc-abac-415d-b5e7-b0e96d27c4baPATO_0001786	C_EQ_1
3	0	UBERONTEMP_000a0d60-aa06-477d-936c-ba14ac4f0c2dBFO_0000050UBERONTEMP_382249cd-df28-48b2-ba1a-38dc059b3d0cPATO_0000462	C_EQ_1
3	1	UBERONTEMP_000a0d60-aa06-477d-936c-ba14ac4f0c2dBFO_0000050UBERONTEMP_382249cd-df28-48b2-ba1a-38dc059b3d0cPATO_0000467	C_EQ_1
4	0	UBERON_0001095PATO_0000569UBERON_0001075	C_EQ_1
4	1	UBERON_0001095PATO_0000570UBERON_0001075	C_EQ_1
5	0	UBERONTEMP_ba10737a-6aef-4435-b85f-4761b4978e5fBFO_0000050CL_0000855PATOTEMP_57a2092d-7ca1-4bb0-b34f-afa8a5b8114a	C_EQ_1
5	0	UBERONTEMP_657f231c-3c4d-4853-a17f-82c710315be6PATO_0000462	C_EQ_2
5	1	UBERONTEMP_ba10737a-6aef-4435-b85f-4761b4978e5fBFO_0000050CL_0000855PATOTEMP_57a2092d-7ca1-4bb0-b34f-afa8a5b8114a	C_EQ_1
5	1	UBERONTEMP_657f231c-3c4d-4853-a17f-82c710315be6PATO_0000467	C_EQ_2
5	2	CL_0000855PATOTEMP_a37eda36-7bb0-4386-a24d-383cf3a9d474	C_EQ_1
6	0	UBERON_0004529BFO_0000050BSPO_0000079BFO_0000050UBERON_0002244PATO_0000462	C_EQ_1
6	1	UBERON_0004529BFO_0000050BSPO_0000079BFO_0000050UBERON_0002244PATO_0000569	C_EQ_1
6	1	UBERON_0004529BFO_0000050BSPO_0000079BFO_0000050UBERON_0002244PATO_0000463	C_EQ_2
6	2	UBERON_0004529BFO_0000050BSPO_0000079BFO_0000050UBERON_0002244PATO_0001961UBERON_0000209	C_EQ_1
6	2	BSPO_0000072BFO_0000050UBERON_0004529BFO_0000050BSPO_0000079BFO_0000050UBERON_0002244PATO_0000586	C_EQ_2
6	3	UBERON_0004529BFO_0000050BSPO_0000079BFO_0000050UBERON_0002244PATO_0000586	C_EQ_1
6	4		C_EQ_1
7	0	BSPO_0000074BFO_0000050UBERON_0005932BFO_0000050UBERON_0010166PATO_0000462	C_EQ_1
7	1	BSPO_0000074BFO_0000050UBERON_0005932BFO_0000050UBERON_0010166PATO_0000467	C_EQ_1
8	0	UBERON_0004529BFO_0000050BSPO_0000084BFO_0000050UBERON_0004626PATO_0000462	C_EQ_1
8	0	UBERON_0004529BFO_0000050BSPO_0000084BFO_0000050UBERON_0004626PATO_0000467	C_EQ_2
8	0	UBERON_0004529BFO_0000050BSPO_0000084BFO_0000050UBERON_0004626PATO_0002235	C_EQ_3
8	1	UBERONTEMP_563fb870-053b-4273-92f9-cdada7991cd1PATO_0000467	C_EQ_1
9	0	UBERONTEMP_1a260624-dd7f-4984-a989-789d6e961a3cBFO_0000050UBERON_4000163PATO_0000462	C_EQ_1
9	1	UBERONTEMP_1a260624-dd7f-4984-a989-789d6e961a3cBFO_0000050UBERON_4000163PATO_0000467	C_EQ_1
10	0	UBERONTEMP_160a7d88-ce21-4e9f-bc46-5cb40d86b259PATO_0001633UBERON_0006054	C_EQ_1
10	1	UBERONTEMP_160a7d88-ce21-4e9f-bc46-5cb40d86b259PATO_0002443UBERON_0006054	C_EQ_1
10	2	UBERONTEMP_160a7d88-ce21-4e9f-bc46-5cb40d86b259PATO_0001632UBERON_0006054	C_EQ_1
11	0	UBERON_0005813BFO_0000050BSPO_0000084BFO_0000050BSPO_0000078BFO_0000050UBERON_0000976PATO_0001689	C_EQ_1
11	1	UBERON_0005813BFO_0000050BSPO_0000084BFO_0000050BSPO_0000078BFO_0000050UBERON_0000976PATO_0001154	C_EQ_1
12	0	UBERON_0012478BFO_0000050BSPO_0000379BFO_0000050UBERON_0000468PATO_0000462	C_EQ_1
12	1	UBERON_0012478BFO_0000050BSPO_0000379BFO_0000050UBERON_0000468PATO_0000467	C_EQ_1
13	0	UBERONTEMP_639b67b2-ef97-441e-a22c-978898847b4dPATO_0000467	C_EQ_1
13	1	UBERONTEMP_639b67b2-ef97-441e-a22c-978898847b4dPATO_0000462	C_EQ_1
14	0	UBERON_2001805PATO_0000651UBERON_0011637	C_EQ_1
14	0	UBERON_2001805PATO_0000467	C_EQ_2
14	1	UBERON_2001805PATO_0000642UBERON_0011637	C_EQ_1
15	0	UBERON_0001424PATO_0000117PHENOSCAPE_complement_ofPATO_0000586UBERON_0000976	C_EQ_1
15	1	UBERON_0001424PATO_0000586UBERON_0000976	C_EQ_1
16	0	UBERON_0001003BFO_0000050UBERON_0000162PATO_0001505BSPO_0000071BFO_0000050UBERON_0000162	C_EQ_1
16	1	UBERON_0001003BFO_0000050UBERON_0000162PATO_0001961BSPO_0000071BFO_0000050UBERON_0000162	C_EQ_1
17	0	UBERON_4200135PATO_0000651UBERON_4200135	C_EQ_1
17	1	UBERON_4200135PATO_0000642UBERON_4200135	C_EQ_1
18	0	UBERON_0002396PATO_0000651UBERON_0002396	C_EQ_1
18	1	UBERON_0002396PATO_0000642UBERON_0002396	C_EQ_1
19	0	UBERONTEMP_f17c9aff-4a92-418e-989f-b8e9dd62caf6BFO_0000050UBERON_0002244PATO_0000467	C_EQ_1
19	1	UBERONTEMP_f17c9aff-4a92-418e-989f-b8e9dd62caf6BFO_0000050UBERON_0002244PATO_0002533	C_EQ_1
19	2	UBERONTEMP_f17c9aff-4a92-418e-989f-b8e9dd62caf6BFO_0000050UBERON_0002244PATO_0000462	C_EQ_1
20	0	UBERON_0001695PATO_0001961UBERON_0000210	C_EQ_1
20	1	UBERON_0001695PATO_0001505UBERON_0000210	C_EQ_1
21	0	UBERON_0004704BFO_0000050BSPO_0000379BFO_0000050UBERON_0004328PATO_0002034	C_EQ_1
21	1	UBERON_0004704BFO_0000050BSPO_0000379BFO_0000050UBERON_0004328PATO_0001786	C_EQ_1
22	0	UBERON_2000356PATO_0000122PATO_increased_in_magnitude_relative_toPATO_0000921BFO_0000052UBERON_2000356	C_EQ_1
22	1	UBERON_2000356PATO_0000122PATO_decreased_in_magnitude_relative_toPATO_0000921BFO_0000052UBERON_2000356	C_EQ_1
23	0	UBERON_0002397PATO_0001505UBERON_0002397BSPO_0000099UBERON_0004529BFO_0000050BSPO_0000078BFO_0000050UBERON_0002244	C_EQ_1
23	1	UBERON_0002397PATO_0001961UBERON_0002397BSPO_0000099UBERON_0004529BFO_0000050BSPO_0000078BFO_0000050UBERON_0002244	C_EQ_1
24	0	UBERON_0009979BFO_0000050BSPO_0000082BFO_0000050BSPO_0000077BFO_0000050UBERON_0006597PATO_0000140PHENOSCAPE_complement_ofPATO_0001505UBERON_0009979BFO_0000050BSPO_0000083BFO_0000050BSPO_0000077BFO_0000050UBERON_0006597	C_EQ_1
24	1	UBERON_0009979BFO_0000050BSPO_0000082BFO_0000050BSPO_0000077BFO_0000050UBERON_0006597PATO_0001505UBERON_0009979BFO_0000050BSPO_0000083BFO_0000050BSPO_0000077BFO_0000050UBERON_0006597	C_EQ_1
25	0	UBERON_0001479BFO_0000050UBERON_0009879PATO_0000462	C_EQ_1
25	1	UBERON_0001479BFO_0000050UBERON_0009879PATO_0000467	C_EQ_1
26	0	UBERON_0000152PATOTEMP_0a36947e-06bd-4568-8839-91625bb902e4UBERON_0000152	C_EQ_1
26	1	UBERON_0000152PATO_0001590UBERON_0000152	C_EQ_1
27	0	UBERON_0002228BFO_0000050UBERONTEMP_6be80d29-edb2-4da5-ae46-0ceed67a11fbPATOTEMP_05e2dbcc-ba43-40e1-a80c-af1fdcb368b2	C_EQ_1
27	1	UBERON_0002228BFO_0000050UBERONTEMP_6be80d29-edb2-4da5-ae46-0ceed67a11fbPATOTEMP_09c64970-0329-4bad-9e19-2d2a9995742c	C_EQ_1
28	0	UBERON_2002283BFO_0000050UBERON_4000164PATO_0000467	C_EQ_1
28	1	UBERON_2002283BFO_0000050UBERON_4000164PATO_0000467	C_EQ_1
28	1	UBERON_2002283BFO_0000050UBERON_2000178PATO_0000467	C_EQ_2
29	0	UBERON_0002530BFO_0000050BSPO_0000082BFO_0000050UBERON_0002355PATO_0000462	C_EQ_1
29	1	UBERON_0002530BFO_0000050BSPO_0000082BFO_0000050UBERON_0002355PATO_0000467	C_EQ_1
30	0	UBERON_2000422PATO_0000140PHENOSCAPE_complement_ofPATO_0002443UBERON_0004744	C_EQ_1
30	1	UBERON_2000422PATO_0002443UBERON_0004744	C_EQ_1
31	0	UBERONTEMP_4782dceb-2798-4fc5-bc6a-f97dda50f7f0PATO_0000462	C_EQ_1
31	1	UBERONTEMP_4782dceb-2798-4fc5-bc6a-f97dda50f7f0PATO_0000467	C_EQ_1
32	0	UBERONTEMP_0238a879-c73c-4c7a-953b-9f5cda48db02PATO_0000467	C_EQ_1
32	1	UBERONTEMP_0238a879-c73c-4c7a-953b-9f5cda48db02PATO_0000462	C_EQ_1
33	0	UBERON_0004649PATO_0002391	C_EQ_1
33	0	UBERON_0004529BFO_0000050BSPO_0000071BFO_0000050BSPO_0000082BFO_0000050UBERON_0004649PATO_0000467	C_EQ_2
33	0	UBERON_0004529BFO_0000050BSPO_0000072BFO_0000050BSPO_0000082BFO_0000050UBERON_0004649PATO_0000467	C_EQ_3
33	1	UBERON_0004529BFO_0000050BSPO_0000071BFO_0000050BSPO_0000082BFO_0000050UBERON_0004649PATO_0000467	C_EQ_1
33	2	UBERON_0004649PATOTEMP_22a6171a-d202-4f19-baa9-e90d18079c0f	C_EQ_1
33	2	UBERON_0004529BFO_0000050BSPO_0000071BFO_0000050BSPO_0000082BFO_0000050UBERON_0004649PATO_0000467	C_EQ_2
33	2	UBERON_0004529BFO_0000050BSPO_0000072BFO_0000050BSPO_0000082BFO_0000050UBERON_0004649PATO_0000467	C_EQ_3
33	3	UBERON_0004649PATO_0000588	C_EQ_1
33	4	UBERON_0004649PATO_0000462	C_EQ_1
34	0	BSPO_0000072BFO_0000050UBERON_0018373BFO_0000050UBERON_0006428PATO_0000467	C_EQ_1
34	1	BSPO_0000072BFO_0000050UBERON_0018373BFO_0000050UBERON_0006428PATO_0000467	C_EQ_1
34	1	BSPO_0000072BFO_0000050UBERON_0018373BFO_0000050UBERON_0004746PATO_0000467	C_EQ_2
34	2	BSPO_0000072BFO_0000050UBERON_0018373BFO_0000050UBERON_0004746PATO_0000467	C_EQ_1
34	3	BSPO_0000072BFO_0000050UBERON_0018373BFO_0000050UBERON_0006428PATO_0000467	C_EQ_1
34	3	BSPO_0000072BFO_0000050UBERON_0018373BFO_0000050UBERON_0000210PATO_0000467	C_EQ_2
35	0	UBERON_0003674BFO_0000050UBERON_0003277PATO_0000467	C_EQ_1
35	1	UBERON_0003674BFO_0000050UBERON_0003277PATO_0000462	C_EQ_1
36	0	UBERON_0006844BFO_0000050UBERON_2002015PATOTEMP_e3db5ce9-cd00-46fd-ac2a-4e826fc6e84a	C_EQ_1
36	1	UBERON_0006844BFO_0000050UBERON_2002015PATO_0002281	C_EQ_1
36	1	UBERON_0006844BFO_0000050UBERON_2002015PATO_0005009	C_EQ_2
37	0	UBERON_0002542BFO_0000050UBERON_0001567PATO_0000462	C_EQ_1
37	1	UBERON_0002542BFO_0000050UBERON_0001567PATO_0000467	C_EQ_1
38	0	UBERON_0017163PATO_0000462	C_EQ_1
38	1	UBERONTEMP_7aa5f2b6-b717-4c00-b8a6-2d6b9751f330PATO_0000467	C_EQ_1
38	2	UBERON_0008201PATO_0000467	C_EQ_1
39	0	UBERON_2002053BFO_0000050BSPO_0000379PATO_0000701	C_EQ_1
39	1	UBERON_2002053BFO_0000050BSPO_0000379PATOTEMP_6734e62a-dd4a-43cc-8e59-c6ac7280e12c	C_EQ_1
39	1	UBERONTEMP_85b115a4-574c-4204-a53a-278a6d60a7d5PATO_0005014	C_EQ_2
39	2	UBERON_2002053BFO_0000050BSPO_0000379PATOTEMP_6734e62a-dd4a-43cc-8e59-c6ac7280e12c	C_EQ_1
39	2	UBERONTEMP_85b115a4-574c-4204-a53a-278a6d60a7d5PATO_0001154	C_EQ_2
39	3	UBERON_2002053BFO_0000050BSPO_0000379PATOTEMP_6734e62a-dd4a-43cc-8e59-c6ac7280e12c	C_EQ_1
39	3	UBERONTEMP_85b115a4-574c-4204-a53a-278a6d60a7d5PATO_0005014	C_EQ_2
39	3	UBERONTEMP_85b115a4-574c-4204-a53a-278a6d60a7d5PATO_0001154	C_EQ_3
40	0	BSPO_0000006BFO_0000050BSPO_0000071BFO_0000050UBERON_0001681PATO_0001633BSPO_0000082BFO_0000050UBERON_0001681	C_EQ_1
40	1	BSPO_0000006BFO_0000050BSPO_0000071BFO_0000050UBERON_0001681PATO_0002180	C_EQ_1
40	2	BSPO_0000006BFO_0000050BSPO_0000071BFO_0000050UBERON_0001681PATO_0001632BSPO_0000082BFO_0000050UBERON_0001681	C_EQ_1
41	0	UBERONTEMP_77dc0e17-6de8-4115-a7f6-9e692dab9029PATO_0000052PHENOSCAPE_complement_ofPATO_0002232	C_EQ_1
41	0	UBERON_0004704BFO_0000050BSPO_0000029BFO_0000050UBERONTEMP_77dc0e17-6de8-4115-a7f6-9e692dab9029PATO_0000462	C_EQ_2
41	1	UBERONTEMP_77dc0e17-6de8-4115-a7f6-9e692dab9029PATO_0002232	C_EQ_1
41	1	UBERON_0004704BFO_0000050BSPO_0000029BFO_0000050UBERONTEMP_77dc0e17-6de8-4115-a7f6-9e692dab9029PATO_0000467	C_EQ_2
42	0	UBERON_0011593PATO_0005017	C_EQ_1
42	1	UBERON_0011593PATO_0000411	C_EQ_1
42	2	UBERON_0011593PATO_0005018	C_EQ_1
43	0	UBERON_0001092PATO_0000122PATO_similar_in_magnitude_relative_toPATO_0000122BFO_0000052UBERONTEMP_6be80d29-edb2-4da5-ae46-0ceed67a11fb	C_EQ_1
43	1	UBERON_0001092PATO_0000122PATO_decreased_in_magnitude_relative_toPATO_0000122BFO_0000052UBERONTEMP_6be80d29-edb2-4da5-ae46-0ceed67a11fb	C_EQ_1
43	2	UBERON_0001092PATO_0000122PATO_increased_in_magnitude_relative_toPATO_0000122BFO_0000052UBERONTEMP_6be80d29-edb2-4da5-ae46-0ceed67a11fb	C_EQ_1
44	0	UBERON_2000271BFO_0000050BSPO_0000128PATO_0001505UBERON_2000271BFO_0000050UBERONTEMP_3c7a2d2f-ee9c-4dcb-800c-985e32d5dc83	C_EQ_1
44	0	UBERON_2000271BFO_0000050BSPO_0000128PATO_0001505UBERON_2000271BFO_0000050UBERON_0018304	C_EQ_2
44	1	UBERON_2000271BFO_0000050BSPO_0000128PATO_0002278UBERON_2000271BFO_0000050UBERONTEMP_3c7a2d2f-ee9c-4dcb-800c-985e32d5dc83	C_EQ_1
44	1	UBERON_2000271BFO_0000050BSPO_0000128PATO_0002278UBERON_2000271BFO_0000050UBERON_0018304	C_EQ_2
45	0	UBERON_0018315PATO_0000462	C_EQ_1
45	1	UBERON_0018315PATO_0000467	C_EQ_1
46	0	UBERON_2002053BFO_0000050BSPO_0000379BFO_0000050UBERON_0000468PATO_0000052	C_EQ_1
46	1	UBERON_2002053BFO_0000050BSPO_0000379BFO_0000050UBERON_0000468PATO_0000052	C_EQ_1
47	0	UBERON_2001805BFO_0000050UBERON_3000543PATO_0000467	C_EQ_1
47	1	UBERON_0011636BFO_0000050UBERON_3000543PATO_0000467	C_EQ_1
47	1	UBERON_2001805BFO_0000050UBERON_3000543PATO_0000467	C_EQ_2
47	1	UBERON_0011079BFO_0000050UBERON_3000543PATO_0000467	C_EQ_3
47	1	UBERON_0011637BFO_0000050UBERON_3000543PATO_0000467	C_EQ_4
48	0	UBERON_0010889PATO_0000117PHENOSCAPE_complement_ofPATO_0000586	C_EQ_1
48	1	UBERON_0010889PATO_0002253	C_EQ_1
48	1	BSPO_0000679BFO_0000050UBERON_0010889PATO_0000642UBERON_0000209	C_EQ_2
48	1	BSPO_0000071BFO_0000050UBERON_0010889PATO_0000586	C_EQ_3
48	2	BSPO_0000029BFO_0000050UBERON_0010889PATO_0000586	C_EQ_1
49	0	UBERON_0018324BFO_0000050UBERON_2001594PATO_0000462	C_EQ_1
49	1	UBERON_0018324BFO_0000050UBERON_2001594PATO_0000467	C_EQ_1
50	0	UBERON_2001744RO_0002220UBERON_0018284PATO_0000462	C_EQ_1
50	1	UBERON_2001744RO_0002220UBERON_0018284PATO_0000467	C_EQ_1
51	0	UBERON_0018365PATO_0000573BSPO_0000071BFO_0000050UBERON_0000210BSPO_0000096UBERON_0018346	C_EQ_1
51	1	UBERON_0018365PATO_0000574	C_EQ_1
51	2	UBERON_0018365PATO_0000462	C_EQ_1
52	0	UBERON_2002053BFO_0000050BSPO_0000384BFO_0000050UBERON_0000468PATO_0000462	C_EQ_1
52	1	UBERON_2002053BFO_0000050BSPO_0000384BFO_0000050UBERON_0000468PATO_0000467	C_EQ_1
53	0	UBERON_0004111BFO_0000050UBERON_0000210PATO_0000070	C_EQ_1
53	1	UBERON_0004111BFO_0000050UBERON_0000210PATO_0000070	C_EQ_1
54	0	UBERON_0010202BFO_0000050UBERON_0002542PATO_0000462	C_EQ_1
54	1	UBERON_0010202BFO_0000050UBERON_0002542PATO_0000467	C_EQ_1
55	0	UBERON_2001737PATOTEMP_00070c57-8765-451b-978f-0b8f877bb858UBERON_0004743	C_EQ_1
55	1	UBERON_2001737PATOTEMP_00070c57-8765-451b-978f-0b8f877bb858UBERON_0006849	C_EQ_1
55	1	UBERON_2001737PATOTEMP_00070c57-8765-451b-978f-0b8f877bb858UBERON_0004743	C_EQ_2
55	2	UBERON_2001737PATO_0000462	C_EQ_1
56	0	UBERON_0010750PATO_0000467	C_EQ_1
56	1	UBERON_0010750PATO_0000462	C_EQ_1
57	0	UBERON_2001967PATO_0000411	C_EQ_1
57	1	UBERON_2001967PATO_0000947	C_EQ_1
58	0	UBERONTEMP_3a1a30ab-0e76-41f1-b5f9-46083dfd62e2PATO_0000462	C_EQ_1
58	1	UBERONTEMP_3a1a30ab-0e76-41f1-b5f9-46083dfd62e2PATO_0000467	C_EQ_1
59	0	UBERON_0003624PATO_0000573UBERON_0003623	C_EQ_1
59	1	UBERON_0003624PATO_0000574UBERON_0003623	C_EQ_1
60	0	UBERON_0000468PATO_0002212	C_EQ_1
60	1	UBERON_0000468PATOTEMP_4c9173de-0026-45c4-ae15-94c5f7be4ca5	C_EQ_1
61	0	UBERON_0011079PATO_0000467	C_EQ_1
61	1	UBERON_0011079PATO_0000462	C_EQ_1
62	0	UBERON_0018321PATO_0000140PHENOSCAPE_complement_ofPATO_0001633UBERON_0004637	C_EQ_1
62	1	UBERON_0018321PATO_0001633UBERON_0004637	C_EQ_1
63	0	UBERON_4200039PATO_0000587	C_EQ_1
63	1	UBERON_4200039PATO_0000586	C_EQ_1
64	0	UBERONTEMP_2ce13942-7494-4362-88e4-998b6b265619PATO_similar_in_magnitude_relative_toPATO_0000122BFO_0000052UBERONTEMP_b6073a7c-f7d2-4395-87df-aee1b129357bPATO_0000467	C_EQ_1
64	1	UBERONTEMP_2ce13942-7494-4362-88e4-998b6b265619PATO_0000586UBERONTEMP_b6073a7c-f7d2-4395-87df-aee1b129357b	C_EQ_1
65	0	UBERON_0001533RO_0002220UBERON_0003120PATO_0000467	C_EQ_1
65	0	UBERON_0001533RO_0002220UBERON_0003121PATO_0000467	C_EQ_2
65	1	UBERON_0001533RO_0002220UBERON_0001070RO_0002220UBERON_0001532PATO_0000467	C_EQ_1
65	2	UBERON_0001533PATO_0001632UBERONTEMP_c5a21453-7fe5-40f8-9688-51b73af91f7b	C_EQ_1
65	3		C_EQ_1
66	0	UBERON_0001077BFO_0000050UBERON_0004612PATO_0001505UBERON_0001080BFO_0000050UBERON_0004612	C_EQ_1
66	1	UBERON_0001077BFO_0000050UBERON_0004612PATO_0001961UBERON_0001080BFO_0000050UBERON_0004612	C_EQ_1
67	0	UBERON_0002244PATO_0000651UBERON_0002244	C_EQ_1
67	1	UBERON_0002244PATO_0000642UBERON_0002244	C_EQ_1
68	0	UBERON_4100003BFO_0000050BSPO_0000028BFO_0000050UBERON_0004637RO_0002220UBERON_0001685PATO_0000462	C_EQ_1
68	1	UBERON_4100003BFO_0000050BSPO_0000028BFO_0000050UBERON_0004637RO_0002220UBERON_0001685PATO_0000467	C_EQ_1
69	0	UBERON_0018361PATO_0000052PHENOSCAPE_complement_ofPATO_0000600	C_EQ_1
69	1	UBERON_0018361PATO_0000600	C_EQ_1
70	0	UBERON_0001716RO_0002220UBERON_0018314PATO_0000462	C_EQ_1
70	1	UBERON_0001716RO_0002220UBERON_0018314PATO_0000467	C_EQ_1
70	1	UBERON_0018314PATO_0001233UBERON_0001716	C_EQ_2
70	2	UBERON_0004529BFO_0000050BSPO_0000112BFO_0000050UBERON_0001716PATO_0001196UBERON_0004529BFO_0000050BSPO_0000069BFO_0000050UBERON_0001716	C_EQ_1
70	3	UBERON_0001716RO_0002220UBERONTEMP_c26384bd-0537-4622-8056-0ea424be550cPATO_0001961UBERON_0018314RO_0002220UBERONTEMP_c26384bd-0537-4622-8056-0ea424be550c	C_EQ_1
71	0	UBERON_3000344PATO_0000462	C_EQ_1
71	1	UBERON_3000344BFO_0000050UBERON_0001680BFO_0000050UBERON_0001682PATO_0000467	C_EQ_1
71	2	UBERON_3000344BFO_0000050UBERON_0010750BFO_0000050UBERON_0002397BFO_0000050UBERON_0001682PATO_0000467	C_EQ_1
71	2	UBERON_3000344BFO_0000050UBERON_0010750BFO_0000050UBERON_3010146BFO_0000050UBERON_0001682PATO_0000467	C_EQ_2
72	0	BSPO_0000682BFO_0000050UBERON_0018316PATO_0000052PHENOSCAPE_complement_ofPATO_0001495	C_EQ_1
72	1	BSPO_0000682BFO_0000050UBERON_0018316PATO_0001495	C_EQ_1
73	0	BSPO_0000672BFO_0000050UBERON_0004743PATO_0000052PHENOSCAPE_complement_ofPATO_0001495	C_EQ_1
73	1	BSPO_0000672BFO_0000050UBERON_0004743PATO_0001495	C_EQ_1
74	0	UBERON_2001632PATO_0000467	C_EQ_1
74	1	UBERON_2001632PATO_0000462	C_EQ_1
75	0	BSPO_0000072BFO_0000050UBERON_4100100PATO_0000600	C_EQ_1
75	1	UBERON_4100100PATO_0000462	C_EQ_1
75	1	BSPO_0000072BFO_0000050UBERON_4100100PATO_0000599	C_EQ_2
76	0	UBERON_0000165PATO_0002259BSPO_0000671BFO_0000050UBERON_2001967	C_EQ_1
76	1	UBERON_0000165PATO_0001505BSPO_0000671BFO_0000050UBERON_2001967	C_EQ_1
77	0	UBERON_0018318PATO_0000467	C_EQ_1
77	1	UBERON_0018318PATO_0000587	C_EQ_1
77	1	UBERON_0018318PATO_0000462	C_EQ_2
78	0	UBERON_0001107PATO_0000462	C_EQ_1
78	1	UBERON_0001107PATO_0000467	C_EQ_1
79	0	UBERON_0018347PATO_0000140PHENOSCAPE_complement_ofPATO_0001961UBERON_0001688	C_EQ_1
79	1	UBERON_0018347PATO_0001961UBERON_0001688	C_EQ_1
80	0	UBERON_0000088PATO_0000462	C_EQ_1
80	1	UBERON_0000088PATO_0000467	C_EQ_1
81	0	UBERON_4100005BFO_0000050UBERON_0006048UBERON_has_muscle_originUBERONTEMP_0eca0bcc-9e29-446d-bd9a-619176176347PATO_0000462	C_EQ_1
81	1	UBERON_4100005BFO_0000050UBERON_0006048UBERON_has_muscle_originUBERONTEMP_0eca0bcc-9e29-446d-bd9a-619176176347PATO_0000467	C_EQ_1
82	0	UBERON_4200037PATO_0000586	C_EQ_1
82	0	UBERON_4200037PATO_0001505UBERON_0004652	C_EQ_2
82	0	UBERON_4200037PATO_0001051UBERON_0004652	C_EQ_3
82	1	UBERON_4200037PATO_0000586	C_EQ_1
82	1	UBERON_4200037PATO_0002272UBERON_0004652	C_EQ_2
82	1	UBERON_4200037PATO_0001505UBERON_0004652	C_EQ_3
82	2	UBERON_4200037PATO_0000587	C_EQ_1
82	2	UBERON_4200037PATO_0005011UBERON_0004652	C_EQ_2
83	0	UBERON_2002097RO_0002220UBERON_0001833PATO_0000462	C_EQ_1
83	1	UBERON_2002097RO_0002220UBERON_0001833PATO_0000467	C_EQ_1
84	0	UBERON_0002392PATO_0000467	C_EQ_1
84	1	UBERON_0002392PATO_0000462	C_EQ_1
85	0	UBERON_0018340BSPO_0000102UBERON_0010202PATO_0000467	C_EQ_1
85	2	UBERON_0018340PATO_0000462	C_EQ_1
85	1	UBERON_0018340BSPO_0000098UBERON_0010202PATO_0000467	C_EQ_1
86	0	UBERON_4400000PATO_0000140PHENOSCAPE_complement_ofPATO_0001961UBERONTEMP_6b641a8b-ba2a-41b9-a986-8cab10625b6aBFO_0000050UBERON_0001421	C_EQ_1
86	1	UBERON_4400000PATO_0001961UBERONTEMP_6b641a8b-ba2a-41b9-a986-8cab10625b6aBFO_0000050UBERON_0001421	C_EQ_1
87	0	UBERON_0004111RO_0002221UBERON_3010219PATO_0000467	C_EQ_1
87	1	UBERON_0004111RO_0002221UBERON_3010219PATO_0000462	C_EQ_1
88	0	UBERON_0001324PATO_0000467	C_EQ_1
88	1	UBERON_0001324PATO_0000462	C_EQ_1
89	0	UBERON_0009979BFO_0000050UBERON_0009979PATO_0000462	C_EQ_1
89	1	UBERON_0009979BFO_0000050UBERON_0009979PATO_0000467	C_EQ_1
90	0	UBERON_0000209PATO_0001505BSPO_0000071BFO_0000050UBERON_0002397	C_EQ_1
90	1	UBERON_0000209PATO_0001961BSPO_0000071BFO_0000050UBERON_0002397	C_EQ_1
91	0	UBERON_0001682PATO_0001505UBERON_0010389	C_EQ_1
91	1	UBERON_0001682PATO_0000642UBERON_0010389	C_EQ_1
92	0	UBERON_0002228BFO_0000050UBERON_0002413PATO_0002180	C_EQ_1
92	1	UBERON_0002228BFO_0000050UBERON_0002413PATO_0002272UBERON_0001075BFO_0000050UBERON_0002413	C_EQ_1
93	0	UBERONTEMP_69d443e4-368e-4754-8ca1-a2e702f2ac97PATO_0000462	C_EQ_1
93	1	UBERONTEMP_69d443e4-368e-4754-8ca1-a2e702f2ac97PATO_0000467	C_EQ_1
94	0	UBERON_3010069PATO_0000586UBERON_3010060	C_EQ_1
94	1	UBERON_3010069PATO_0000587UBERON_3010060	C_EQ_1
94	2	UBERON_3010069PATO_0000462	C_EQ_1
95	0	UBERON_0018279BFO_0000050UBERON_0018284PATO_0000462	C_EQ_1
95	1	UBERON_0018279BFO_0000050UBERON_0018284PATO_0000467	C_EQ_1
96	0	UBERON_0018355PATO_0000462	C_EQ_1
96	1	UBERON_0018355PATO_0000467	C_EQ_1
97	0	UBERON_1500006PATO_0001646UBERON_0000309	C_EQ_1
97	1	UBERON_1500006PATO_0001195UBERON_0000309	C_EQ_1
98	0	UBERON_2002283BFO_0000050UBERON_4000164PATO_0001233UBERON_0010202	C_EQ_1
98	2	UBERON_2002283BFO_0000050UBERON_4000164PATO_0001854	C_EQ_1
98	1	UBERON_2002283BFO_0000050UBERON_4000164PATO_0002259UBERON_0010202	C_EQ_1
99	0	UBERON_0018356PATO_0000462	C_EQ_1
99	1	UBERON_0018356PATO_0000467	C_EQ_1
100	0	BSPO_0000071BFO_0000050UBERON_0004742PATO_0001205	C_EQ_1
100	1	BSPO_0000071BFO_0000050UBERON_0004742PATOTEMP_7955e78d-e692-4c12-ae63-0f2ed12465b4	C_EQ_1
101	0	UBERON_0010710PATO_0000052PHENOSCAPE_complement_ofPATOTEMP_eeb348ab-4d7f-4129-9b9d-c0a08341c5ec	C_EQ_1
101	1	UBERON_0010710PATOTEMP_eeb348ab-4d7f-4129-9b9d-c0a08341c5ec	C_EQ_1
102	0	UBERON_0006849PATO_0000586UBERON_0004743	C_EQ_1
102	0	UBERON_0006849PATO_0000117PATO_similar_in_magnitude_relative_toPATO_0000117BFO_0000052UBERON_0004743	C_EQ_2
102	1	UBERON_0006849PATO_0000587UBERON_0004743	C_EQ_1
102	2	UBERON_0006849PATO_0000462	C_EQ_1
102	2	UBERON_0004743PATO_0000462	C_EQ_2
103	0	UBERON_0001649PATO_0000140PHENOSCAPE_complement_ofPATO_0001646UBERON_0018339	C_EQ_1
103	1	UBERON_0001649PATO_0001646UBERON_0018339	C_EQ_1
104	0	UBERON_3000543PATO_0000462	C_EQ_1
104	0	UBERON_3000543PATO_0000587	C_EQ_2
104	0	UBERON_3000543PATO_0000599	C_EQ_3
104	1	UBERON_3000543PATO_0002359	C_EQ_1
104	1	UBERON_3000543PATO_0001857	C_EQ_2
105	0	BSPO_0000072BFO_0000050BSPO_0000084BFO_0000050UBERON_0005813BFO_0000050BSPO_0000077BFO_0000050UBERON_0000976PATO_0000117PATO_decreased_in_magnitude_relative_toUBERON_0006801	C_EQ_1
105	1	BSPO_0000072BFO_0000050BSPO_0000084BFO_0000050UBERON_0005813BFO_0000050BSPO_0000077BFO_0000050UBERON_0000976PATO_0000117PATO_increased_in_magnitude_relative_toUBERON_0006801	C_EQ_1
106	0	UBERON_0018358PATO_0000133PHENOSCAPE_complement_ofPATO_0001658	C_EQ_1
106	0	UBERON_0018358PATO_0000133PHENOSCAPE_complement_ofPATO_0001659	C_EQ_2
106	1	UBERON_0018358PATO_0001658	C_EQ_1
106	1	UBERON_0018358PATO_0001659	C_EQ_2
107	0	UBERON_0018349PATO_0001784	C_EQ_1
107	1	UBERON_0018349PATO_0002397	C_EQ_1
108	0	UBERON_0004411PATO_0005011UBERON_0004652	C_EQ_1
108	1	UBERON_0004411PATO_0001659UBERON_0004652	C_EQ_1
109	0	UBERON_0018333PATO_0000462	C_EQ_1
109	1	UBERON_0018333PATO_0000467	C_EQ_1
110	0	UBERONTEMP_faea86d9-5281-441b-be89-0f0be1d49129PATO_0000462	C_EQ_1
110	1	UBERONTEMP_faea86d9-5281-441b-be89-0f0be1d49129PATO_0000467	C_EQ_1
110	1	UBERONTEMP_faea86d9-5281-441b-be89-0f0be1d49129PATO_0001503	C_EQ_2
110	2	UBERONTEMP_faea86d9-5281-441b-be89-0f0be1d49129PATO_0002257	C_EQ_1
111	0	UBERON_0001682BSPO_0000096UBERON_0010425PATO_0001505UBERON_0001682BSPO_0000096UBERON_0010425	C_EQ_1
111	1	UBERON_0001682BSPO_0000096UBERON_0010425PATO_0000642UBERON_0001682BSPO_0000096UBERON_0010425	C_EQ_1
112	0	UBERON_4300006BFO_0000050UBERON_0001567PATO_0000632	C_EQ_1
112	0	UBERON_0002542BFO_0000050UBERON_0001567PATO_0000438	C_EQ_2
112	1	UBERON_4300006BFO_0000050UBERON_0001567PATO_0000616	C_EQ_1
112	1	UBERON_0002542BFO_0000050UBERON_0001567PATOTEMP_04e01d50-b0fd-431f-9aea-10856ba1d8c3	C_EQ_2
113	0	UBERON_0018292BFO_0000050UBERON_0018301PATO_0001961UBERON_0018290BFO_0000050UBERON_0018301	C_EQ_1
113	1	UBERON_0018292BFO_0000050UBERON_0018301PATO_0001505UBERON_0018290BFO_0000050UBERON_0018301	C_EQ_1
114	0	BSPO_0000072BFO_0000050UBERON_0000060BFO_0000050UBERON_0006332PATO_0000608	C_EQ_1
114	1	BSPO_0000072BFO_0000050UBERON_0000060BFO_0000050UBERON_0006332PATO_0000610	C_EQ_1
115	0	UBERON_0001692BFO_0000050UBERON_0006811PATO_0000467	C_EQ_1
115	0	UBERON_0001693BFO_0000050UBERON_0006811PATO_0000467	C_EQ_2
115	0	UBERON_0006811PATO_0000947	C_EQ_3
115	1	UBERON_0001693BFO_0000050UBERON_0006811PATO_0000467	C_EQ_1
115	2	UBERON_0001692BFO_0000050UBERON_0006811PATO_0000467	C_EQ_1
115	2	UBERON_0001693BFO_0000050UBERON_0006811PATO_0000467	C_EQ_2
115	2	UBERON_0006811PATO_0001879	C_EQ_3
115	3	UBERON_0001692BFO_0000050UBERON_0006811PATO_0000467	C_EQ_1
116	0	UBERON_0010910PATO_0001505UBERON_0001567	C_EQ_1
116	1	UBERON_0010910PATO_0001961UBERON_0001567	C_EQ_1
117	0	UBERON_3010060PATO_0000070	C_EQ_1
117	0	UBERON_0001451PATO_0000070	C_EQ_2
117	1	UBERON_3010060PATO_0000467	C_EQ_1
117	1	UBERON_0001451PATO_0000467	C_EQ_2
118	0	UBERON_0018352PATO_0000462	C_EQ_1
118	1	UBERON_0018352PATO_0000467	C_EQ_1
119	0	UBERON_0010358BFO_0000050BSPO_0000071BFO_0000050UBERON_0002090PATO_0000140PHENOSCAPE_complement_ofPATO_0000642UBERON_0010358BFO_0000050BSPO_0000071BFO_0000050UBERON_0002090	C_EQ_1
119	1	UBERON_0010358BFO_0000050BSPO_0000071BFO_0000050UBERON_0002090PATO_0000642UBERON_0010358BFO_0000050BSPO_0000071BFO_0000050UBERON_0002090	C_EQ_1
120	0	UBERON_2002257PATO_0000586	C_EQ_1
120	1	UBERON_2002257PATO_0000117PHENOSCAPE_complement_ofPATO_0000586	C_EQ_1
121	0	UBERON_0018366BFO_0000050BSPO_0000078BFO_0000050UBERON_0008194PATO_0001448	C_EQ_1
121	1	UBERON_0018366BFO_0000050BSPO_0000078BFO_0000050UBERON_0008194PATO_0000037PHENOSCAPE_complement_ofPATO_0001448	C_EQ_1
122	0	UBERON_2000271BSPO_0000097UBERON_0000309PATO_0001505UBERON_4000163	C_EQ_1
122	1	UBERON_2000271BSPO_0000097UBERON_0000309PATO_0001961UBERON_4000163	C_EQ_1
123	0	UBERON_2002097BSPO_0000098UBERON_2001967PATO_0002285	C_EQ_1
123	1	UBERON_2002097BSPO_0000098UBERON_2001967PATO_0002286	C_EQ_1
124	0	UBERON_2001054PATO_0000052PHENOSCAPE_complement_ofPATO_0000573	C_EQ_1
124	1	UBERON_2001054PATO_0000573	C_EQ_1
125	0	UBERON_0018299PATO_0000117PATO_similar_in_magnitude_relative_toPATO_0000117BFO_0000052UBERON_0001091	C_EQ_1
125	0	UBERON_0003672BFO_0000050BSPO_0000072BFO_0000050UBERON_0001708PATO_0000587	C_EQ_2
125	2	UBERON_0018299PATO_0000122PATO_increased_in_magnitude_relative_toPATO_0000122BFO_0000052UBERON_0001091	C_EQ_1
125	1	UBERON_0018299BFO_0000050UBERON_0003277PATO_0000586	C_EQ_1
125	1	UBERON_0003672BFO_0000050UBERON_0003278PATO_0000587	C_EQ_2
126	0	UBERON_0001681PATO_0001961UBERON_0010750	C_EQ_1
126	1	UBERON_0001681PATO_0001505UBERON_0010750	C_EQ_1
127	0	UBERONTEMP_36313895-f75e-421c-9022-8397d0be3b8fPATO_0000140BSPO_0000083BFO_0000050UBERON_0012071	C_EQ_1
127	1	UBERONTEMP_36313895-f75e-421c-9022-8397d0be3b8fPATO_0002272UBERON_0002244	C_EQ_1
127	1	UBERONTEMP_36313895-f75e-421c-9022-8397d0be3b8fPATO_0002272UBERON_0002397	C_EQ_2
127	2	UBERONTEMP_36313895-f75e-421c-9022-8397d0be3b8fPATOTEMP_d475253e-b1cf-44e9-9585-cfc88bab1ea1	C_EQ_1
128	0	UBERON_0011267PATO_0000467	C_EQ_1
128	1	UBERON_0011267PATO_0000462	C_EQ_1
129	0	BSPO_0000072BFO_0000050UBERON_0000401PATO_0000052PHENOSCAPE_complement_ofPATO_0000600	C_EQ_1
129	0	BSPO_0000072BFO_0000050UBERON_0000401PATO_0000052PHENOSCAPE_complement_ofPATO_0002053	C_EQ_2
129	1	BSPO_0000072BFO_0000050UBERON_0000401PATO_0000600	C_EQ_1
129	1	BSPO_0000072BFO_0000050UBERON_0000401PATO_0002053	C_EQ_2
130	0	UBERON_2002097BSPO_0000099UBERON_2001967PATOTEMP_48f330a2-e7e6-4170-b41b-05294420d337	C_EQ_1
130	1	UBERON_2002097BSPO_0000099UBERON_2001967PATOTEMP_a5dea2e1-2a2f-47df-8850-d22c6e64dfcf	C_EQ_1
131	0	UBERON_0004111RO_0002220UBERON_0000941PATO_0000140BSPO_0000083BFO_0000050UBERON_2001967	C_EQ_1
131	0	UBERON_0001643PATO_0001633UBERON_0000941	C_EQ_2
131	0	UBERON_0001644PATO_0001633UBERON_0000941	C_EQ_3
131	1	UBERON_0004111RO_0002220UBERON_0000941PATO_0000140BSPO_0000083BFO_0000050UBERON_2001967	C_EQ_1
131	1	UBERON_0001644PATO_0001632UBERON_0000941	C_EQ_2
132	0	UBERON_4000174BFO_0000050UBERON_2000660PATO_0000467	C_EQ_1
132	1	UBERON_4000174BFO_0000050UBERON_2000660PATO_0002118	C_EQ_1
133	0	UBERON_0002131PATO_0000117PHENOSCAPE_complement_ofPATO_0000587	C_EQ_1
133	0	UBERON_0004002PATO_0000117PHENOSCAPE_complement_ofPATO_0000586	C_EQ_2
133	0	UBERONTEMP_53e954ae-e996-4f76-a4e3-abdf5f12b906PATO_0000117PHENOSCAPE_complement_ofPATO_0000587	C_EQ_3
133	0	UBERONTEMP_d9743182-4239-4e43-9228-9bf6102c7f21PATO_0000117PHENOSCAPE_complement_ofPATO_0000587	C_EQ_4
133	1	UBERON_0002131PATO_0000587	C_EQ_1
133	1	UBERON_0004002PATO_0000586	C_EQ_2
133	1	UBERONTEMP_53e954ae-e996-4f76-a4e3-abdf5f12b906PATO_0000587	C_EQ_3
133	1	UBERONTEMP_d9743182-4239-4e43-9228-9bf6102c7f21PATO_0000587	C_EQ_4
134	0	UBERON_0002239BFO_0000050UBERON_0001095BFO_0000050BSPO_0000071BFO_0000050UBERON_0002415PATO_0000070	C_EQ_1
134	1	UBERON_0002239BFO_0000050UBERON_0001095BFO_0000050BSPO_0000071BFO_0000050UBERON_0002415PATO_0000070	C_EQ_1
134	2	UBERON_0002239BFO_0000050UBERON_0001095BFO_0000050BSPO_0000071BFO_0000050UBERON_0002415PATO_0000462	C_EQ_1
135	0	UBERONTEMP_d31e7a96-a07f-43a0-82e1-7df554b0f90eBFO_0000050BSPO_0000084BFO_0000050UBERON_2002015PATO_0000070	C_EQ_1
135	1	UBERONTEMP_d31e7a96-a07f-43a0-82e1-7df554b0f90eBFO_0000050BSPO_0000084BFO_0000050UBERON_2002015PATO_0000070	C_EQ_1
136	0	UBERON_0018326PATO_0000610	C_EQ_1
136	1	UBERON_0018326PATO_0000608	C_EQ_1
137	0	UBERON_0001423PATO_0000574UBERON_0001424	C_EQ_1
137	1	UBERON_0001423PATO_0000573UBERON_0001424	C_EQ_1
137	2	UBERON_0001423PATO_0000122UBERON_0001424	C_EQ_1
138	0	UBERON_0018364PATO_0000462	C_EQ_1
138	1	UBERON_0018364PATO_0000467	C_EQ_1
139	0	UBERON_0006844BFO_0000050BSPOTEMP_7535b6a1-f4ae-467a-8401-8e5ad78bc50bBFO_0000050UBERONTEMP_04c4d3ea-5dfe-4f59-aafa-b6875025413bPATO_0000462	C_EQ_1
139	1	UBERON_0006844BFO_0000050BSPOTEMP_7535b6a1-f4ae-467a-8401-8e5ad78bc50bBFO_0000050UBERONTEMP_04c4d3ea-5dfe-4f59-aafa-b6875025413bPATO_0000467	C_EQ_1
140	0	UBERON_0004704RO_0002220UBERON_0001860PATO_0000052PHENOSCAPE_complement_ofPATOTEMP_37a095ce-53fc-4746-80ff-f7ce2a70ffa4	C_EQ_1
140	1	UBERON_0004704RO_0002220UBERON_0001860PATOTEMP_37a095ce-53fc-4746-80ff-f7ce2a70ffa4	C_EQ_1
141	0	UBERONTEMP_3a572828-4652-4def-b807-302ff0bf534eBFO_0000050UBERON_0000993PATO_0000467	C_EQ_1
141	1	UBERONTEMP_3a572828-4652-4def-b807-302ff0bf534eBFO_0000050UBERON_0018319PATO_0000467	C_EQ_1
142	0	UBERON_0018330PATO_0000574	C_EQ_1
142	1	UBERON_0018330PATO_0000462	C_EQ_1
142	2	UBERON_0018330PATO_0000573	C_EQ_1
143	0	UBERON_0004111BFO_0000050UBERON_2001577PATO_0000462	C_EQ_1
143	1	UBERON_0004111BFO_0000050UBERON_2001577PATO_0000467	C_EQ_1
144	0	UBERONTEMP_f8cf42dc-22f9-4fd7-af44-58253f62ad24BFO_0000050UBERON_0000152PATO_0000462	C_EQ_1
144	1	UBERONTEMP_f8cf42dc-22f9-4fd7-af44-58253f62ad24BFO_0000050UBERON_0000152PATO_0000467	C_EQ_1
145	0	UBERON_0003675BFO_0000050UBERON_0011593PATO_0002211	C_EQ_1
145	1	UBERON_0003675BFO_0000050UBERON_0011593PATO_0002021	C_EQ_1
145	2	UBERON_0003675BFO_0000050UBERON_0011593PATO_0002535	C_EQ_1
145	3	UBERON_0003675BFO_0000050UBERON_0011593PATO_0002457	C_EQ_1
146	0	UBERON_2000356BFO_0000050UBERON_2001899BFO_0000050UBERON_0003114PATO_0000140PHENOSCAPE_complement_ofPATO_0001645BSPO_0000083BFO_0000050UBERON_0003114	C_EQ_1
146	1	UBERON_2000356BFO_0000050UBERON_2001899BFO_0000050UBERON_0003114PATO_0001645BSPO_0000083BFO_0000050UBERON_0003114	C_EQ_1
147	0	UBERONTEMP_8c052198-acff-4165-b1a0-fd6bb2de6e10PATO_0000462	C_EQ_1
147	1	UBERONTEMP_8c052198-acff-4165-b1a0-fd6bb2de6e10PATO_0000467	C_EQ_1
148	0	UBERON_0003677BFO_0000050UBERONTEMP_d4846e28-ff2f-4703-bb83-94c53fdeff79PATO_0000467	C_EQ_1
148	1	UBERON_0003677BFO_0000050UBERONTEMP_d4846e28-ff2f-4703-bb83-94c53fdeff79PATO_0001786	C_EQ_1
148	2	UBERON_0003677BFO_0000050UBERONTEMP_d4846e28-ff2f-4703-bb83-94c53fdeff79PATO_0001473	C_EQ_1
149	0	UBERON_0001153PATO_0000462	C_EQ_1
149	1	UBERON_0001153PATO_0000467	C_EQ_1
150	0	UBERON_0018303UBERON_0018268	C_EQ_1
150	1	UBERON_0018303UBERON_0018269	C_EQ_1
150	2	UBERON_0018303UBERON_0018270	C_EQ_1
150	3	UBERON_0018303UBERON_0018271	C_EQ_1
151	0	UBERON_0006844BFO_0000050UBERON_0016931BFO_0000050UBERON_0013164PATO_0000462	C_EQ_1
151	1	UBERON_0006844BFO_0000050UBERON_0016931BFO_0000050UBERON_0013164PATO_0000467	C_EQ_1
152	0	UBERON_0010008PATO_0000070	C_EQ_1
152	1	UBERON_0010008PATO_0000070	C_EQ_1
153	0	UBERON_3010021PATO_0000462	C_EQ_1
153	0	UBERON_3010031PATO_0000462	C_EQ_2
153	1	UBERON_3010021PATO_0000467	C_EQ_1
153	1	UBERON_3010031PATO_0000467	C_EQ_2
154	0	UBERON_3000162PATO_0000462	C_EQ_1
154	1	UBERON_3000162PATO_0000467	C_EQ_1
155	0	UBERON_2001805PATO_0001505UBERON_0011637	C_EQ_1
155	1	UBERON_2001805PATO_0000462	C_EQ_1
155	1	UBERON_2001805PATO_0000642UBERON_0011637	C_EQ_2
156	0	UBERON_0018351PATO_0000462	C_EQ_1
156	1	UBERON_0018351PATO_0000467	C_EQ_1
157	0	UBERON_0011598PATO_0000462	C_EQ_1
157	1	UBERON_0011598PATO_0000467	C_EQ_1
158	0	UBERON_0002530BFO_0000050BSPO_0000079BFO_0000050UBERON_0002355PATO_0000462	C_EQ_1
158	1	UBERON_0002530BFO_0000050BSPO_0000079BFO_0000050UBERON_0002355PATO_0000467	C_EQ_1
159	0	UBERON_0002097BSPO_0000098UBERON_0002542BFO_0000050UBERON_0001443PATO_0000591	C_EQ_1
159	1	UBERON_0002097BSPO_0000098UBERON_0002542BFO_0000050UBERON_0001443PATO_0000052PHENOSCAPE_complement_ofPATO_0000591	C_EQ_1
160	0	UBERON_2002097BSPO_0000102UBERON_2001967PATO_0002285	C_EQ_1
160	1	UBERON_2002097BSPO_0000102UBERON_2001967PATO_0002286	C_EQ_1
161	0	UBERON_0000468PATO_0000122	C_EQ_1
161	1	UBERON_0000468PATO_0000122	C_EQ_1
162	0	UBERON_3001003PATO_0000462	C_EQ_1
162	1	UBERON_3001003PATO_0000467	C_EQ_1
163	0	UBERON_0018342PATO_0000467	C_EQ_1
163	1	UBERON_0018342PATO_0000462	C_EQ_1
164	0	UBERON_0010750PATO_0000140PHENOSCAPE_complement_ofPATO_0001961UBERON_0001683	C_EQ_1
164	1	UBERON_0010750PATO_0001961UBERON_0001683	C_EQ_1
165	0	BSPO_0000077BFO_0000050UBERON_0001684PATO_0000117PHENOSCAPE_complement_ofPATO_0000587	C_EQ_1
165	1	BSPO_0000077BFO_0000050UBERON_0001684PATO_0000587	C_EQ_1
166	0	UBERONTEMP_1d4e7a81-d385-4100-8f7c-5eee3b0adb52PATO_0000467	C_EQ_1
166	1	UBERONTEMP_1d4e7a81-d385-4100-8f7c-5eee3b0adb52PATO_0000467	C_EQ_1
166	1	UBERON_2001995BFO_0000050UBERONTEMP_1d4e7a81-d385-4100-8f7c-5eee3b0adb52PATO_0000462	C_EQ_2
166	2	UBERONTEMP_1d4e7a81-d385-4100-8f7c-5eee3b0adb52PATO_0000462	C_EQ_1
167	0	UBERON_0003097BSPO_0000098UBERON_0002355PATO_0000462	C_EQ_1
167	1	UBERON_0003097BSPO_0000098UBERON_0002355PATO_0000467	C_EQ_1
168	0	UBERON_0018328PATO_0000610	C_EQ_1
168	1	UBERON_0004111RO_0002220UBERON_0004096PATOTEMP_00070c57-8765-451b-978f-0b8f877bb858UBERON_0002481	C_EQ_1
169	0	UBERONTEMP_d31e7a96-a07f-43a0-82e1-7df554b0f90eBFO_0000050UBERON_0001682BFO_0000050UBERON_0005871PATO_0002399	C_EQ_1
169	0	UBERONTEMP_d31e7a96-a07f-43a0-82e1-7df554b0f90eBFO_0000050UBERON_0001682BFO_0000050UBERON_0005871PATO_0002503	C_EQ_2
169	1	UBERONTEMP_d31e7a96-a07f-43a0-82e1-7df554b0f90eBFO_0000050UBERON_0001682BFO_0000050UBERON_0005871PATOTEMP_2c9b5f55-81ea-49f8-ae62-206012b21b6f	C_EQ_1
170	0	UBERON_0001075PATOTEMP_84d9e937-e6fa-4f66-8b9c-d5be0aecc840	C_EQ_1
170	1	UBERON_0001075PATOTEMP_48780822-3fd1-43cb-a9d1-1d81e973da86	C_EQ_1
170	2	UBERON_0001075PATOTEMP_26c2aad8-84b2-4a78-b697-cc8f02712462	C_EQ_1
171	0	BSPO_0000072BFO_0000050UBERON_0002355PATO_0001600	C_EQ_1
171	1	BSPO_0000072BFO_0000050UBERON_0002355PATO_0000133PHENOSCAPE_complement_ofPATO_0001600	C_EQ_1
172	0	UBERON_0002397PATO_0005011UBERON_0018332	C_EQ_1
172	1	BSPO_0000672BFO_0000050UBERON_0002397PATO_0002156	C_EQ_1
172	1	BSPO_0000672BFO_0000050UBERON_0002397PATO_0001600	C_EQ_2
173	0	UBERON_0018363PATO_0000467	C_EQ_1
173	1	UBERON_0018363PATO_0000462	C_EQ_1
174	0	UBERON_0002030PATO_0000462	C_EQ_1
174	1	UBERON_0002030PATO_0000467	C_EQ_1
175	0	UBERON_3000365BFO_0000050UBERON_0004752PATO_0000117PHENOSCAPE_complement_ofPATO_0000586	C_EQ_1
175	1	UBERON_3000365BFO_0000050UBERON_0004752PATO_0000586	C_EQ_1
176	0	UBERON_4300006BSPO_0000098UBERON_0018370BSPO_0000102UBERON_0003095PATO_0000070	C_EQ_1
176	1	UBERON_4300006BSPO_0000098UBERON_0018370BSPO_0000102UBERON_0003095PATO_0000070	C_EQ_1
177	0	UBERON_0018273PATO_0000467	C_EQ_1
177	1	UBERON_0018273PATO_0000462	C_EQ_1
178	0	UBERON_0004529BFO_0000050BSPO_0000082BFO_0000050UBERON_0000210RO_0002220UBERON_0002489PATO_0000406	C_EQ_1
178	1	BSPOTEMP_5d0de219-6a62-4de6-ad60-b36fcef9a878BFO_0000050UBERON_0000209PATO_0002272BSPOTEMP_5d0de219-6a62-4de6-ad60-b36fcef9a878BFO_0000050UBERON_0000210	C_EQ_1
179	0	UBERON_0018291BFO_0000050UBERON_0003666PATO_0000462	C_EQ_1
179	1	UBERON_0018291BFO_0000050UBERON_0003666PATO_0000467	C_EQ_1
180	0	UBERON_0018360PATO_0000462	C_EQ_1
180	1	UBERON_0018360PATO_0000587	C_EQ_1
180	2	UBERON_0018360PATO_0000586	C_EQ_1
181	0	UBERON_0018295PATO_0002448UBERON_0018293	C_EQ_1
181	0	UBERON_0018295PATO_0002448UBERON_0018344	C_EQ_2
181	0	UBERON_0018295PATO_0002448UBERON_0018298	C_EQ_3
181	1	UBERON_0018295PATO_0002448BSPOTEMP_659dc02e-cee1-49ee-96db-fd1988ce4f99BFO_0000050UBERON_0018288	C_EQ_1
181	2	UBERON_0018295PATO_0002448UBERON_2001840BFO_0000050UBERON_0018288	C_EQ_1
182	0	UBERON_0018267PATO_0000462	C_EQ_1
182	1	UBERON_0018267PATO_0001495	C_EQ_1
182	2	UBERON_0018267PATOTEMP_00070c57-8765-451b-978f-0b8f877bb858UBERON_0002481	C_EQ_1
183	0	UBERONTEMP_2e96fd5c-b044-4a59-a92a-e0f782541f91PATO_0000117PHENOSCAPE_complement_ofPATO_0000586	C_EQ_1
183	1	UBERONTEMP_2e96fd5c-b044-4a59-a92a-e0f782541f91PATO_0000586	C_EQ_1
184	0	BSPO_0000684BFO_0000050UBERON_0004742PATO_0002180	C_EQ_1
184	1	BSPO_0000684BFO_0000050UBERON_0004742PATO_0001857	C_EQ_1
184	2	BSPO_0000684BFO_0000050UBERON_0004742PATO_0001355	C_EQ_1
184	3	BSPO_0000684BFO_0000050UBERON_0004742PATO_0001857	C_EQ_1
184	3	BSPO_0000684BFO_0000050UBERON_0004742PATO_0001355	C_EQ_2
185	0	UBERON_0018359RO_0002220UBERONTEMP_c26384bd-0537-4622-8056-0ea424be550cPATO_0000140PHENOSCAPE_complement_ofPATO_0001961UBERON_0018359RO_0002220UBERONTEMP_c26384bd-0537-4622-8056-0ea424be550c	C_EQ_1
185	1	UBERON_0018359RO_0002220UBERONTEMP_c26384bd-0537-4622-8056-0ea424be550cPATO_0001961UBERON_0018359RO_0002220UBERONTEMP_c26384bd-0537-4622-8056-0ea424be550c	C_EQ_1
186	0	UBERONTEMP_ae928cdd-c754-43da-9cb5-d24061089830BFO_0000050UBERON_0003113PATO_0000700	C_EQ_1
186	0	UBERONTEMP_ae928cdd-c754-43da-9cb5-d24061089830BFO_0000050UBERON_0003113PATOTEMP_6734e62a-dd4a-43cc-8e59-c6ac7280e12c	C_EQ_2
186	1	UBERONTEMP_ae928cdd-c754-43da-9cb5-d24061089830BFO_0000050UBERON_0003113PATOTEMP_7244ce25-b6cc-4e02-a4e2-b7136878f502	C_EQ_1
186	2	UBERONTEMP_ae928cdd-c754-43da-9cb5-d24061089830BFO_0000050UBERON_0003113PATO_0000462	C_EQ_1
186	3	UBERONTEMP_ae928cdd-c754-43da-9cb5-d24061089830BFO_0000050UBERON_0003113PATO_0000700	C_EQ_1
186	3	UBERONTEMP_ae928cdd-c754-43da-9cb5-d24061089830BFO_0000050UBERON_0003113PATO_0002358	C_EQ_2
187	0	UBERON_4100005BFO_0000050UBERON_0003634PATO_0000573BSPO_0000083BFO_0000050UBERON_0004318	C_EQ_1
187	0	UBERON_0018266BFO_0000050UBERON_0003634PATO_0000573BSPO_0000083BFO_0000050UBERON_0004318	C_EQ_2
187	1	UBERON_4100005BFO_0000050UBERON_0003634PATO_0000574BSPO_0000083BFO_0000050UBERON_0004318	C_EQ_1
187	1	UBERON_0018266BFO_0000050UBERON_0003634PATO_0000574BSPO_0000083BFO_0000050UBERON_0004318	C_EQ_2
188	0	UBERON_4200018PATO_0000462	C_EQ_1
188	1	UBERON_4200018PATO_0002156	C_EQ_1
188	2	UBERON_4200018PATO_0001600	C_EQ_1
189	0	UBERON_0001300PATO_0002259UBERON_0000989	C_EQ_1
189	1	UBERON_0001300PATO_0001505UBERON_0000989	C_EQ_1
190	0	UBERON_0018310PATO_0000462	C_EQ_1
190	1	UBERON_0018310PATO_0000587	C_EQ_1
190	1	UBERON_0018310PATOTEMP_04e01d50-b0fd-431f-9aea-10856ba1d8c3	C_EQ_2
190	2	UBERON_0018310PATO_0000586	C_EQ_1
191	0	UBERON_0002542UBERON_enclosesUBERON_2001612PATO_0000052PHENOSCAPE_complement_ofPATO_0001874	C_EQ_1
191	1	UBERON_0002542UBERON_enclosesUBERON_2001612PATO_0001874	C_EQ_1
192	0	UBERON_0003675BFO_0000050UBERONTEMP_7fe44cf6-b7d9-49e8-9ffa-3a8cbe8a1769PATOTEMP_ac648762-1528-41d6-8bfb-778707732343UBERON_0003677BFO_0000050UBERONTEMP_7fe44cf6-b7d9-49e8-9ffa-3a8cbe8a1769	C_EQ_1
192	1	UBERON_0003675BFO_0000050UBERONTEMP_7fe44cf6-b7d9-49e8-9ffa-3a8cbe8a1769PATO_0005006UBERON_0003677BFO_0000050UBERONTEMP_7fe44cf6-b7d9-49e8-9ffa-3a8cbe8a1769	C_EQ_1
193	0	UBERON_0004529BFO_0000050UBERON_0001682PATO_0000039PHENOSCAPE_complement_ofPATO_0001600	C_EQ_1
193	1	UBERON_0004529BFO_0000050UBERON_0001682PATO_0001600	C_EQ_1
194	0	UBERON_0007601BFO_0000050UBERON_0000162PATO_0000467	C_EQ_1
194	1	UBERON_0007601BFO_0000050UBERON_0000162PATO_0000462	C_EQ_1
195	0	UBERON_0010290PATO_0000587	C_EQ_1
195	1	UBERON_0010290PATO_0000586	C_EQ_1
196	0	UBERON_0000209PATO_0001505UBERON_0002397	C_EQ_1
196	1	UBERON_0000209PATO_0001961UBERON_0004529BFO_0000050BSPO_0000079BFO_0000050UBERON_0002397	C_EQ_1
196	2	UBERON_0002397PATO_0000462	C_EQ_1
197	0	UBERON_0018320BFO_0000050UBERON_0003696BFO_0000050UBERON_0003633PATO_0000462	C_EQ_1
197	1	UBERON_0018320BFO_0000050UBERON_0003696BFO_0000050UBERON_0003633PATO_0000467	C_EQ_1
198	0	UBERON_0000014BSPO_0000098UBERON_0002542BFO_0000050UBERON_0001567PATO_0000052PHENOSCAPE_complement_ofPATO_0000591	C_EQ_1
198	1	UBERON_0000014BSPO_0000098UBERON_0002542BFO_0000050UBERON_0001567PATO_0000591	C_EQ_1
199	0	UBERON_0018289BFO_0000050UBERON_0018282PATOTEMP_8822e54b-89f9-431a-8a20-25698b53353c	C_EQ_1
199	1	UBERON_0018289BFO_0000050UBERON_0018282PATO_0002180	C_EQ_1
200	0	UBERON_0018285PATO_0005008	C_EQ_1
200	1	UBERON_0018285PATO_0005007	C_EQ_1
201	0	UBERON_0018277PATO_0000467	C_EQ_1
201	1	UBERON_0018277PATO_0001473	C_EQ_1
201	2	UBERON_0018277PATO_0000462	C_EQ_1
202	0	UBERON_0004746PATO_0001505UBERON_0000210	C_EQ_1
202	1	UBERON_0004746PATO_0001961UBERON_0000210	C_EQ_1
203	0	UBERON_0001430PATO_0001505UBERON_0001431	C_EQ_1
203	1	UBERON_0001430PATO_0000642UBERON_0001431	C_EQ_1
