188	2	UBERON_4200018PATO_0000039	CP_EQ_1
188	1	UBERON_4200018PATO_0000039	CP_EQ_1
188	0	UBERON_4200018PATO_0000462	CP_EQ_1
186	2	UBERON_0003113PATO_0000462	CP_EQ_1
186	2	UBERON_0001062BFO_0000050UBERON_0002067BFO_0000050UBERON_0003113	CP_EQ_2
186	1	UBERON_0003113PATO_0000467	CP_EQ_1
186	1	UBERON_0001062BFO_0000050UBERON_0002067BFO_0000050UBERON_0003113	CP_EQ_2
186	1	UBERON_0003113PATO_0001779	CP_EQ_3
186	1	UBERON_0001062BFO_0000050UBERON_0002067BFO_0000050UBERON_0003113	CP_EQ_4
186	3	UBERON_0003113PATO_0000467	CP_EQ_1
186	3	UBERON_0001062BFO_0000050UBERON_0002067BFO_0000050UBERON_0003113	CP_EQ_2
186	3	UBERON_0003113PATO_0000700	CP_EQ_3
186	3	UBERON_0001062BFO_0000050UBERON_0002067BFO_0000050UBERON_0003113	CP_EQ_4
186	3	UBERON_0004529PATO_0000467	CP_EQ_5
186	0	UBERON_0003113PATO_0000467	CP_EQ_1
186	0	UBERON_0001062BFO_0000050UBERON_0002067BFO_0000050UBERON_0003113	CP_EQ_2
186	0	UBERON_0003113PATO_0000700	CP_EQ_3
186	0	UBERON_0001062BFO_0000050UBERON_0002067BFO_0000050UBERON_0003113	CP_EQ_4
186	0	UBERON_0003113PATOTEMP_6734e62a-dd4a-43cc-8e59-c6ac7280e12c	CP_EQ_5
186	0	UBERON_0001062BFO_0000050UBERON_0002067BFO_0000050UBERON_0003113	CP_EQ_6
155	0	UBERON_3000966BFO_0000050UBERON_0011637PATO_0000463	CP_EQ_1
155	1	UBERON_3000966BFO_0000053PATO_0000463PATO_0000467	CP_EQ_1
155	1	UBERON_3000966BFO_0000053PATO_0000463PATO_0000467	CP_EQ_2
43	1	UBERON_0001075PATO_0000574	CP_EQ_1
43	2	UBERON_0001075PATO_0000573	CP_EQ_1
43	0	UBERON_0001075BFO_0000050UBERONTEMP_6be80d29-edb2-4da5-ae46-0ceed67a11fb	CP_EQ_1
54	1	UBERON_0010202BSPO_passes_throughUBERON_0002542PATO_0000467	CP_EQ_1
54	0	UBERON_0010202BSPO_passes_throughUBERON_0002542PATO_0000462	CP_EQ_1
156	0		CP_EQ_1
156	1		CP_EQ_1
189	1	UBERON_0001018PATO_0001505UBERON_0000989	CP_EQ_1
189	1	UBERON_0001300BFO_0000053PATO_0000140PATO_0001505UBERON_0000989	CP_EQ_2
189	1	UBERON_0001018PATO_0000463	CP_EQ_3
189	1	UBERON_0001300BFO_0000053PATO_0000140PATO_0000463	CP_EQ_4
189	0	RO_0002220UBERON_0000989UBERON_0000989	CP_EQ_1
189	0	RO_0002220UBERON_0000989UBERON_0000989	CP_EQ_2
189	0	UBERON_0001018PATO_0000467	CP_EQ_3
189	0	UBERON_0001300BFO_0000053PATO_0000140PATO_0000467	CP_EQ_4
29	1	PATO_0000467	CP_EQ_1
29	0	PATO_0000462	CP_EQ_1
140	1	 	CP_EQ_1
140	1	 	CP_EQ_2
140	0	 	CP_EQ_1
173	0	UBERON_0004743PATO_0000467	CP_EQ_1
173	0	UBERON_3000778PATO_0000467	CP_EQ_2
173	0	UBERON_4200105BFO_0000050UBERON_3000778	CP_EQ_3
173	1	UBERON_0004743PATO_0000462	CP_EQ_1
173	1	UBERON_3000778PATO_0000462	CP_EQ_2
173	1	UBERON_4200105BFO_0000050UBERON_3000778	CP_EQ_3
39	2	PATO_0000467	CP_EQ_1
39	2	UBERON_0000046BFO_0000053PATO_0001154PATO_0000467	CP_EQ_2
39	2	UBERON_3010007BFO_0000053PATO_0001154	CP_EQ_3
39	3	CHEBI_60004BFO_0000050UBERON_0000046PATO_0000467	CP_EQ_1
39	3	CHEBI_60004BFO_0000050UBERON_0000046PATO_0000467	CP_EQ_2
39	3	 	CP_EQ_3
39	3	 	CP_EQ_4
39	3	UBERON_0000046BFO_0000053PATO_0001154PATO_0000467	CP_EQ_5
39	3	UBERON_3010007BFO_0000053PATO_0001154	CP_EQ_6
39	1	PATO_0000467	CP_EQ_1
39	1	 	CP_EQ_2
39	1	 	CP_EQ_3
39	0	PATO_0000462	CP_EQ_1
134	0	BSPO_0000071BFO_0000050UBERON_0001095PATO_0000070	CP_EQ_1
134	2	BSPO_0000071BFO_0000050UBERON_0001095PATO_0000462	CP_EQ_1
134	1	BSPO_0000071BFO_0000050UBERON_0001095PATO_0000070	CP_EQ_1
144	1	UBERON_2000106BFO_0000050UBERON_0000152PATO_0000467	CP_EQ_1
144	1	UBERON_2000106BFO_0000050UBERON_0000152BFO_0000053PATO_0000573PATO_0000467	CP_EQ_2
144	0	UBERON_2000106BFO_0000050UBERON_0000152PATO_0000070PHENOSCAPE_complement_ofPATO_0000467	CP_EQ_1
144	0	UBERON_2000106BFO_0000050UBERON_0000152BFO_0000053PATO_0000573PATO_0000462	CP_EQ_2
114	0	UBERON_0000060BFO_0000050BSPO_0000072BFO_0000050UBERON_0006332	CP_EQ_1
114	1	UBERON_0000060BFO_0000050BSPO_0000072BFO_0000050UBERON_0006332	CP_EQ_1
171	0	UBERON_0001273PATO_0000467	CP_EQ_1
171	0	UBERON_0001274	CP_EQ_2
171	0	UBERON_0001273PATO_0000467	CP_EQ_3
171	0	UBERON_0001274	CP_EQ_4
171	0	PATO_0002443	CP_EQ_5
171	1	UBERON_0001273PATO_0000070PHENOSCAPE_complement_ofPATO_0000467	CP_EQ_1
171	1	UBERON_0001274	CP_EQ_2
171	1	UBERON_0001273PATO_0000070PHENOSCAPE_complement_ofPATO_0000467	CP_EQ_3
171	1	UBERON_0001274	CP_EQ_4
171	1	PATO_0000140PHENOSCAPE_complement_ofPATO_0002443	CP_EQ_5
77	1	UBERON_0018318BFO_0000050UBERON_0004746PATO_0001997	CP_EQ_1
77	1	UBERON_0018318BFO_0000050UBERON_0004746PATO_0000462	CP_EQ_2
77	0	UBERON_0018318BFO_0000050UBERON_0004746PATO_0000467	CP_EQ_1
77	0	UBERON_0004704PATO_0000467	CP_EQ_2
77	0	UBERON_0004704BFO_0000053PATO_0000463PATO_0000467	CP_EQ_3
41	1	UBERONTEMP_77dc0e17-6de8-4115-a7f6-9e692dab9029PATO_0002232	CP_EQ_1
41	0	UBERONTEMP_77dc0e17-6de8-4115-a7f6-9e692dab9029PATO_0002006PHENOSCAPE_complement_ofPATO_0002232	CP_EQ_1
24	1	BSPO_0000082BFO_0000050UBERON_0009979PATO_0001505UBERON_3000784	CP_EQ_1
24	1	UBERON_0000180BFO_0000050UBERON_0009979	CP_EQ_2
24	0	BSPO_0000082BFO_0000050UBERON_0009979PATO_0000141PHENOSCAPE_complement_ofPATO_0001505UBERON_3000784	CP_EQ_1
24	0	UBERON_0000180BFO_0000050UBERON_0009979	CP_EQ_2
191	1	PATO_0000467	CP_EQ_1
191	1	PATO_0000322	CP_EQ_2
191	0	PATO_0000070PHENOSCAPE_complement_ofPATO_0000467	CP_EQ_1
191	0	PATO_0001300PHENOSCAPE_complement_ofPATO_0000322	CP_EQ_2
34	2	UBERON_0006428BFO_0000053PATO_0000467PATO_0000467	CP_EQ_1
34	1	UBERON_0006428BFO_0000053PATO_0000467PATO_0000467	CP_EQ_1
34	0	UBERON_0006428BFO_0000053PATO_0000467	CP_EQ_1
34	3	UBERON_0006428BFO_0000053PATO_0000467PATO_0000467	CP_EQ_1
1	2	UBERON_0003672PATO_0000467	CP_EQ_1
1	2	GO_0036075PATO_0000467	CP_EQ_2
1	2	UBERON_0010362	CP_EQ_3
1	2	UBERON_0010522	CP_EQ_4
1	2	UBERON_0012075	CP_EQ_5
1	0	UBERON_0003672PATO_0000467	CP_EQ_1
1	0	GO_0036075PATO_0000467	CP_EQ_2
1	0	UBERON_0010362	CP_EQ_3
1	0	UBERON_0010522	CP_EQ_4
1	0	UBERON_0012075	CP_EQ_5
1	0	UBERON_0018297BFO_0000053PATO_0000586PATO_0000467	CP_EQ_6
1	1	UBERON_0003672PATO_0000467	CP_EQ_1
1	1	GO_0036075PATO_0000467	CP_EQ_2
1	1	UBERON_0010362	CP_EQ_3
1	1	UBERON_0010522	CP_EQ_4
1	1	UBERON_0012075	CP_EQ_5
52	1	BSPO_0000384BFO_0000050UBERON_0000468PATO_0000467	CP_EQ_1
52	0	BSPO_0000384BFO_0000050UBERON_0000468PATO_0000070PHENOSCAPE_complement_ofPATO_0000467	CP_EQ_1
138	1	UBERON_0001695PATO_0000467	CP_EQ_1
138	1	UBERON_0018364PATO_0000467	CP_EQ_2
138	0	UBERON_0001695PATO_0000462	CP_EQ_1
138	0	UBERON_0018364PATO_0000462	CP_EQ_2
116	0	UBERON_0001567PATO_0000467	CP_EQ_1
116	0	UBERON_0010910	CP_EQ_2
116	0	UBERON_0001062BFO_0000050UBERON_0001567	CP_EQ_3
116	0	UBERON_0001062BFO_0000050UBERON_0010910	CP_EQ_4
116	1	UBERON_0001567PATO_0000467	CP_EQ_1
116	1	UBERON_0010910	CP_EQ_2
116	1	UBERON_0001062BFO_0000050UBERON_0001567	CP_EQ_3
116	1	UBERON_0001062BFO_0000050UBERON_0010910	CP_EQ_4
116	1	UBERON_0001567	CP_EQ_5
116	1	UBERON_0010910	CP_EQ_6
116	1	UBERON_0001062BFO_0000050UBERON_0001567	CP_EQ_7
116	1	UBERON_0001062BFO_0000050UBERON_0010910	CP_EQ_8
197	1	UBERON_0018320PATO_0000467	CP_EQ_1
197	0	UBERON_0018320PATO_0000070PHENOSCAPE_complement_ofPATO_0000467	CP_EQ_1
50	0	PATO_0000462	CP_EQ_1
50	1	PATO_0000070	CP_EQ_1
203	1	PATO_0000467	CP_EQ_1
203	0	PATO_0000642	CP_EQ_1
202	1		CP_EQ_1
202	0		CP_EQ_1
124	1	UBERON_0006010PATO_0000467	CP_EQ_1
124	1	UBERON_2002005	CP_EQ_2
124	1	UBERON_2001054PATO_0000573	CP_EQ_3
124	0	UBERON_0006010PATO_0000070PHENOSCAPE_complement_ofPATO_0000467	CP_EQ_1
124	0	UBERON_2002005	CP_EQ_2
124	0	UBERON_2001054PATO_0000117PHENOSCAPE_complement_ofPATO_0000573	CP_EQ_3
151	1	BSPO_0000075PATO_0000467	CP_EQ_1
151	1	PATO_0000467	CP_EQ_2
151	0	BSPO_0000075PATO_0000070PHENOSCAPE_complement_ofPATO_0000467	CP_EQ_1
151	0	PATO_0000070PHENOSCAPE_complement_ofPATO_0000467	CP_EQ_2
111	0	UBERON_0001682PATO_0000467	CP_EQ_1
111	1	UBERON_0001682PATO_0000642GO_0005622	CP_EQ_1
111	1	UBERON_0001846	CP_EQ_2
111	1	UBERON_0001887	CP_EQ_3
111	1	UBERON_0004175	CP_EQ_4
111	1	UBERON_0005454	CP_EQ_5
111	1	UBERON_0008892	CP_EQ_6
111	1	UBERON_0010425	CP_EQ_7
111	1	UBERON_2000221	CP_EQ_8
111	1	UBERON_2000371	CP_EQ_9
111	1	UBERON_2000712	CP_EQ_10
111	1	UBERON_3010219	CP_EQ_11
111	1	UBERON_4200036	CP_EQ_12
110	2	UBERON_0006967PATO_0000467	CP_EQ_1
110	1	UBERON_0006967PATO_0000467	CP_EQ_1
110	1	UBERON_0006967PATO_0001503	CP_EQ_2
110	0	UBERON_0006967PATO_0000462	CP_EQ_1
92	0	BSPO_0000071BFO_0000050UBERON_0004529PATO_0000462	CP_EQ_1
92	0	UBERON_3000015	CP_EQ_2
92	0	UBERON_0018144PATO_0000467	CP_EQ_3
92	0	UBERON_0018144PATO_0002180	CP_EQ_4
92	0	UBERON_0018144	CP_EQ_5
92	1	UBERON_0002231PATO_0000467	CP_EQ_1
92	1	UBERON_0018144PATO_0000467	CP_EQ_2
92	1	UBERON_0002231PATO_0002272UBERON_0001075	CP_EQ_3
92	1	UBERON_0018144	CP_EQ_4
57	1	UBERON_2000106BFO_0000050BSPO_0000072BFO_0000050UBERON_2001967PATO_0000467	CP_EQ_1
57	1	UBERON_2000106BFO_0000050BSPO_0000072BFO_0000050UBERON_2001967PATO_0000467	CP_EQ_2
57	0	UBERON_2000106BFO_0000050BSPO_0000072BFO_0000050UBERON_2001967PATO_0000462	CP_EQ_1
57	0	UBERON_2001967PATO_0000411	CP_EQ_2
120	0	UBERON_0002244PATO_0000467	CP_EQ_1
120	0	UBERON_0004103	CP_EQ_2
120	0	UBERON_2002257PATO_0000467	CP_EQ_3
120	1	UBERON_0002244PATO_0000070PHENOSCAPE_complement_ofPATO_0000467	CP_EQ_1
120	1	UBERON_0004103	CP_EQ_2
120	1	UBERON_2002257PATO_0000070PHENOSCAPE_complement_ofPATO_0000467	CP_EQ_3
121	0	BSPO_0000078BFO_0000050UBERON_0008194PATO_0001448	CP_EQ_1
121	1	BSPO_0000078BFO_0000050UBERON_0008194PATOTEMP_e7a5a00e-cf75-44e7-b26d-391526249555	CP_EQ_1
117	1	BSPO_0000075BFO_0000050UBERON_0000062PATO_0000070	CP_EQ_1
117	0	UBERON_0002398PATO_0000070	CP_EQ_1
63	1	UBERON_4200039PATO_0000586	CP_EQ_1
63	1	 	CP_EQ_2
63	0	UBERON_4200039PATO_0000587	CP_EQ_1
48	1	BSPO_0000679PATO_0000467	CP_EQ_1
48	1	UBERON_0010889PATO_0000467	CP_EQ_2
48	1	UBERON_0010889PATO_0000586	CP_EQ_3
48	1	PATO_0001602	CP_EQ_4
48	1	UBERON_0010889PATO_0000467	CP_EQ_5
48	0	BSPO_0000055BFO_0000053PATO_0000462PATO_0000467	CP_EQ_1
48	0	BSPO_0000082BFO_0000053PATO_0000462PATO_0000467	CP_EQ_2
48	0	UBERON_0000180BFO_0000053PATO_0000462	CP_EQ_3
48	2	BSPO_0000679PATO_0000467	CP_EQ_1
48	2	UBERON_0010889PATO_0000467	CP_EQ_2
48	2	UBERON_0010889PATO_0000586	CP_EQ_3
48	2	PATO_0001602	CP_EQ_4
48	2	UBERON_0010889PATO_0002376	CP_EQ_5
48	2	UBERON_0010889PATO_0000467	CP_EQ_6
90	1	UBERON_0001870PATO_0000467	CP_EQ_1
90	1	UBERON_0002397PATO_0000467	CP_EQ_2
90	0	UBERON_0001870PATO_0000462	CP_EQ_1
90	0	UBERON_0002397PATO_0000462	CP_EQ_2
168	1	 	CP_EQ_1
168	1	 	CP_EQ_2
168	1	 	CP_EQ_3
168	0	UBERON_0000161BFO_0000053PATO_0000467PATO_0000467	CP_EQ_1
168	0	UBERON_0005744BFO_0000053PATO_0000467	CP_EQ_2
168	0	UBERONTEMP_93300be9-c8a2-4683-bf24-aac2a855eac6BFO_0000053PATO_0000467	CP_EQ_3
19	1	UBERON_0006672BFO_0000050UBERON_0002244	CP_EQ_1
19	1	UBERON_0012315BFO_0000050UBERON_0002244	CP_EQ_2
19	1	UBERON_0004529BFO_0000050UBERON_0012315BFO_0000050UBERON_0002244	CP_EQ_3
19	2	UBERON_0006672BFO_0000050UBERON_0002244PATO_0000462	CP_EQ_1
19	2	UBERON_0012315BFO_0000050UBERON_0002244	CP_EQ_2
19	2	UBERON_0004529BFO_0000050UBERON_0012315BFO_0000050UBERON_0002244	CP_EQ_3
19	0	UBERON_0006672BFO_0000050UBERON_0002244	CP_EQ_1
19	0	UBERON_0012315BFO_0000050UBERON_0002244	CP_EQ_2
19	0	UBERON_0004529BFO_0000050UBERON_0012315BFO_0000050UBERON_0002244	CP_EQ_3
2	1	UBERON_0000351BFO_0000053PATO_0000070UBERON_0000351BFO_0000053PATO_0001555BFO_0000050UBERON_0004747PATO_0000467	CP_EQ_1
2	1	UBERON_0000351BFO_0000053PATO_0000070UBERON_0000351BFO_0000053PATO_0001555BFO_0000050UBERON_0004747	CP_EQ_2
2	1	UBERON_0000351BFO_0000053PATO_0000070UBERON_0000351BFO_0000053PATO_0001555BFO_0000050UBERON_2001997	CP_EQ_3
2	1	UBERON_0000351BFO_0000053PATO_0000070UBERON_0000351BFO_0000053PATO_0001555BFO_0000050UBERON_2001997	CP_EQ_4
2	1	UBERON_0004529BFO_0000050UBERON_0012477BFO_0000053PATO_0000070UBERON_0004529BFO_0000050UBERON_0012477BFO_0000053PATO_0001555BFO_0000050UBERON_0004747	CP_EQ_5
2	1	UBERON_0004529BFO_0000050UBERON_0012477BFO_0000053PATO_0000070UBERON_0004529BFO_0000050UBERON_0012477BFO_0000053PATO_0001555BFO_0000050UBERON_0004747	CP_EQ_6
2	1	UBERON_0004529BFO_0000050UBERON_0012477BFO_0000053PATO_0000070UBERON_0004529BFO_0000050UBERON_0012477BFO_0000053PATO_0001555BFO_0000050UBERON_2001997	CP_EQ_7
2	1	UBERON_0004529BFO_0000050UBERON_0012477BFO_0000053PATO_0000070UBERON_0004529BFO_0000050UBERON_0012477BFO_0000053PATO_0001555BFO_0000050UBERON_2001997	CP_EQ_8
2	1	UBERON_0011671BFO_0000053PATO_0000070UBERON_0011671BFO_0000053PATO_0001555BFO_0000050UBERON_0004747	CP_EQ_9
2	1	UBERON_0011671BFO_0000053PATO_0000070UBERON_0011671BFO_0000053PATO_0001555BFO_0000050UBERON_0004747	CP_EQ_10
2	1	UBERON_0011671BFO_0000053PATO_0000070UBERON_0011671BFO_0000053PATO_0001555BFO_0000050UBERON_2001997	CP_EQ_11
2	1	UBERON_0011671BFO_0000053PATO_0000070UBERON_0011671BFO_0000053PATO_0001555BFO_0000050UBERON_2001997	CP_EQ_12
2	1	UBERON_2001815BFO_0000053PATO_0000070UBERON_2001815BFO_0000053PATO_0001555BFO_0000050UBERON_0004747	CP_EQ_13
2	1	UBERON_2001815BFO_0000053PATO_0000070UBERON_2001815BFO_0000053PATO_0001555BFO_0000050UBERON_0004747	CP_EQ_14
2	1	UBERON_2001815BFO_0000053PATO_0000070UBERON_2001815BFO_0000053PATO_0001555BFO_0000050UBERON_2001997	CP_EQ_15
2	1	UBERON_2001815BFO_0000053PATO_0000070UBERON_2001815BFO_0000053PATO_0001555BFO_0000050UBERON_2001997	CP_EQ_16
2	1	UBERON_3010235BFO_0000053PATO_0000070UBERON_3010235BFO_0000053PATO_0001555BFO_0000050UBERON_0004747	CP_EQ_17
2	1	UBERON_3010235BFO_0000053PATO_0000070UBERON_3010235BFO_0000053PATO_0001555BFO_0000050UBERON_0004747	CP_EQ_18
2	1	UBERON_3010235BFO_0000053PATO_0000070UBERON_3010235BFO_0000053PATO_0001555BFO_0000050UBERON_2001997	CP_EQ_19
2	1	UBERON_3010235BFO_0000053PATO_0000070UBERON_3010235BFO_0000053PATO_0001555BFO_0000050UBERON_2001997	CP_EQ_20
2	1	UBERON_0018342BFO_0000053PATO_0000070UBERON_0018342BFO_0000053PATO_0001555BFO_0000050UBERON_0004747	CP_EQ_21
2	1	UBERON_0018342BFO_0000053PATO_0000070UBERON_0018342BFO_0000053PATO_0001555BFO_0000050UBERON_0004747	CP_EQ_22
2	1	UBERON_0018342BFO_0000053PATO_0000070UBERON_0018342BFO_0000053PATO_0001555BFO_0000050UBERON_2001997	CP_EQ_23
2	1	UBERON_0018342BFO_0000053PATO_0000070UBERON_0018342BFO_0000053PATO_0001555BFO_0000050UBERON_2001997	CP_EQ_24
2	1	UBERON_0000351BFO_0000053PATO_0000070UBERON_0000351BFO_0000053PATO_0001555BFO_0000050UBERON_0004747PATO_0000467	CP_EQ_25
2	1	UBERON_0000351BFO_0000053PATO_0000070UBERON_0000351BFO_0000053PATO_0001555BFO_0000050UBERON_0004747	CP_EQ_26
2	1	UBERON_0000351BFO_0000053PATO_0000070UBERON_0000351BFO_0000053PATO_0001555BFO_0000050UBERON_2001997	CP_EQ_27
2	1	UBERON_0000351BFO_0000053PATO_0000070UBERON_0000351BFO_0000053PATO_0001555BFO_0000050UBERON_2001997	CP_EQ_28
2	1	UBERON_0004529BFO_0000050UBERON_0012477BFO_0000053PATO_0000070UBERON_0004529BFO_0000050UBERON_0012477BFO_0000053PATO_0001555BFO_0000050UBERON_0004747	CP_EQ_29
2	1	UBERON_0004529BFO_0000050UBERON_0012477BFO_0000053PATO_0000070UBERON_0004529BFO_0000050UBERON_0012477BFO_0000053PATO_0001555BFO_0000050UBERON_0004747	CP_EQ_30
2	1	UBERON_0004529BFO_0000050UBERON_0012477BFO_0000053PATO_0000070UBERON_0004529BFO_0000050UBERON_0012477BFO_0000053PATO_0001555BFO_0000050UBERON_2001997	CP_EQ_31
2	1	UBERON_0004529BFO_0000050UBERON_0012477BFO_0000053PATO_0000070UBERON_0004529BFO_0000050UBERON_0012477BFO_0000053PATO_0001555BFO_0000050UBERON_2001997	CP_EQ_32
2	1	UBERON_0011671BFO_0000053PATO_0000070UBERON_0011671BFO_0000053PATO_0001555BFO_0000050UBERON_0004747	CP_EQ_33
2	1	UBERON_0011671BFO_0000053PATO_0000070UBERON_0011671BFO_0000053PATO_0001555BFO_0000050UBERON_0004747	CP_EQ_34
2	1	UBERON_0011671BFO_0000053PATO_0000070UBERON_0011671BFO_0000053PATO_0001555BFO_0000050UBERON_2001997	CP_EQ_35
2	1	UBERON_0011671BFO_0000053PATO_0000070UBERON_0011671BFO_0000053PATO_0001555BFO_0000050UBERON_2001997	CP_EQ_36
2	1	UBERON_2001815BFO_0000053PATO_0000070UBERON_2001815BFO_0000053PATO_0001555BFO_0000050UBERON_0004747	CP_EQ_37
2	1	UBERON_2001815BFO_0000053PATO_0000070UBERON_2001815BFO_0000053PATO_0001555BFO_0000050UBERON_0004747	CP_EQ_38
2	1	UBERON_2001815BFO_0000053PATO_0000070UBERON_2001815BFO_0000053PATO_0001555BFO_0000050UBERON_2001997	CP_EQ_39
2	1	UBERON_2001815BFO_0000053PATO_0000070UBERON_2001815BFO_0000053PATO_0001555BFO_0000050UBERON_2001997	CP_EQ_40
2	1	UBERON_3010235BFO_0000053PATO_0000070UBERON_3010235BFO_0000053PATO_0001555BFO_0000050UBERON_0004747	CP_EQ_41
2	1	UBERON_3010235BFO_0000053PATO_0000070UBERON_3010235BFO_0000053PATO_0001555BFO_0000050UBERON_0004747	CP_EQ_42
2	1	UBERON_3010235BFO_0000053PATO_0000070UBERON_3010235BFO_0000053PATO_0001555BFO_0000050UBERON_2001997	CP_EQ_43
2	1	UBERON_3010235BFO_0000053PATO_0000070UBERON_3010235BFO_0000053PATO_0001555BFO_0000050UBERON_2001997	CP_EQ_44
2	1	UBERON_0018342BFO_0000053PATO_0000070UBERON_0018342BFO_0000053PATO_0001555BFO_0000050UBERON_0004747	CP_EQ_45
2	1	UBERON_0018342BFO_0000053PATO_0000070UBERON_0018342BFO_0000053PATO_0001555BFO_0000050UBERON_0004747	CP_EQ_46
2	1	UBERON_0018342BFO_0000053PATO_0000070UBERON_0018342BFO_0000053PATO_0001555BFO_0000050UBERON_2001997	CP_EQ_47
2	1	UBERON_0018342BFO_0000053PATO_0000070UBERON_0018342BFO_0000053PATO_0001555BFO_0000050UBERON_2001997	CP_EQ_48
2	1	UBERON_0000351BFO_0000053PATO_0000070UBERON_0000351BFO_0000053PATO_0001555BFO_0000050UBERON_0004747PATO_0000070	CP_EQ_49
2	1	UBERON_0000351BFO_0000053PATO_0000070UBERON_0000351BFO_0000053PATO_0001555BFO_0000050UBERON_0004747	CP_EQ_50
2	1	UBERON_0000351BFO_0000053PATO_0000070UBERON_0000351BFO_0000053PATO_0001555BFO_0000050UBERON_2001997	CP_EQ_51
2	1	UBERON_0000351BFO_0000053PATO_0000070UBERON_0000351BFO_0000053PATO_0001555BFO_0000050UBERON_2001997	CP_EQ_52
2	1	UBERON_0004529BFO_0000050UBERON_0012477BFO_0000053PATO_0000070UBERON_0004529BFO_0000050UBERON_0012477BFO_0000053PATO_0001555BFO_0000050UBERON_0004747	CP_EQ_53
2	1	UBERON_0004529BFO_0000050UBERON_0012477BFO_0000053PATO_0000070UBERON_0004529BFO_0000050UBERON_0012477BFO_0000053PATO_0001555BFO_0000050UBERON_0004747	CP_EQ_54
2	1	UBERON_0004529BFO_0000050UBERON_0012477BFO_0000053PATO_0000070UBERON_0004529BFO_0000050UBERON_0012477BFO_0000053PATO_0001555BFO_0000050UBERON_2001997	CP_EQ_55
2	1	UBERON_0004529BFO_0000050UBERON_0012477BFO_0000053PATO_0000070UBERON_0004529BFO_0000050UBERON_0012477BFO_0000053PATO_0001555BFO_0000050UBERON_2001997	CP_EQ_56
2	1	UBERON_0011671BFO_0000053PATO_0000070UBERON_0011671BFO_0000053PATO_0001555BFO_0000050UBERON_0004747	CP_EQ_57
2	1	UBERON_0011671BFO_0000053PATO_0000070UBERON_0011671BFO_0000053PATO_0001555BFO_0000050UBERON_0004747	CP_EQ_58
2	1	UBERON_0011671BFO_0000053PATO_0000070UBERON_0011671BFO_0000053PATO_0001555BFO_0000050UBERON_2001997	CP_EQ_59
2	1	UBERON_0011671BFO_0000053PATO_0000070UBERON_0011671BFO_0000053PATO_0001555BFO_0000050UBERON_2001997	CP_EQ_60
2	1	UBERON_2001815BFO_0000053PATO_0000070UBERON_2001815BFO_0000053PATO_0001555BFO_0000050UBERON_0004747	CP_EQ_61
2	1	UBERON_2001815BFO_0000053PATO_0000070UBERON_2001815BFO_0000053PATO_0001555BFO_0000050UBERON_0004747	CP_EQ_62
2	1	UBERON_2001815BFO_0000053PATO_0000070UBERON_2001815BFO_0000053PATO_0001555BFO_0000050UBERON_2001997	CP_EQ_63
2	1	UBERON_2001815BFO_0000053PATO_0000070UBERON_2001815BFO_0000053PATO_0001555BFO_0000050UBERON_2001997	CP_EQ_64
2	1	UBERON_3010235BFO_0000053PATO_0000070UBERON_3010235BFO_0000053PATO_0001555BFO_0000050UBERON_0004747	CP_EQ_65
2	1	UBERON_3010235BFO_0000053PATO_0000070UBERON_3010235BFO_0000053PATO_0001555BFO_0000050UBERON_0004747	CP_EQ_66
2	1	UBERON_3010235BFO_0000053PATO_0000070UBERON_3010235BFO_0000053PATO_0001555BFO_0000050UBERON_2001997	CP_EQ_67
2	1	UBERON_3010235BFO_0000053PATO_0000070UBERON_3010235BFO_0000053PATO_0001555BFO_0000050UBERON_2001997	CP_EQ_68
2	1	UBERON_0018342BFO_0000053PATO_0000070UBERON_0018342BFO_0000053PATO_0001555BFO_0000050UBERON_0004747	CP_EQ_69
2	1	UBERON_0018342BFO_0000053PATO_0000070UBERON_0018342BFO_0000053PATO_0001555BFO_0000050UBERON_0004747	CP_EQ_70
2	1	UBERON_0018342BFO_0000053PATO_0000070UBERON_0018342BFO_0000053PATO_0001555BFO_0000050UBERON_2001997	CP_EQ_71
2	1	UBERON_0018342BFO_0000053PATO_0000070UBERON_0018342BFO_0000053PATO_0001555BFO_0000050UBERON_2001997	CP_EQ_72
2	1	BFO_0000050UBERON_0000351BFO_0000053PATO_0000070UBERON_0000351BFO_0000053PATO_0001555BFO_0000050UBERON_0004747UBERON_0000351BFO_0000053PATO_0000070UBERON_0000351BFO_0000053PATO_0001555BFO_0000050UBERON_0004747	CP_EQ_73
2	1	UBERON_0000351BFO_0000053PATO_0000070UBERON_0000351BFO_0000053PATO_0001555BFO_0000050UBERON_0004747UBERON_0000351BFO_0000053PATO_0000070UBERON_0000351BFO_0000053PATO_0001555BFO_0000050UBERON_0004747	CP_EQ_74
2	1	UBERON_0000351BFO_0000053PATO_0000070UBERON_0000351BFO_0000053PATO_0001555BFO_0000050UBERON_2001997UBERON_0000351BFO_0000053PATO_0000070UBERON_0000351BFO_0000053PATO_0001555BFO_0000050UBERON_2001997	CP_EQ_75
2	1	UBERON_0000351BFO_0000053PATO_0000070UBERON_0000351BFO_0000053PATO_0001555BFO_0000050UBERON_2001997UBERON_0000351BFO_0000053PATO_0000070UBERON_0000351BFO_0000053PATO_0001555BFO_0000050UBERON_2001997	CP_EQ_76
2	1	UBERON_0004529BFO_0000050UBERON_0012477BFO_0000053PATO_0000070UBERON_0004529BFO_0000050UBERON_0012477BFO_0000053PATO_0001555BFO_0000050UBERON_0004747UBERON_0004529BFO_0000050UBERON_0012477BFO_0000053PATO_0000070UBERON_0004529BFO_0000050UBERON_0012477BFO_0000053PATO_0001555BFO_0000050UBERON_0004747	CP_EQ_77
2	1	UBERON_0004529BFO_0000050UBERON_0012477BFO_0000053PATO_0000070UBERON_0004529BFO_0000050UBERON_0012477BFO_0000053PATO_0001555BFO_0000050UBERON_0004747UBERON_0004529BFO_0000050UBERON_0012477BFO_0000053PATO_0000070UBERON_0004529BFO_0000050UBERON_0012477BFO_0000053PATO_0001555BFO_0000050UBERON_0004747	CP_EQ_78
2	1	UBERON_0004529BFO_0000050UBERON_0012477BFO_0000053PATO_0000070UBERON_0004529BFO_0000050UBERON_0012477BFO_0000053PATO_0001555BFO_0000050UBERON_2001997UBERON_0004529BFO_0000050UBERON_0012477BFO_0000053PATO_0000070UBERON_0004529BFO_0000050UBERON_0012477BFO_0000053PATO_0001555BFO_0000050UBERON_2001997	CP_EQ_79
2	1	UBERON_0004529BFO_0000050UBERON_0012477BFO_0000053PATO_0000070UBERON_0004529BFO_0000050UBERON_0012477BFO_0000053PATO_0001555BFO_0000050UBERON_2001997UBERON_0004529BFO_0000050UBERON_0012477BFO_0000053PATO_0000070UBERON_0004529BFO_0000050UBERON_0012477BFO_0000053PATO_0001555BFO_0000050UBERON_2001997	CP_EQ_80
2	1	UBERON_0011671BFO_0000053PATO_0000070UBERON_0011671BFO_0000053PATO_0001555BFO_0000050UBERON_0004747UBERON_0011671BFO_0000053PATO_0000070UBERON_0011671BFO_0000053PATO_0001555BFO_0000050UBERON_0004747	CP_EQ_81
2	1	UBERON_0011671BFO_0000053PATO_0000070UBERON_0011671BFO_0000053PATO_0001555BFO_0000050UBERON_0004747UBERON_0011671BFO_0000053PATO_0000070UBERON_0011671BFO_0000053PATO_0001555BFO_0000050UBERON_0004747	CP_EQ_82
2	1	UBERON_0011671BFO_0000053PATO_0000070UBERON_0011671BFO_0000053PATO_0001555BFO_0000050UBERON_2001997UBERON_0011671BFO_0000053PATO_0000070UBERON_0011671BFO_0000053PATO_0001555BFO_0000050UBERON_2001997	CP_EQ_83
2	1	UBERON_0011671BFO_0000053PATO_0000070UBERON_0011671BFO_0000053PATO_0001555BFO_0000050UBERON_2001997UBERON_0011671BFO_0000053PATO_0000070UBERON_0011671BFO_0000053PATO_0001555BFO_0000050UBERON_2001997	CP_EQ_84
2	1	UBERON_2001815BFO_0000053PATO_0000070UBERON_2001815BFO_0000053PATO_0001555BFO_0000050UBERON_0004747UBERON_2001815BFO_0000053PATO_0000070UBERON_2001815BFO_0000053PATO_0001555BFO_0000050UBERON_0004747	CP_EQ_85
2	1	UBERON_2001815BFO_0000053PATO_0000070UBERON_2001815BFO_0000053PATO_0001555BFO_0000050UBERON_0004747UBERON_2001815BFO_0000053PATO_0000070UBERON_2001815BFO_0000053PATO_0001555BFO_0000050UBERON_0004747	CP_EQ_86
2	1	UBERON_2001815BFO_0000053PATO_0000070UBERON_2001815BFO_0000053PATO_0001555BFO_0000050UBERON_2001997UBERON_2001815BFO_0000053PATO_0000070UBERON_2001815BFO_0000053PATO_0001555BFO_0000050UBERON_2001997	CP_EQ_87
2	1	UBERON_2001815BFO_0000053PATO_0000070UBERON_2001815BFO_0000053PATO_0001555BFO_0000050UBERON_2001997UBERON_2001815BFO_0000053PATO_0000070UBERON_2001815BFO_0000053PATO_0001555BFO_0000050UBERON_2001997	CP_EQ_88
2	1	UBERON_3010235BFO_0000053PATO_0000070UBERON_3010235BFO_0000053PATO_0001555BFO_0000050UBERON_0004747UBERON_3010235BFO_0000053PATO_0000070UBERON_3010235BFO_0000053PATO_0001555BFO_0000050UBERON_0004747	CP_EQ_89
2	1	UBERON_3010235BFO_0000053PATO_0000070UBERON_3010235BFO_0000053PATO_0001555BFO_0000050UBERON_0004747UBERON_3010235BFO_0000053PATO_0000070UBERON_3010235BFO_0000053PATO_0001555BFO_0000050UBERON_0004747	CP_EQ_90
2	1	UBERON_3010235BFO_0000053PATO_0000070UBERON_3010235BFO_0000053PATO_0001555BFO_0000050UBERON_2001997UBERON_3010235BFO_0000053PATO_0000070UBERON_3010235BFO_0000053PATO_0001555BFO_0000050UBERON_2001997	CP_EQ_91
2	1	UBERON_3010235BFO_0000053PATO_0000070UBERON_3010235BFO_0000053PATO_0001555BFO_0000050UBERON_2001997UBERON_3010235BFO_0000053PATO_0000070UBERON_3010235BFO_0000053PATO_0001555BFO_0000050UBERON_2001997	CP_EQ_92
2	1	UBERON_0018342BFO_0000053PATO_0000070UBERON_0018342BFO_0000053PATO_0001555BFO_0000050UBERON_0004747UBERON_0018342BFO_0000053PATO_0000070UBERON_0018342BFO_0000053PATO_0001555BFO_0000050UBERON_0004747	CP_EQ_93
2	1	UBERON_0018342BFO_0000053PATO_0000070UBERON_0018342BFO_0000053PATO_0001555BFO_0000050UBERON_0004747UBERON_0018342BFO_0000053PATO_0000070UBERON_0018342BFO_0000053PATO_0001555BFO_0000050UBERON_0004747	CP_EQ_94
2	1	UBERON_0018342BFO_0000053PATO_0000070UBERON_0018342BFO_0000053PATO_0001555BFO_0000050UBERON_2001997UBERON_0018342BFO_0000053PATO_0000070UBERON_0018342BFO_0000053PATO_0001555BFO_0000050UBERON_2001997	CP_EQ_95
2	1	UBERON_0018342BFO_0000053PATO_0000070UBERON_0018342BFO_0000053PATO_0001555BFO_0000050UBERON_2001997UBERON_0018342BFO_0000053PATO_0000070UBERON_0018342BFO_0000053PATO_0001555BFO_0000050UBERON_2001997	CP_EQ_96
2	1	UBERON_2001734BSPO_0000120UBERON_0000468BSPO_0000096UBERON_2001999BSPO_0000121UBERON_0000468BSPO_0000096UBERON_2001734BSPO_0000121UBERON_0000468PATO_0000070	CP_EQ_97
2	1	UBERON_2001734BSPO_0000120UBERON_0000468BSPO_0000096UBERON_2001999BSPO_0000121UBERON_0000468BSPO_0000096UBERON_2001734BSPO_0000121UBERON_0000468PATO_0000070	CP_EQ_98
2	1	UBERON_2001999BSPO_0000120UBERON_0000468BSPO_0000096UBERON_2001999BSPO_0000121UBERON_0000468BSPO_0000096UBERON_2001734BSPO_0000121UBERON_0000468PATO_0001555	CP_EQ_99
2	1	UBERON_2001999BSPO_0000120UBERON_0000468BSPO_0000096UBERON_2001999BSPO_0000121UBERON_0000468BSPO_0000096UBERON_2001734BSPO_0000121UBERON_0000468PATO_0001555	CP_EQ_100
2	1	UBERON_0003113BFO_0000053PATO_0001369PATO_0000070	CP_EQ_101
2	1	PATO_0000070	CP_EQ_102
2	1	PATO_0001555	CP_EQ_103
2	1	PATO_0001555	CP_EQ_104
2	1	BSPO_0000379BFO_0000053PATO_0001369PATO_0000070	CP_EQ_105
2	1	PATO_0000070	CP_EQ_106
2	1	PATO_0001555	CP_EQ_107
2	1	PATO_0001555	CP_EQ_108
2	0	UBERON_0000351BFO_0000053PATO_0000070UBERON_0000351BFO_0000053PATO_0001555BFO_0000050UBERON_0004747PATO_0000070	CP_EQ_1
2	0	UBERON_0000351BFO_0000053PATO_0000070UBERON_0000351BFO_0000053PATO_0001555BFO_0000050UBERON_0004747	CP_EQ_2
2	0	UBERON_0000351BFO_0000053PATO_0000070UBERON_0000351BFO_0000053PATO_0001555BFO_0000050UBERON_2001997	CP_EQ_3
2	0	UBERON_0000351BFO_0000053PATO_0000070UBERON_0000351BFO_0000053PATO_0001555BFO_0000050UBERON_2001997	CP_EQ_4
2	0	UBERON_0004529BFO_0000050UBERON_0012477BFO_0000053PATO_0000070UBERON_0004529BFO_0000050UBERON_0012477BFO_0000053PATO_0001555BFO_0000050UBERON_0004747	CP_EQ_5
2	0	UBERON_0004529BFO_0000050UBERON_0012477BFO_0000053PATO_0000070UBERON_0004529BFO_0000050UBERON_0012477BFO_0000053PATO_0001555BFO_0000050UBERON_0004747	CP_EQ_6
2	0	UBERON_0004529BFO_0000050UBERON_0012477BFO_0000053PATO_0000070UBERON_0004529BFO_0000050UBERON_0012477BFO_0000053PATO_0001555BFO_0000050UBERON_2001997	CP_EQ_7
2	0	UBERON_0004529BFO_0000050UBERON_0012477BFO_0000053PATO_0000070UBERON_0004529BFO_0000050UBERON_0012477BFO_0000053PATO_0001555BFO_0000050UBERON_2001997	CP_EQ_8
2	0	UBERON_0011671BFO_0000053PATO_0000070UBERON_0011671BFO_0000053PATO_0001555BFO_0000050UBERON_0004747	CP_EQ_9
2	0	UBERON_0011671BFO_0000053PATO_0000070UBERON_0011671BFO_0000053PATO_0001555BFO_0000050UBERON_0004747	CP_EQ_10
2	0	UBERON_0011671BFO_0000053PATO_0000070UBERON_0011671BFO_0000053PATO_0001555BFO_0000050UBERON_2001997	CP_EQ_11
2	0	UBERON_0011671BFO_0000053PATO_0000070UBERON_0011671BFO_0000053PATO_0001555BFO_0000050UBERON_2001997	CP_EQ_12
2	0	UBERON_2001815BFO_0000053PATO_0000070UBERON_2001815BFO_0000053PATO_0001555BFO_0000050UBERON_0004747	CP_EQ_13
2	0	UBERON_2001815BFO_0000053PATO_0000070UBERON_2001815BFO_0000053PATO_0001555BFO_0000050UBERON_0004747	CP_EQ_14
2	0	UBERON_2001815BFO_0000053PATO_0000070UBERON_2001815BFO_0000053PATO_0001555BFO_0000050UBERON_2001997	CP_EQ_15
2	0	UBERON_2001815BFO_0000053PATO_0000070UBERON_2001815BFO_0000053PATO_0001555BFO_0000050UBERON_2001997	CP_EQ_16
2	0	UBERON_3010235BFO_0000053PATO_0000070UBERON_3010235BFO_0000053PATO_0001555BFO_0000050UBERON_0004747	CP_EQ_17
2	0	UBERON_3010235BFO_0000053PATO_0000070UBERON_3010235BFO_0000053PATO_0001555BFO_0000050UBERON_0004747	CP_EQ_18
2	0	UBERON_3010235BFO_0000053PATO_0000070UBERON_3010235BFO_0000053PATO_0001555BFO_0000050UBERON_2001997	CP_EQ_19
2	0	UBERON_3010235BFO_0000053PATO_0000070UBERON_3010235BFO_0000053PATO_0001555BFO_0000050UBERON_2001997	CP_EQ_20
2	0	UBERON_0018342BFO_0000053PATO_0000070UBERON_0018342BFO_0000053PATO_0001555BFO_0000050UBERON_0004747	CP_EQ_21
2	0	UBERON_0018342BFO_0000053PATO_0000070UBERON_0018342BFO_0000053PATO_0001555BFO_0000050UBERON_0004747	CP_EQ_22
2	0	UBERON_0018342BFO_0000053PATO_0000070UBERON_0018342BFO_0000053PATO_0001555BFO_0000050UBERON_2001997	CP_EQ_23
2	0	UBERON_0018342BFO_0000053PATO_0000070UBERON_0018342BFO_0000053PATO_0001555BFO_0000050UBERON_2001997	CP_EQ_24
142	2	UBERON_0018330PATO_0000573	CP_EQ_1
142	2	UBERON_0018330PATO_0000574	CP_EQ_2
142	1	UBERON_0018330PATO_0000462	CP_EQ_1
142	0	UBERON_0018330PATO_0000574	CP_EQ_1
142	0	UBERON_0018330PATO_0000574	CP_EQ_2
103	1	UBERON_0001649BFO_0000050UBERON_0018339	CP_EQ_1
67	0	UBERON_0002244PATO_0000462	CP_EQ_1
67	0	 	CP_EQ_2
67	0	UBERON_0002244PATO_0000467	CP_EQ_3
67	0	UBERON_0002244BFO_0000050UBERON_0002534PATO_0000467	CP_EQ_4
67	1	UBERON_0002244PATO_0000467	CP_EQ_1
67	1	 	CP_EQ_2
17	1	UBERON_4200135BSPO_0000120UBERON_0000468PATO_0000467	CP_EQ_1
17	0	UBERON_4200135BSPO_0000120UBERON_0000468PATO_0000462	CP_EQ_1
176	1	BSPO_0000001BFO_0000050UBERON_4300006PATO_0000070	CP_EQ_1
176	1	UBERONTEMP_015ccec7-d8bf-4040-aeb9-92d828def752BFO_0000050UBERON_4300006PATO_0000070	CP_EQ_2
176	0	BSPO_0000001BFO_0000050UBERON_4300006PATO_0000070	CP_EQ_1
176	0	UBERONTEMP_015ccec7-d8bf-4040-aeb9-92d828def752BFO_0000050UBERON_4300006PATO_0000070	CP_EQ_2
37	1	PATO_0000467	CP_EQ_1
37	1	UBERON_0000970BFO_0000050UBERON_0000165PATO_0000467	CP_EQ_2
37	1	UBERON_0000165PATO_0000467	CP_EQ_3
37	1	UBERON_0002542PATO_0000467	CP_EQ_4
37	0	PATO_0000467	CP_EQ_1
37	0	UBERON_0000970BFO_0000050UBERON_0000165PATO_0000467	CP_EQ_2
37	0	UBERON_0000165PATO_0000467	CP_EQ_3
37	0	PATOTEMP_8a147598-37b4-4f8d-9192-babf0d09e76a	CP_EQ_4
36	0	UBERON_0006844	CP_EQ_1
36	1	UBERON_0006844PATO_0002281	CP_EQ_1
36	1	UBERON_0006844PATOTEMP_36446e65-e986-4e46-8d62-bc7830f6d407	CP_EQ_2
79	1	UBERON_0009125PATO_0000467	CP_EQ_1
79	1	UBERON_0001059PATO_0000467	CP_EQ_2
79	1	UBERON_0001166	CP_EQ_3
79	1	UBERON_3000393	CP_EQ_4
79	1	UBERON_3000395	CP_EQ_5
79	1	UBERON_3000654	CP_EQ_6
79	1	UBERON_3000667	CP_EQ_7
79	1	UBERON_3000752	CP_EQ_8
79	1	UBERON_3000822	CP_EQ_9
79	1	UBERON_3010538	CP_EQ_10
79	1	UBERON_3010780	CP_EQ_11
79	1	UBERON_3010781	CP_EQ_12
79	1	UBERON_3010786	CP_EQ_13
79	1	UBERON_3010787	CP_EQ_14
79	1	UBERONTEMP_a85f7cba-e17d-473d-8ebe-e8e51e17c04d	CP_EQ_15
79	1	UBERON_0001062BFO_0000050UBERON_0001688PATO_0000467	CP_EQ_16
79	1	UBERON_0001688	CP_EQ_17
79	0	UBERON_0009125PATO_0000462	CP_EQ_1
79	0	UBERON_0001059PATO_0000462	CP_EQ_2
79	0	UBERON_0001166	CP_EQ_3
79	0	UBERON_3000393	CP_EQ_4
79	0	UBERON_3000395	CP_EQ_5
79	0	UBERON_3000654	CP_EQ_6
79	0	UBERON_3000667	CP_EQ_7
79	0	UBERON_3000752	CP_EQ_8
79	0	UBERON_3000822	CP_EQ_9
79	0	UBERON_3010538	CP_EQ_10
79	0	UBERON_3010780	CP_EQ_11
79	0	UBERON_3010781	CP_EQ_12
79	0	UBERON_3010786	CP_EQ_13
79	0	UBERON_3010787	CP_EQ_14
79	0	UBERONTEMP_a85f7cba-e17d-473d-8ebe-e8e51e17c04d	CP_EQ_15
79	0	UBERON_0001062BFO_0000050UBERON_0001688PATO_0000462	CP_EQ_16
79	0	UBERON_0001688	CP_EQ_17
40	1	UBERON_0001681PATO_0002180	CP_EQ_1
40	1	BSPO_0000071BFO_0000050BSPO_0000006BFO_0000053PATO_0000052PATO_0002180	CP_EQ_2
40	2	UBERON_0001681PATO_0000467	CP_EQ_1
40	2	BSPO_0000071BFO_0000050BSPO_0000006BFO_0000053PATO_0000052PATO_0000467	CP_EQ_2
40	0	UBERON_0001681PATO_0000467	CP_EQ_1
40	0	BSPO_0000071BFO_0000050BSPO_0000006BFO_0000053PATO_0000052PATO_0000467	CP_EQ_2
143	1	UBERON_0000161BFO_0000050UBERON_0004529PATO_0000467	CP_EQ_1
143	1	UBERON_0005744BFO_0000050UBERON_0004529	CP_EQ_2
143	1	UBERONTEMP_93300be9-c8a2-4683-bf24-aac2a855eac6BFO_0000050UBERON_0004529	CP_EQ_3
143	1	UBERON_0000161BFO_0000050UBERON_0002244	CP_EQ_4
143	1	UBERON_0005744BFO_0000050UBERON_0002244	CP_EQ_5
143	1	UBERONTEMP_93300be9-c8a2-4683-bf24-aac2a855eac6BFO_0000050UBERON_0002244	CP_EQ_6
143	0	UBERON_0000161BFO_0000050UBERON_0004529PATO_0000462	CP_EQ_1
143	0	UBERON_0005744BFO_0000050UBERON_0004529	CP_EQ_2
143	0	UBERONTEMP_93300be9-c8a2-4683-bf24-aac2a855eac6BFO_0000050UBERON_0004529	CP_EQ_3
143	0	UBERON_0000161BFO_0000050UBERON_0002244	CP_EQ_4
143	0	UBERON_0005744BFO_0000050UBERON_0002244	CP_EQ_5
143	0	UBERONTEMP_93300be9-c8a2-4683-bf24-aac2a855eac6BFO_0000050UBERON_0002244	CP_EQ_6
10	0	BSPO_0000099UBERON_0003155UBERON_0003155	CP_EQ_1
10	0	UBERON_0006054	CP_EQ_2
10	1	UBERONTEMP_160a7d88-ce21-4e9f-bc46-5cb40d86b259PATO_0002443UBERON_0003155	CP_EQ_1
10	1	UBERON_0006054	CP_EQ_2
10	2	BSPO_0000096UBERON_0003155UBERON_0003155	CP_EQ_1
10	2	UBERON_0006054	CP_EQ_2
47	0	UBERON_3000543PATO_0000467	CP_EQ_1
47	1	UBERON_3000543PATO_0000467	CP_EQ_1
47	1	UBERON_0001474BFO_0000053PATO_0000396PATO_0000025	CP_EQ_2
27	0	UBERONTEMP_6be80d29-edb2-4da5-ae46-0ceed67a11fbPATOTEMP_05e2dbcc-ba43-40e1-a80c-af1fdcb368b2	CP_EQ_1
27	0	UBERON_0002228BFO_0000050UBERONTEMP_6be80d29-edb2-4da5-ae46-0ceed67a11fb	CP_EQ_2
27	1	UBERONTEMP_6be80d29-edb2-4da5-ae46-0ceed67a11fbPATOTEMP_09c64970-0329-4bad-9e19-2d2a9995742c	CP_EQ_1
27	1	UBERON_0002228BFO_0000050UBERONTEMP_6be80d29-edb2-4da5-ae46-0ceed67a11fb	CP_EQ_2
125	2	UBERON_0001091BFO_0000050UBERON_0001091	CP_EQ_1
125	1	UBERON_0006726PATO_0000467	CP_EQ_1
125	1	UBERON_0009678	CP_EQ_2
125	1	UBERON_0011085	CP_EQ_3
125	1	UBERON_0011085BFO_0000050UBERON_0006726	CP_EQ_4
125	1	UBERON_0011085BFO_0000050UBERON_0009678	CP_EQ_5
125	1	UBERON_0006726BFO_0000050UBERON_0011085	CP_EQ_6
125	1	UBERON_0009678BFO_0000050UBERON_0011085	CP_EQ_7
125	1	UBERON_0006726BFO_0000050UBERON_0009678BFO_0000050UBERON_0011085	CP_EQ_8
125	1	UBERON_0006726BFO_0000050UBERON_0011085BFO_0000050UBERON_0009678	CP_EQ_9
125	1	UBERON_0009678BFO_0000050UBERON_0006726BFO_0000050UBERON_0011085	CP_EQ_10
125	1	UBERON_0009678BFO_0000050UBERON_0011085BFO_0000050UBERON_0006726	CP_EQ_11
125	1	UBERON_0006726PATO_0000467	CP_EQ_12
125	1	UBERON_0009678	CP_EQ_13
125	1	UBERON_0006726PATO_0000117	CP_EQ_14
125	1	UBERON_0009678	CP_EQ_15
125	1	UBERON_0006726PATO_0000070	CP_EQ_16
125	1	UBERON_0009678	CP_EQ_17
125	1	UBERON_0001091PATO_0000574	CP_EQ_18
125	1	UBERON_0001091PATO_0000573	CP_EQ_19
125	0	PATO_0000467	CP_EQ_1
125	0		CP_EQ_2
125	0	 	CP_EQ_3
45	1	UBERON_0010516PATO_0000467	CP_EQ_1
45	0	UBERON_0010516PATO_0000070PHENOSCAPE_complement_ofPATO_0000467	CP_EQ_1
99	1	UBERON_0013190PATO_0000467	CP_EQ_1
99	1	 	CP_EQ_2
99	0	UBERON_0013190PATO_0000462	CP_EQ_1
99	0	 	CP_EQ_2
128	0		CP_EQ_1
128	1		CP_EQ_1
42	1	BSPO_0000400PATO_0000411	CP_EQ_1
42	2	BSPO_0000400PATO_0001485	CP_EQ_1
42	0	BSPO_0000400PATO_0001485	CP_EQ_1
175	1	UBERON_3000365PATO_0000586BSPO_0000026	CP_EQ_1
175	1	UBERON_0001062BFO_0000050UBERON_0004752PATO_0001602	CP_EQ_2
175	0	UBERON_3000365PATO_0000117PHENOSCAPE_complement_ofPATO_0000586BSPO_0000026	CP_EQ_1
175	0	UBERON_0001062BFO_0000050UBERON_0004752PATO_0000117PHENOSCAPE_complement_ofPATO_0001602	CP_EQ_2
101	1	UBERON_0000151BFO_0000050UBERON_0010362PATO_0000467	CP_EQ_1
101	1	UBERON_0010362BFO_0000050UBERON_0000151	CP_EQ_2
101	0	UBERON_0000151BFO_0000050UBERON_0010362PATO_0000462	CP_EQ_1
101	0	UBERON_0010362BFO_0000050UBERON_0000151	CP_EQ_2
46	1	PATO_0001772UBERON_0000914	CP_EQ_1
46	1	PATO_0000467	CP_EQ_2
46	0	PATO_0000140PHENOSCAPE_complement_ofPATO_0001772UBERON_0000914	CP_EQ_1
46	0	PATO_0000070PHENOSCAPE_complement_ofPATO_0000467	CP_EQ_2
184	1	UBERON_0004742PATO_0001857	CP_EQ_1
184	1	UBERON_0000468PATO_0001857	CP_EQ_2
184	1	 	CP_EQ_3
184	0	UBERON_0004742PATO_0002180	CP_EQ_1
184	0	UBERON_0000468PATO_0002180	CP_EQ_2
184	0	 	CP_EQ_3
184	2	UBERON_0004742PATO_0001355	CP_EQ_1
184	2	UBERON_0000468PATO_0001355	CP_EQ_2
184	2	 	CP_EQ_3
184	3	UBERON_0004742	CP_EQ_1
184	3	UBERON_0000468	CP_EQ_2
184	3	 	CP_EQ_3
146	1	UBERON_2000356PATO_0000467	CP_EQ_1
146	1	UBERON_2000356BFO_0000050UBERON_0003114	CP_EQ_2
146	1	UBERON_0003114PATO_0000467	CP_EQ_3
146	1	BSPO_0000083BFO_0000050UBERON_0004529PATO_0000467	CP_EQ_4
146	1	UBERON_0003114PATO_0001645BSPO_0000083BFO_0000050UBERON_0004529	CP_EQ_5
146	0	UBERON_2000356PATO_0000070PHENOSCAPE_complement_ofPATO_0000467	CP_EQ_1
146	0	UBERON_2000356BFO_0000050UBERON_0003114	CP_EQ_2
146	0	UBERON_0003114PATO_0000070PHENOSCAPE_complement_ofPATO_0000467	CP_EQ_3
146	0	BSPO_0000083BFO_0000050UBERON_0004529PATO_0000070PHENOSCAPE_complement_ofPATO_0000467	CP_EQ_4
146	0	UBERON_0003114PATO_0000140PHENOSCAPE_complement_ofPATO_0001645BSPO_0000083BFO_0000050UBERON_0004529	CP_EQ_5
148	2	PATO_0000070	CP_EQ_1
148	0	PATO_0000070	CP_EQ_1
148	1	PATO_0000467	CP_EQ_1
148	1	 	CP_EQ_2
148	1	PATO_0000070	CP_EQ_3
148	1	PATO_0001555	CP_EQ_4
148	1	PATO_0001555	CP_EQ_5
162	1	UBERON_3001003BFO_0000050UBERON_0003101PATO_0000467	CP_EQ_1
162	1	UBERON_0001062BFO_0000050UBERON_0003101	CP_EQ_2
162	0	UBERON_3001003BFO_0000050UBERON_0003101PATO_0000462	CP_EQ_1
162	0	UBERON_0001062BFO_0000050UBERON_0003101	CP_EQ_2
104	1	UBERON_3000543PATO_0000599	CP_EQ_1
104	1	UBERON_3000543PATO_0001857	CP_EQ_2
104	0	UBERON_3000543PATO_0000462	CP_EQ_1
104	0	UBERON_3000543PATO_0000587	CP_EQ_2
104	0	UBERON_3000543PATO_0000599	CP_EQ_3
152	0		CP_EQ_1
152	1		CP_EQ_1
196	0	UBERON_0002397BSPO_0000120UBERON_0000468PATO_0001505UBERON_0002397BSPO_0000121UBERON_0000468	CP_EQ_1
196	2	PATO_0001961	CP_EQ_1
196	2	UBERON_0002397PATO_0000467	CP_EQ_2
196	1	UBERON_3000329BFO_0000050UBERON_0002397PATO_0000467	CP_EQ_1
196	1	UBERON_0001870PATO_0000467	CP_EQ_2
59	1	PATO_0000573	CP_EQ_1
59	0		CP_EQ_1
59	0	PATO_0000573	CP_EQ_2
89	1		CP_EQ_1
89	0		CP_EQ_1
106	1	UBERON_0018358PATO_0000467	CP_EQ_1
106	1	PATO_0000467	CP_EQ_2
106	1		CP_EQ_3
106	0	UBERON_0018358PATO_0000070PHENOSCAPE_complement_ofPATO_0000467	CP_EQ_1
106	0	PATO_0000070PHENOSCAPE_complement_ofPATO_0000467	CP_EQ_2
80	1	UBERON_0000088PATO_0000467	CP_EQ_1
80	0	UBERON_0000088PATO_0000462	CP_EQ_1
102	2	UBERON_0006849PATO_0000462	CP_EQ_1
102	2	UBERON_0010904	CP_EQ_2
102	2	UBERON_0004743PATO_0000462	CP_EQ_3
102	1	UBERON_0006849PATO_0000587	CP_EQ_1
102	1	UBERON_0010904	CP_EQ_2
102	0	UBERON_0006849PATO_0000117	CP_EQ_1
102	0	UBERON_0010904	CP_EQ_2
102	0	UBERON_0006849PATO_0000117	CP_EQ_3
102	0	UBERON_0010904	CP_EQ_4
96	1	UBERON_0018355PATO_0000467	CP_EQ_1
96	0	UBERON_0018355PATO_0000462	CP_EQ_1
49	1	PATO_0000467	CP_EQ_1
49	1	PATO_0000467	CP_EQ_2
49	0	PATO_0000070PHENOSCAPE_complement_ofPATO_0000467	CP_EQ_1
49	0	PATO_0000070PHENOSCAPE_complement_ofPATO_0000467	CP_EQ_2
8	1	UBERON_3000677PATO_0000467	CP_EQ_1
8	1	UBERON_3000492PATO_0000467	CP_EQ_2
8	1	UBERON_3000493	CP_EQ_3
8	1	UBERON_3000509	CP_EQ_4
8	1	UBERON_3000512	CP_EQ_5
8	1	UBERON_3000644	CP_EQ_6
8	1	UBERON_3000650	CP_EQ_7
8	1	UBERON_3000655	CP_EQ_8
8	1	UBERON_3000656	CP_EQ_9
8	1	UBERON_3000662	CP_EQ_10
8	1	UBERON_3000687	CP_EQ_11
8	1	UBERON_3010824	CP_EQ_12
8	1	 	CP_EQ_13
8	1	 	CP_EQ_14
8	1	 	CP_EQ_15
8	1	 	CP_EQ_16
8	1	 	CP_EQ_17
8	1	 	CP_EQ_18
8	1	 	CP_EQ_19
8	1	 	CP_EQ_20
8	1	 	CP_EQ_21
8	1	 	CP_EQ_22
8	1	 	CP_EQ_23
8	1	UBERON_3000677PATO_0000070	CP_EQ_24
8	0	BSPO_0000084BFO_0000050UBERON_0004529PATO_0000462	CP_EQ_1
8	0	BSPO_0000084BFO_0000050UBERON_0004529PATO_0000467	CP_EQ_2
14	0	UBERON_0004744BFO_0000050UBERON_0000062PATO_0000467	CP_EQ_1
14	0	UBERON_2001805BFO_0000050UBERON_0000062	CP_EQ_2
14	0	UBERON_0000062PATO_0000467	CP_EQ_3
14	1	UBERON_0004744PATO_0000642UBERON_0011637	CP_EQ_1
14	1	UBERON_2001805	CP_EQ_2
133	1	UBERON_0006964PATO_0000467	CP_EQ_1
133	1	UBERON_0002037PATO_0000467	CP_EQ_2
133	1	UBERON_0006964BFO_0000053PATO_0001997PATO_0000467	CP_EQ_3
133	1	UBERON_0002198BFO_0000053PATO_0000586PATO_0000467	CP_EQ_4
133	1	PATO_0000587	CP_EQ_5
133	1	PATO_0000587	CP_EQ_6
133	0	UBERON_0006964PATO_0000070PHENOSCAPE_complement_ofPATO_0000467	CP_EQ_1
133	0	UBERON_0002037PATO_0000070PHENOSCAPE_complement_ofPATO_0000467	CP_EQ_2
133	0	UBERON_0006964BFO_0000053PATO_0001997PATO_0000462	CP_EQ_3
133	0	UBERON_0002198BFO_0000053PATO_0000586PATO_0000462	CP_EQ_4
133	0	PATO_0000117PHENOSCAPE_complement_ofPATO_0000587	CP_EQ_5
133	0	PATO_0000117PHENOSCAPE_complement_ofPATO_0000587	CP_EQ_6
118	1	UBERON_0018352PATO_0000467	CP_EQ_1
118	0	UBERON_0018352PATO_0000462	CP_EQ_1
87	0	UBERON_0000161BFO_0000050UBERON_3010219PATO_0000467	CP_EQ_1
87	0	UBERON_0005744BFO_0000050UBERON_3010219	CP_EQ_2
87	0	UBERONTEMP_93300be9-c8a2-4683-bf24-aac2a855eac6BFO_0000050UBERON_3010219	CP_EQ_3
87	1	UBERON_0000161BFO_0000050UBERON_3010219PATO_0000462	CP_EQ_1
87	1	UBERON_0005744BFO_0000050UBERON_3010219	CP_EQ_2
87	1	UBERONTEMP_93300be9-c8a2-4683-bf24-aac2a855eac6BFO_0000050UBERON_3010219	CP_EQ_3
177	0	UBERON_0018273PATO_0000467	CP_EQ_1
177	1	UBERON_0018273PATO_0000462	CP_EQ_1
136	1	UBERON_0002355PATO_0000608	CP_EQ_1
136	1	UBERON_0018326PATO_0000608	CP_EQ_2
136	0	UBERON_0002355PATO_0000610	CP_EQ_1
136	0	UBERON_0018326PATO_0000610	CP_EQ_2
71	2	UBERON_3000190BFO_0000050UBERON_0000451	CP_EQ_1
71	2	UBERON_3000190BFO_0000050UBERON_0010750	CP_EQ_2
71	2	UBERON_3000190BFO_0000050UBERON_3010146	CP_EQ_3
71	2	UBERON_3000190BFO_0000050UBERON_0001682	CP_EQ_4
71	2	UBERON_3000190PATO_0000467	CP_EQ_5
71	2	UBERON_3000190PATO_0000467	CP_EQ_6
71	2	UBERON_3000190PATO_0000467	CP_EQ_7
71	1	BSPO_0000083PATO_0000467	CP_EQ_1
71	1	UBERON_3000190PATO_0000467	CP_EQ_2
71	1	BSPO_0000083BFO_0000050UBERON_3000190	CP_EQ_3
71	0	UBERON_3000190PATO_0000462	CP_EQ_1
66	1	UBERON_0011662BFO_0000053PATO_0002126PATO_0000467	CP_EQ_1
66	0	UBERON_0011662BFO_0000053PATO_0002126PATO_0000462	CP_EQ_1
91	1	UBERON_0001682PATO_0000642UBERON_0006720	CP_EQ_1
91	1	UBERON_0010389	CP_EQ_2
91	0	UBERON_0000062PATO_0000467	CP_EQ_1
130	0	PATO_0001227	CP_EQ_1
130	0		CP_EQ_2
130	0	PATO_0000467	CP_EQ_3
130	0		CP_EQ_4
130	1	 	CP_EQ_1
130	1		CP_EQ_2
167	1	 	CP_EQ_1
167	0	 	CP_EQ_1
4	1	 	CP_EQ_1
4	0	 	CP_EQ_1
64	1	UBERONTEMP_2ce13942-7494-4362-88e4-998b6b265619PATO_0000467	CP_EQ_1
64	0	UBERONTEMP_2ce13942-7494-4362-88e4-998b6b265619PATO_0000462	CP_EQ_1
88	1	UBERON_0001324PATO_0000462	CP_EQ_1
88	1	BSPO_0000079BFO_0000050UBERON_0001383PATO_0000467	CP_EQ_2
88	0	UBERON_0001324PATO_0000467	CP_EQ_1
198	1	PATO_0000467	CP_EQ_1
198	1	UBERON_0000014PATO_0000467	CP_EQ_2
198	1	UBERON_0000014PATO_0000467	CP_EQ_3
198	1	UBERON_0000014BFO_0000053PATO_0000591PATO_0000467	CP_EQ_4
198	0	PATO_0000070PHENOSCAPE_complement_ofPATO_0000467	CP_EQ_1
198	0	UBERON_0000014PATO_0000070PHENOSCAPE_complement_ofPATO_0000467	CP_EQ_2
198	0	UBERON_0000014PATO_0000070PHENOSCAPE_complement_ofPATO_0000467	CP_EQ_3
198	0	UBERON_0000014BFO_0000053PATO_0000591PATO_0000462	CP_EQ_4
119	1	PATO_0000467	CP_EQ_1
119	1	BSPO_0000079BFO_0000050UBERON_0008260PATO_0000467	CP_EQ_2
119	1	UBERON_2002261	CP_EQ_3
119	1	BSPO_0000071PATO_0000467	CP_EQ_4
119	0	PATO_0000070PHENOSCAPE_complement_ofPATO_0000467	CP_EQ_1
119	0	BSPO_0000079BFO_0000050UBERON_0008260PATO_0000070PHENOSCAPE_complement_ofPATO_0000467	CP_EQ_2
119	0	UBERON_2002261	CP_EQ_3
119	0	BSPO_0000071PATO_0000462	CP_EQ_4
129	1	UBERON_0000401PATO_0000467	CP_EQ_1
129	1	UBERON_0001684PATO_0000467	CP_EQ_2
129	1	UBERON_0000401PATO_0000467	CP_EQ_3
129	1	UBERON_0000401PATO_0000467	CP_EQ_4
129	1	UBERON_0001684PATO_0000467	CP_EQ_5
129	1	UBERON_0000401PATO_0000467	CP_EQ_6
129	1	BSPO_0000072PATO_0000467	CP_EQ_7
129	1	UBERON_0001684PATO_0002254	CP_EQ_8
129	1	UBERON_0000401	CP_EQ_9
129	1	BSPO_0000072	CP_EQ_10
129	0	UBERON_0000401PATO_0000070PHENOSCAPE_complement_ofPATO_0000467	CP_EQ_1
129	0	UBERON_0001684PATO_0000070PHENOSCAPE_complement_ofPATO_0000467	CP_EQ_2
129	0	UBERON_0000401PATO_0000070PHENOSCAPE_complement_ofPATO_0000467	CP_EQ_3
129	0	UBERON_0000401PATO_0000070PHENOSCAPE_complement_ofPATO_0000467	CP_EQ_4
129	0	UBERON_0001684PATO_0000070PHENOSCAPE_complement_ofPATO_0000467	CP_EQ_5
129	0	UBERON_0000401PATO_0000070PHENOSCAPE_complement_ofPATO_0000467	CP_EQ_6
129	0	BSPO_0000072PATO_0000070PHENOSCAPE_complement_ofPATO_0000467	CP_EQ_7
129	0	UBERON_0001684PATO_0000052PHENOSCAPE_complement_ofPATO_0002254	CP_EQ_8
61	0	UBERON_3000966PATO_0000467	CP_EQ_1
61	1	UBERON_3000966PATO_0000462	CP_EQ_1
181	2	UBERON_0018272PATO_0000467	CP_EQ_1
181	2	UBERON_0018295PATO_0000133UBERON_0018272	CP_EQ_2
181	1	BSPOTEMP_659dc02e-cee1-49ee-96db-fd1988ce4f99PATO_0000467	CP_EQ_1
181	1	UBERON_0018295PATO_0000133BSPOTEMP_659dc02e-cee1-49ee-96db-fd1988ce4f99	CP_EQ_2
181	0	UBERON_0018295PATO_0000133UBERON_0018298	CP_EQ_1
181	0	PATO_0000133UBERON_0018344	CP_EQ_2
181	0	PATO_0000133UBERON_0018293	CP_EQ_3
181	0	UBERON_0018295PATO_0000467	CP_EQ_4
181	0	UBERON_0018295PATO_0000467	CP_EQ_5
181	0	UBERON_0018295PATO_0000467	CP_EQ_6
12	1	UBERON_0003100PATO_0000467	CP_EQ_1
12	0	UBERON_0003100PATO_0000070PHENOSCAPE_complement_ofPATO_0000467	CP_EQ_1
85	1	UBERON_0018340PATO_0000467	CP_EQ_1
85	1	 	CP_EQ_2
85	2	UBERON_0018340PATO_0000462	CP_EQ_1
85	0	UBERON_0018340PATO_0000467	CP_EQ_1
149	1	UBERON_0001153PATO_0000467	CP_EQ_1
149	0	UBERON_0001153PATO_0000462	CP_EQ_1
11	1	BSPO_0000078BFO_0000050UBERON_0000976PATO_0001154	CP_EQ_1
11	1	UBERON_0004529BFO_0000053PATO_0000599PATO_0000467	CP_EQ_2
11	0	BSPO_0000078BFO_0000050UBERON_0000976PATO_0000467	CP_EQ_1
163	0	UBERON_0018342PATO_0000467	CP_EQ_1
163	1	UBERON_0018342PATO_0000462	CP_EQ_1
35	0		CP_EQ_1
35	1		CP_EQ_1
30	1	UBERON_2000422BFO_0000050UBERON_0004744PATO_0000467	CP_EQ_1
30	1	UBERON_3000543	CP_EQ_2
30	1	 	CP_EQ_3
30	1	UBERON_0004529PATO_0000467	CP_EQ_4
30	1	UBERON_0004529BFO_0000050UBERON_0004744	CP_EQ_5
30	1	 	CP_EQ_6
30	1	UBERON_0004744PATO_0000467	CP_EQ_7
30	1	 	CP_EQ_8
30	1	 	CP_EQ_9
30	0	UBERON_2000422BFO_0000050UBERON_0004744PATO_0000070PHENOSCAPE_complement_ofPATO_0000467	CP_EQ_1
30	0	UBERON_3000543	CP_EQ_2
30	0	 	CP_EQ_3
30	0	UBERON_0004529PATO_0000070PHENOSCAPE_complement_ofPATO_0000467	CP_EQ_4
30	0	UBERON_0004529BFO_0000050UBERON_0004744	CP_EQ_5
30	0	 	CP_EQ_6
30	0	UBERON_0004744PATO_0000070PHENOSCAPE_complement_ofPATO_0000467	CP_EQ_7
30	0	 	CP_EQ_8
30	0	 	CP_EQ_9
131	1		CP_EQ_1
131	1		CP_EQ_2
131	1	UBERON_2001967BSPO_0000120UBERON_0000468OBO_REL_located_inUBERON_2001967BSPO_0000121UBERON_0000468PATO_0000467	CP_EQ_3
131	0		CP_EQ_1
131	0		CP_EQ_2
33	4	UBERON_0004649PATO_0000462	CP_EQ_1
33	1	BSPO_0000050BFO_0000050UBERON_0004529PATO_0000467	CP_EQ_1
33	1	UBERON_0004649PATO_0000467	CP_EQ_2
33	1	 	CP_EQ_3
33	2	BSPO_0000050BFO_0000050UBERON_0004649	CP_EQ_1
33	2	BSPO_0000028BFO_0000050UBERON_0004649	CP_EQ_2
33	2	BSPO_0000050BFO_0000053PATO_0000463PATO_0000467	CP_EQ_3
33	2	BSPO_0000028BFO_0000053PATO_0000463PATO_0000467	CP_EQ_4
33	3	UBERON_0004649PATO_0000588	CP_EQ_1
33	0	BSPO_0000029BFO_0000050UBERON_0004649PATO_0002391	CP_EQ_1
33	0	UBERON_0004649BFO_0000050UBERON_3000672PATO_0002391	CP_EQ_2
33	0	BSPO_0000029BFO_0000053PATO_0000463PATO_0000467	CP_EQ_3
33	0	UBERON_3000672BFO_0000053PATO_0000463PATO_0000467	CP_EQ_4
127	2	PATO_0001608	CP_EQ_1
127	2	UBERONTEMP_36313895-f75e-421c-9022-8397d0be3b8fPATO_0000467	CP_EQ_2
127	0	UBERONTEMP_36313895-f75e-421c-9022-8397d0be3b8fPATO_0000467	CP_EQ_1
127	0	UBERONTEMP_36313895-f75e-421c-9022-8397d0be3b8fPATO_0000467	CP_EQ_2
127	1	UBERONTEMP_36313895-f75e-421c-9022-8397d0be3b8fPATO_0002272UBERON_0002244	CP_EQ_1
127	1	UBERONTEMP_36313895-f75e-421c-9022-8397d0be3b8fPATO_0002272UBERON_0002397	CP_EQ_2
127	1	UBERONTEMP_36313895-f75e-421c-9022-8397d0be3b8f	CP_EQ_3
182	0	UBERON_0000161BFO_0000050UBERON_3000694PATO_0000462	CP_EQ_1
182	0	UBERON_0001245BFO_0000050UBERON_3000694	CP_EQ_2
182	0	UBERON_0001780BFO_0000050UBERON_3000694	CP_EQ_3
182	0	UBERON_0005744BFO_0000050UBERON_3000694	CP_EQ_4
182	0	UBERON_3000694BFO_0000050UBERON_0001780	CP_EQ_5
182	0	UBERONTEMP_93300be9-c8a2-4683-bf24-aac2a855eac6BFO_0000050UBERON_3000694	CP_EQ_6
182	0	UBERON_0000161BFO_0000050UBERON_0001780BFO_0000050UBERON_3000694	CP_EQ_7
182	0	UBERON_0000161BFO_0000050UBERON_3000694BFO_0000050UBERON_0001780	CP_EQ_8
182	0	UBERON_0005744BFO_0000050UBERON_0001780BFO_0000050UBERON_3000694	CP_EQ_9
182	0	UBERON_0005744BFO_0000050UBERON_3000694BFO_0000050UBERON_0001780	CP_EQ_10
182	0	UBERONTEMP_93300be9-c8a2-4683-bf24-aac2a855eac6BFO_0000050UBERON_0001780BFO_0000050UBERON_3000694	CP_EQ_11
182	0	UBERONTEMP_93300be9-c8a2-4683-bf24-aac2a855eac6BFO_0000050UBERON_3000694BFO_0000050UBERON_0001780	CP_EQ_12
182	1	PATO_0001495	CP_EQ_1
182	2	UBERON_0000161BFO_0000050UBERON_3000694	CP_EQ_1
182	2	UBERON_0001245BFO_0000050UBERON_3000694	CP_EQ_2
182	2	UBERON_0001780BFO_0000050UBERON_3000694	CP_EQ_3
182	2	UBERON_0005744BFO_0000050UBERON_3000694	CP_EQ_4
182	2	UBERON_3000694BFO_0000050UBERON_0001780	CP_EQ_5
182	2	UBERONTEMP_93300be9-c8a2-4683-bf24-aac2a855eac6BFO_0000050UBERON_3000694	CP_EQ_6
182	2	UBERON_0000161BFO_0000050UBERON_0001780BFO_0000050UBERON_3000694	CP_EQ_7
182	2	UBERON_0000161BFO_0000050UBERON_3000694BFO_0000050UBERON_0001780	CP_EQ_8
182	2	UBERON_0005744BFO_0000050UBERON_0001780BFO_0000050UBERON_3000694	CP_EQ_9
182	2	UBERON_0005744BFO_0000050UBERON_3000694BFO_0000050UBERON_0001780	CP_EQ_10
182	2	UBERONTEMP_93300be9-c8a2-4683-bf24-aac2a855eac6BFO_0000050UBERON_0001780BFO_0000050UBERON_3000694	CP_EQ_11
182	2	UBERONTEMP_93300be9-c8a2-4683-bf24-aac2a855eac6BFO_0000050UBERON_3000694BFO_0000050UBERON_0001780	CP_EQ_12
113	1		CP_EQ_1
113	0		CP_EQ_1
158	1	UBERON_0003101PATO_0000467	CP_EQ_1
158	0	UBERON_0003101PATO_0000070PHENOSCAPE_complement_ofPATO_0000467	CP_EQ_1
183	1	PATO_0000586	CP_EQ_1
183	1	PATO_0001602	CP_EQ_2
183	0	PATO_0000117PHENOSCAPE_complement_ofPATO_0000586	CP_EQ_1
183	0	PATO_0000117PHENOSCAPE_complement_ofPATO_0001602	CP_EQ_2
179	1	PATO_0000467	CP_EQ_1
179	0	PATO_0000462	CP_EQ_1
5	1	PATOTEMP_57a2092d-7ca1-4bb0-b34f-afa8a5b8114a	CP_EQ_1
5	1	UBERONTEMP_657f231c-3c4d-4853-a17f-82c710315be6PATO_0000467	CP_EQ_2
5	2	UBERONTEMP_ba10737a-6aef-4435-b85f-4761b4978e5fBFO_0000053PATO_0000467BFO_0000050UBERON_0001846PATO_0000070	CP_EQ_1
5	0	 	CP_EQ_1
5	0	PATOTEMP_57a2092d-7ca1-4bb0-b34f-afa8a5b8114a	CP_EQ_2
65	2	UBERON_0001533PATO_0000467	CP_EQ_1
65	2	UBERON_0001533PATO_0000467	CP_EQ_2
65	2	UBERON_3010218PATO_0000467	CP_EQ_3
65	0	UBERON_0001533PATO_0000467	CP_EQ_1
65	0	UBERON_0001533PATO_0000467	CP_EQ_2
65	0	UBERON_0001533PATO_0000467	CP_EQ_3
65	0	UBERON_0003121BFO_0000053PATO_0000366PATO_0000467	CP_EQ_4
65	1	UBERON_0001533PATO_0000467	CP_EQ_1
98	2	UBERON_2002283BFO_0000050UBERON_4000164PATO_0000467	CP_EQ_1
98	0	BSPO_0000098UBERON_0010202UBERON_0010202	CP_EQ_1
98	1	 	CP_EQ_1
22	0	UBERON_2000356PATO_0000122increased_in_magnitude_relative_toPATO_0000921BFO_0000052UBERON_2000356	CP_EQ_1
22	1	UBERON_2000356PATO_0000921increased_in_magnitude_relative_toPATO_0000122BFO_0000052UBERON_2000356	CP_EQ_1
7	1	PATO_0000467	CP_EQ_1
7	1	BSPO_0000061BFO_0000050UBERON_0000329	CP_EQ_2
7	1	BSPO_0000061BFO_0000050UBERON_0002073	CP_EQ_3
7	1	BSPO_0000061BFO_0000050UBERON_0002074	CP_EQ_4
7	1	BSPO_0000061BFO_0000050UBERON_0005184	CP_EQ_5
7	1	BSPO_0000061BFO_0000050UBERON_0011901	CP_EQ_6
7	1	BSPO_0000061BFO_0000050UBERON_0011931	CP_EQ_7
7	0	BSPO_0000061BFO_0000050UBERON_0000329	CP_EQ_1
7	0	BSPO_0000061BFO_0000050UBERON_0002073	CP_EQ_2
7	0	BSPO_0000061BFO_0000050UBERON_0002074	CP_EQ_3
7	0	BSPO_0000061BFO_0000050UBERON_0005184	CP_EQ_4
7	0	BSPO_0000061BFO_0000050UBERON_0011901	CP_EQ_5
7	0	BSPO_0000061BFO_0000050UBERON_0011931	CP_EQ_6
7	0	UBERON_0000329	CP_EQ_7
7	0	UBERON_0002073	CP_EQ_8
7	0	UBERON_0002074	CP_EQ_9
7	0	UBERON_0005184	CP_EQ_10
7	0	UBERON_0011901	CP_EQ_11
7	0	UBERON_0011931	CP_EQ_12
112	0	UBERON_0002542	CP_EQ_1
112	0	PATO_0000632	CP_EQ_2
112	1	UBERON_0002542	CP_EQ_1
112	1		CP_EQ_2
58	1	PATO_0000467	CP_EQ_1
58	1	UBERON_0004905PATO_0000467	CP_EQ_2
58	1	UBERON_0004905BFO_0000050UBERON_0001693	CP_EQ_3
58	1	UBERON_0004905PATO_0000070	CP_EQ_4
58	1	UBERON_0004905BFO_0000050UBERON_0001693	CP_EQ_5
58	0	PATO_0000070PHENOSCAPE_complement_ofPATO_0000467	CP_EQ_1
58	0	UBERON_0004905PATO_0000070PHENOSCAPE_complement_ofPATO_0000467	CP_EQ_2
58	0	UBERON_0004905BFO_0000050UBERON_0001693	CP_EQ_3
58	0	UBERON_0004905PATO_0000070PHENOSCAPE_complement_ofPATO_0000070	CP_EQ_4
58	0	UBERON_0004905BFO_0000050UBERON_0001693	CP_EQ_5
141	1	UBERON_0001018PATO_0000467	CP_EQ_1
141	1	UBERON_0018343PATO_0000467	CP_EQ_2
141	0	UBERON_0001018PATO_0000467	CP_EQ_1
141	0	UBERON_0018343PATO_0000467	CP_EQ_2
95	1	PATO_0000070	CP_EQ_1
95	0	PATO_0000070PHENOSCAPE_complement_ofPATO_0000070	CP_EQ_1
161	1	PATO_0000574	CP_EQ_1
161	0	PATO_0000070	CP_EQ_1
190	0	UBERON_0001106PATO_0000462	CP_EQ_1
190	0	UBERON_0005818	CP_EQ_2
190	0	UBERON_0010517	CP_EQ_3
190	0	UBERON_2001800	CP_EQ_4
190	0	UBERONTEMP_8c052198-acff-4165-b1a0-fd6bb2de6e10	CP_EQ_5
190	1	UBERON_0001106BFO_0000053PATO_0002253UBERON_0001106BFO_0000053PATO_0000586PATO_0000587	CP_EQ_1
190	1	UBERON_0001106BFO_0000053PATO_0002253UBERON_0001106BFO_0000053PATO_0000586	CP_EQ_2
190	1	UBERON_0005818BFO_0000053PATO_0002253UBERON_0005818BFO_0000053PATO_0000586	CP_EQ_3
190	1	UBERON_0005818BFO_0000053PATO_0002253UBERON_0005818BFO_0000053PATO_0000586	CP_EQ_4
190	1	UBERON_0010517BFO_0000053PATO_0002253UBERON_0010517BFO_0000053PATO_0000586	CP_EQ_5
190	1	UBERON_0010517BFO_0000053PATO_0002253UBERON_0010517BFO_0000053PATO_0000586	CP_EQ_6
190	1	UBERON_2001800BFO_0000053PATO_0002253UBERON_2001800BFO_0000053PATO_0000586	CP_EQ_7
190	1	UBERON_2001800BFO_0000053PATO_0002253UBERON_2001800BFO_0000053PATO_0000586	CP_EQ_8
190	1	UBERONTEMP_8c052198-acff-4165-b1a0-fd6bb2de6e10BFO_0000053PATO_0002253UBERONTEMP_8c052198-acff-4165-b1a0-fd6bb2de6e10BFO_0000053PATO_0000586	CP_EQ_9
190	1	UBERONTEMP_8c052198-acff-4165-b1a0-fd6bb2de6e10BFO_0000053PATO_0002253UBERONTEMP_8c052198-acff-4165-b1a0-fd6bb2de6e10BFO_0000053PATO_0000586	CP_EQ_10
190	1	UBERON_0001106PATO_0000052	CP_EQ_11
190	1	UBERON_0005818PATO_0001201	CP_EQ_12
190	1	UBERON_0010517	CP_EQ_13
190	1	UBERON_2001800	CP_EQ_14
190	1	UBERONTEMP_8c052198-acff-4165-b1a0-fd6bb2de6e10	CP_EQ_15
190	2	UBERON_0001106BFO_0000053PATO_0002253UBERON_0001106BFO_0000053PATO_0000586PATO_0000467	CP_EQ_1
190	2	UBERON_0001106BFO_0000053PATO_0002253UBERON_0001106BFO_0000053PATO_0000586	CP_EQ_2
190	2	UBERON_0005818BFO_0000053PATO_0002253UBERON_0005818BFO_0000053PATO_0000586	CP_EQ_3
190	2	UBERON_0005818BFO_0000053PATO_0002253UBERON_0005818BFO_0000053PATO_0000586	CP_EQ_4
190	2	UBERON_0010517BFO_0000053PATO_0002253UBERON_0010517BFO_0000053PATO_0000586	CP_EQ_5
190	2	UBERON_0010517BFO_0000053PATO_0002253UBERON_0010517BFO_0000053PATO_0000586	CP_EQ_6
190	2	UBERON_2001800BFO_0000053PATO_0002253UBERON_2001800BFO_0000053PATO_0000586	CP_EQ_7
190	2	UBERON_2001800BFO_0000053PATO_0002253UBERON_2001800BFO_0000053PATO_0000586	CP_EQ_8
190	2	UBERONTEMP_8c052198-acff-4165-b1a0-fd6bb2de6e10BFO_0000053PATO_0002253UBERONTEMP_8c052198-acff-4165-b1a0-fd6bb2de6e10BFO_0000053PATO_0000586	CP_EQ_9
190	2	UBERONTEMP_8c052198-acff-4165-b1a0-fd6bb2de6e10BFO_0000053PATO_0002253UBERONTEMP_8c052198-acff-4165-b1a0-fd6bb2de6e10BFO_0000053PATO_0000586	CP_EQ_10
73	1	UBERON_0004743PATO_0000467	CP_EQ_1
73	1	BSPO_0000072PATO_0000467	CP_EQ_2
73	0	UBERON_0004743PATO_0000462	CP_EQ_1
73	0	BSPO_0000072PATO_0000462	CP_EQ_2
94	0	UBERON_0011678PATO_0000586	CP_EQ_1
94	0	UBERON_3010069	CP_EQ_2
94	0	UBERON_0001062BFO_0000050UBERON_0002398	CP_EQ_3
94	2	UBERON_0011678	CP_EQ_1
94	2	UBERON_3010069	CP_EQ_2
94	1	UBERON_0011678PATO_0000587	CP_EQ_1
94	1	UBERON_3010069	CP_EQ_2
94	1	UBERON_0001062BFO_0000050UBERON_0002398	CP_EQ_3
76	0	UBERON_0000165BFO_0000053PATO_0000467PATO_0001961UBERON_2000610	CP_EQ_1
76	0	UBERON_0000165BFO_0000053PATO_0000467PATO_0000467	CP_EQ_2
76	1	UBERON_0000165BFO_0000053PATO_0000467PATO_0001961UBERON_2000610	CP_EQ_1
76	1	UBERON_0000165BFO_0000053PATO_0000467PATO_0000467	CP_EQ_2
107	1	UBERON_0018349PATO_0000411	CP_EQ_1
107	1	PATO_0002397	CP_EQ_2
107	0	UBERON_0018349PATO_0001784	CP_EQ_1
107	0	PATO_0001786	CP_EQ_2
75	1	UBERON_4100100PATO_0000462	CP_EQ_1
75	1	UBERON_0004745PATO_0000599	CP_EQ_2
75	0	UBERON_4100100PATO_0000467	CP_EQ_1
75	0	UBERON_0004745PATO_0000599	CP_EQ_2
6	2	UBERON_3000003PATO_0001505UBERON_0001681	CP_EQ_1
6	2	UBERON_3000003PATO_0001961UBERON_0001870	CP_EQ_2
6	2	BSPO_0000072BFO_0000050UBERON_2000106BFO_0000053PATO_0001716PATO_0000467	CP_EQ_3
6	0	UBERON_0001681PATO_0000467	CP_EQ_1
6	0	UBERON_3000003PATO_0000467	CP_EQ_2
6	0	UBERON_3000003PATO_0000462	CP_EQ_3
6	0	UBERON_3000003	CP_EQ_4
6	0		CP_EQ_5
6	3	UBERON_3000003PATO_0000467	CP_EQ_1
6	4	UBERON_3000003PATO_0000070	CP_EQ_1
6	1	UBERON_3000003PATO_0001505UBERON_0001681	CP_EQ_1
6	1	PATO_0001505UBERON_2001840	CP_EQ_2
6	1	UBERON_3000003PATO_0000467	CP_EQ_3
6	1	UBERON_3000003PATO_0000574	CP_EQ_4
6	1	UBERON_3000003	CP_EQ_5
6	1	UBERON_3000003	CP_EQ_6
78	1	UBERON_0001107PATO_0000467	CP_EQ_1
78	1	UBERON_2002200	CP_EQ_2
78	0	UBERON_0001107PATO_0000462	CP_EQ_1
78	0	UBERON_2002200	CP_EQ_2
31	1	PATO_0001164	CP_EQ_1
147	1	UBERONTEMP_8c052198-acff-4165-b1a0-fd6bb2de6e10PATO_0000467	CP_EQ_1
147	0	UBERONTEMP_8c052198-acff-4165-b1a0-fd6bb2de6e10PATO_0000462	CP_EQ_1
105	1	BSPO_0000056	CP_EQ_1
105	1	BSPO_0000056PATO_0000587UBERON_0004411	CP_EQ_2
105	0	BSPO_0000056PATO_0000117PHENOSCAPE_complement_ofPATO_0000587UBERON_0004411	CP_EQ_1
69	1	UBERON_0004529BFO_0000053PATO_0000600PATO_0000467	CP_EQ_1
69	1	UBERON_0018361BFO_0000053PATO_0000600	CP_EQ_2
69	1	UBERON_0018360BFO_0000053PATO_0000600	CP_EQ_3
69	0	UBERON_0004529BFO_0000053PATO_0000600PATO_0000462	CP_EQ_1
69	0	UBERON_0018361BFO_0000053PATO_0000600	CP_EQ_2
69	0	UBERON_0018360BFO_0000053PATO_0000600	CP_EQ_3
178	0	UBERON_3000677BFO_0000053PATO_0000467PATO_0000406	CP_EQ_1
178	0	UBERON_3000677BFO_0000053PATO_0000467PATO_0001500	CP_EQ_2
178	1	UBERON_3000677BFO_0000053PATO_0000467PATO_0000600	CP_EQ_1
178	1	UBERON_3000677BFO_0000053PATO_0000467PATO_0000413	CP_EQ_2
178	1	UBERON_3000677BFO_0000053PATO_0000467PATO_0000467	CP_EQ_3
115	3	UBERON_0006811BFO_0000050UBERON_0001703BFO_0000050UBERON_0001692	CP_EQ_1
115	2	UBERON_0006811BFO_0000050UBERON_0001703PATO_0000467	CP_EQ_1
115	2	UBERON_0006811BFO_0000050UBERON_0001703PATO_0000467	CP_EQ_2
115	2	UBERON_0006811BFO_0000050UBERON_0001703	CP_EQ_3
115	2	UBERON_0006811BFO_0000050UBERON_0001703PATO_0001879	CP_EQ_4
115	1	UBERON_0006811BFO_0000050UBERON_0001703PATO_0000467	CP_EQ_1
115	1	UBERON_0006811BFO_0000050UBERON_0001703	CP_EQ_2
115	0	UBERON_0006811BFO_0000050UBERON_0001703PATO_0000467	CP_EQ_1
115	0	UBERON_0006811BFO_0000050UBERON_0001703PATO_0000467	CP_EQ_2
115	0	UBERON_0006811BFO_0000050UBERON_0001703	CP_EQ_3
115	0	UBERON_0006811BFO_0000050UBERON_0001703PATO_0001891	CP_EQ_4
115	0	UBERON_0006811BFO_0000050UBERON_0001703	CP_EQ_5
170	2	UBERON_3000711PATO_0000467	CP_EQ_1
170	0	UBERON_0001075BFO_0000050UBERON_0002412PATOTEMP_84d9e937-e6fa-4f66-8b9c-d5be0aecc840	CP_EQ_1
170	1	UBERON_3000717PATO_0000467	CP_EQ_1
51	0	UBERON_0018365BFO_0000053PATO_0000574PATO_0000574	CP_EQ_1
51	2	UBERON_0018365BFO_0000053PATO_0000574PATO_0000462	CP_EQ_1
51	1	UBERON_0018365BFO_0000053PATO_0000574PATO_0000070	CP_EQ_1
160	1	PATO_0002436	CP_EQ_1
160	0	PATO_0000402	CP_EQ_1
93	1	UBERONTEMP_69d443e4-368e-4754-8ca1-a2e702f2ac97PATO_0000467	CP_EQ_1
93	0	UBERONTEMP_69d443e4-368e-4754-8ca1-a2e702f2ac97PATO_0000462	CP_EQ_1
109	1	UBERON_0018333PATO_0000467	CP_EQ_1
109	0	UBERON_0018333PATO_0000462	CP_EQ_1
3	1		CP_EQ_1
38	0	NCBITaxon_117571PATO_0000462	CP_EQ_1
38	0	UBERON_0001270	CP_EQ_2
38	0	UBERON_0001839	CP_EQ_3
38	0	UBERON_0004530	CP_EQ_4
38	0	UBERON_0010361	CP_EQ_5
38	0	UBERON_2002053	CP_EQ_6
38	0	UBERON_3010675	CP_EQ_7
38	1	NCBITaxon_117571PATO_0000467	CP_EQ_1
38	1	UBERON_0001270	CP_EQ_2
38	1	UBERON_0001839	CP_EQ_3
38	1	UBERON_0004530	CP_EQ_4
38	1	UBERON_0010361	CP_EQ_5
38	1	UBERON_2002053	CP_EQ_6
38	1	UBERON_3010675	CP_EQ_7
38	1		CP_EQ_8
38	2	NCBITaxon_117571PATO_0000467	CP_EQ_1
38	2	UBERON_0001270	CP_EQ_2
38	2	UBERON_0001839	CP_EQ_3
38	2	UBERON_0004530	CP_EQ_4
38	2	UBERON_0010361	CP_EQ_5
38	2	UBERON_2002053	CP_EQ_6
38	2	UBERON_3010675	CP_EQ_7
38	2	NCBITaxon_117571BFO_0000050UBERON_0008201PATO_0000467	CP_EQ_8
38	2	UBERON_0001270BFO_0000050UBERON_0008201	CP_EQ_9
38	2	UBERON_0001839BFO_0000050UBERON_0008201	CP_EQ_10
38	2	UBERON_0004530BFO_0000050UBERON_0008201	CP_EQ_11
38	2	UBERON_0010361BFO_0000050UBERON_0008201	CP_EQ_12
38	2	UBERON_2002053BFO_0000050UBERON_0008201	CP_EQ_13
38	2	UBERON_3010675BFO_0000050UBERON_0008201	CP_EQ_14
38	2	UBERON_0005813BFO_0000053PATO_0002118PATO_0000467	CP_EQ_15
20	0	UBERON_0001695BFO_0000053PATO_0000467BFO_0000053PATO_0000467PATO_0001961UBERON_0001695BFO_0000053BSPO_0000084BFO_0000053PATO_0000467BFO_0000053PATO_0000467	CP_EQ_1
20	1	UBERON_0001695BFO_0000053PATO_0000467BFO_0000053PATO_0000467PATO_0000462	CP_EQ_1
44	1	PATO_0002278	CP_EQ_1
44	0	PATO_0000141PHENOSCAPE_complement_ofPATO_0002278	CP_EQ_1
153	1	UBERON_0001062BFO_0000050UBERON_0003101PATO_0000467	CP_EQ_1
153	1	UBERON_3010031PATO_0000467	CP_EQ_2
153	0	UBERON_0001062BFO_0000050UBERON_0003101PATO_0000462	CP_EQ_1
153	0	UBERON_3010031PATO_0000462	CP_EQ_2
32	0	UBERON_0001062BFO_0000050UBERON_0000366PATO_0000467	CP_EQ_1
32	0	UBERON_0000366	CP_EQ_2
32	0	UBERON_0001059PATO_0000467	CP_EQ_3
32	0	UBERON_0001166	CP_EQ_4
32	0	UBERON_3000393	CP_EQ_5
32	0	UBERON_3000395	CP_EQ_6
32	0	UBERON_3000654	CP_EQ_7
32	0	UBERON_3000667	CP_EQ_8
32	0	UBERON_3000752	CP_EQ_9
32	0	UBERON_3000822	CP_EQ_10
32	0	UBERON_3010538	CP_EQ_11
32	0	UBERON_3010780	CP_EQ_12
32	0	UBERON_3010781	CP_EQ_13
32	0	UBERON_3010786	CP_EQ_14
32	0	UBERON_3010787	CP_EQ_15
32	0	UBERONTEMP_a85f7cba-e17d-473d-8ebe-e8e51e17c04d	CP_EQ_16
32	1	UBERON_0001062BFO_0000050UBERON_0000366PATO_0000462	CP_EQ_1
32	1	UBERON_0000366	CP_EQ_2
32	1	UBERON_0001059PATO_0000462	CP_EQ_3
32	1	UBERON_0001166	CP_EQ_4
32	1	UBERON_3000393	CP_EQ_5
32	1	UBERON_3000395	CP_EQ_6
32	1	UBERON_3000654	CP_EQ_7
32	1	UBERON_3000667	CP_EQ_8
32	1	UBERON_3000752	CP_EQ_9
32	1	UBERON_3000822	CP_EQ_10
32	1	UBERON_3010538	CP_EQ_11
32	1	UBERON_3010780	CP_EQ_12
32	1	UBERON_3010781	CP_EQ_13
32	1	UBERON_3010786	CP_EQ_14
32	1	UBERON_3010787	CP_EQ_15
32	1	UBERONTEMP_a85f7cba-e17d-473d-8ebe-e8e51e17c04d	CP_EQ_16
180	1	UBERON_0018360PATO_0000587	CP_EQ_1
180	2	UBERON_0018360PATO_0000586	CP_EQ_1
180	0	UBERON_0018360PATO_0000462	CP_EQ_1
122	1	UBERON_4000163PATO_0000467	CP_EQ_1
122	0	UBERON_4000163PATO_0000070PHENOSCAPE_complement_ofPATO_0000467	CP_EQ_1
159	0	UBERON_0002542BFO_0000050UBERON_0001443PATO_0000467	CP_EQ_1
159	0	UBERON_0001062BFO_0000050UBERON_0001443	CP_EQ_2
159	0	UBERON_0002542BFO_0000050UBERON_0001443PATO_0000467	CP_EQ_3
159	0	UBERON_0001062BFO_0000050UBERON_0001443	CP_EQ_4
159	0	UBERON_0000014BFO_0000053PATO_0000591PATO_0000467	CP_EQ_5
159	1	UBERON_0000014PATO_0000462	CP_EQ_1
159	1	UBERON_0002542BFO_0000050UBERON_0001443PATO_0000467	CP_EQ_2
159	1	UBERON_0001062BFO_0000050UBERON_0001443	CP_EQ_3
159	1	UBERON_0000014BFO_0000053PATO_0000591PATO_0000467	CP_EQ_4
169	0	UBERON_0005871BFO_0000050UBERON_0002397PATO_0000467	CP_EQ_1
169	0	UBERON_0003685BFO_0000053PATO_0000467BFO_0000050UBERON_0002397PATO_0000467	CP_EQ_2
169	0	UBERONTEMP_d31e7a96-a07f-43a0-82e1-7df554b0f90eBFO_0000053PATO_0000467BFO_0000050UBERON_0002397	CP_EQ_3
169	0	UBERON_0005871BFO_0000050UBERON_0002397	CP_EQ_4
169	0	UBERON_0003685BFO_0000053PATO_0000467BFO_0000050UBERON_0002397	CP_EQ_5
169	0	UBERONTEMP_d31e7a96-a07f-43a0-82e1-7df554b0f90eBFO_0000053PATO_0000467BFO_0000050UBERON_0002397	CP_EQ_6
169	1	UBERON_0005871BFO_0000050UBERON_0002397PATOTEMP_2c9b5f55-81ea-49f8-ae62-206012b21b6f	CP_EQ_1
169	1	UBERON_0003685BFO_0000053PATO_0000467BFO_0000050UBERON_0002397PATOTEMP_2c9b5f55-81ea-49f8-ae62-206012b21b6f	CP_EQ_2
169	1	UBERONTEMP_d31e7a96-a07f-43a0-82e1-7df554b0f90eBFO_0000053PATO_0000467BFO_0000050UBERON_0002397	CP_EQ_3
9	1	UBERON_4000163PATO_0000467	CP_EQ_1
9	1	PATO_0001473	CP_EQ_2
9	0	UBERON_4000163PATO_0000070PHENOSCAPE_complement_ofPATO_0000467	CP_EQ_1
9	0	PATO_0000070PHENOSCAPE_complement_ofPATO_0001473	CP_EQ_2
18	1	UBERON_0002396PATO_0000467	CP_EQ_1
18	0	UBERON_0002396PATO_0000462	CP_EQ_1
97	1	UBERON_0000309PATO_0000467	CP_EQ_1
97	1	UBERON_1500006BFO_0000050UBERON_0000309	CP_EQ_2
97	0	UBERON_0000309PATO_0000070PHENOSCAPE_complement_ofPATO_0000467	CP_EQ_1
172	1	BSPO_0000099UBERON_0018332UBERON_0018332	CP_EQ_1
172	1	PHENOSCAPE_extends_fromBSPO_0000072BFO_0000050UBERON_0002397BSPO_0000121UBERON_0000468BSPO_0000072BFO_0000050UBERON_0002397BSPO_0000121UBERON_0000468	CP_EQ_2
172	0	BSPO_0000072BFO_0000050UBERON_0002397BFO_0000050UBERON_0018332	CP_EQ_1
185	1	UBERON_0018359PATO_0000467	CP_EQ_1
185	0	UBERON_0018359PATO_0000070PHENOSCAPE_complement_ofPATO_0000467	CP_EQ_1
82	1	UBERON_4200037PATO_0002272	CP_EQ_1
82	1	UBERON_4200037PATO_0000586	CP_EQ_2
82	1	UBERON_4200037PATO_0000467	CP_EQ_3
82	2	UBERON_4200037PATO_0000587	CP_EQ_1
82	2	UBERON_4200037	CP_EQ_2
82	0	UBERON_4200037PATO_0000586	CP_EQ_1
82	0	UBERON_4200037BSPO_0000120UBERON_0000468PATO_0002326UBERON_4200037BSPO_0000121UBERON_0000468	CP_EQ_2
82	0	UBERON_4200037PATO_0000467	CP_EQ_3
55	0	UBERON_2001737BFO_0000050UBERON_0004743	CP_EQ_1
55	1	UBERON_2001737BFO_0000050UBERON_0006849	CP_EQ_1
55	1	UBERON_2001737BFO_0000050UBERON_0010904	CP_EQ_2
55	1	UBERON_2001737BFO_0000050UBERON_0004743	CP_EQ_3
55	1	UBERON_2001737PATO_0000467	CP_EQ_4
55	1	UBERON_2001737PATO_0000467	CP_EQ_5
55	2	UBERON_2001737PATO_0000462	CP_EQ_1
174	1	UBERON_0000310PATO_0000467	CP_EQ_1
174	1	UBERON_0001911	CP_EQ_2
174	1	UBERON_0002030PATO_0000467	CP_EQ_3
174	0	UBERON_0000310PATO_0000462	CP_EQ_1
174	0	UBERON_0001911	CP_EQ_2
174	0	UBERON_0002030PATO_0000462	CP_EQ_3
28	1	UBERON_0018308PATO_0000467	CP_EQ_1
28	1	UBERON_2000178PATO_0000467	CP_EQ_2
28	0	UBERON_0018308PATO_0000467	CP_EQ_1
60	1	BSPO_0000107UBERON_0000468UBERON_0000468	CP_EQ_1
60	1	UBERON_0000468	CP_EQ_2
60	1	UBERON_0000468PATO_0001472UBERON_0000468	CP_EQ_3
60	1	 	CP_EQ_4
60	1	BSPO_0000009BFO_0000050UBERON_0000468	CP_EQ_5
60	1	UBERON_1000009BFO_0000050UBERON_0000468	CP_EQ_6
60	1	UBERON_2000241BFO_0000050UBERON_0000468	CP_EQ_7
60	1	PATO_0001595	CP_EQ_8
60	1	BSPO_0000009	CP_EQ_9
60	1	UBERON_1000009	CP_EQ_10
60	1	UBERON_2000241	CP_EQ_11
60	0	UBERON_0000468PATO_0002212	CP_EQ_1
60	0	UBERON_0000468	CP_EQ_2
60	0	UBERON_0000468PATO_0001472	CP_EQ_3
23	1	PATO_0001961	CP_EQ_1
23	1	BSPO_0000009	CP_EQ_2
23	1	UBERON_1000009	CP_EQ_3
23	1	UBERON_2000241	CP_EQ_4
23	1	 	CP_EQ_5
23	1	 	CP_EQ_6
23	1	 	CP_EQ_7
23	1	 	CP_EQ_8
23	0	PATO_0000141PHENOSCAPE_complement_ofPATO_0001961	CP_EQ_1
23	0	BSPO_0000009	CP_EQ_2
23	0	UBERON_1000009	CP_EQ_3
23	0	UBERON_2000241	CP_EQ_4
23	0	 	CP_EQ_5
23	0	 	CP_EQ_6
23	0	 	CP_EQ_7
23	0	 	CP_EQ_8
166	2	UBERONTEMP_1d4e7a81-d385-4100-8f7c-5eee3b0adb52BFO_0000050UBERON_0001846BFO_0000050UBERONTEMP_1d4e7a81-d385-4100-8f7c-5eee3b0adb52	CP_EQ_1
166	2	UBERONTEMP_1d4e7a81-d385-4100-8f7c-5eee3b0adb52BFO_0000050UBERONTEMP_1d4e7a81-d385-4100-8f7c-5eee3b0adb52	CP_EQ_2
166	2	 	CP_EQ_3
166	0	UBERONTEMP_1d4e7a81-d385-4100-8f7c-5eee3b0adb52PATO_0000070	CP_EQ_1
166	0	UBERONTEMP_1d4e7a81-d385-4100-8f7c-5eee3b0adb52BFO_0000050UBERON_0001846	CP_EQ_2
166	0		CP_EQ_3
166	1	UBERONTEMP_1d4e7a81-d385-4100-8f7c-5eee3b0adb52BFO_0000050UBERON_0001846BFO_0000050UBERON_2001995	CP_EQ_1
166	1	UBERONTEMP_1d4e7a81-d385-4100-8f7c-5eee3b0adb52BFO_0000050UBERON_2001995	CP_EQ_2
145	0	UBERON_0003675BFO_0000053PATO_0000052PATO_0002211	CP_EQ_1
145	3	UBERON_0003675BFO_0000053PATO_0000052PATO_0002457	CP_EQ_1
145	1	UBERON_0003675BFO_0000053PATO_0000052PATO_0002021	CP_EQ_1
145	2	UBERON_0003675BFO_0000053PATO_0000052PATOTEMP_3a9e79e5-a7d3-457c-951e-90a9618983e3	CP_EQ_1
100	1	BSPO_0000055BFO_0000050UBERON_0004742PATOTEMP_7955e78d-e692-4c12-ae63-0f2ed12465b4	CP_EQ_1
100	0	UBERON_0001091PATO_0000467	CP_EQ_1
100	0	BSPO_0000055BFO_0000050UBERON_0004742PATO_0000467	CP_EQ_2
200	0	PATOTEMP_7b012680-6ad6-4036-98d8-eb31353901e0	CP_EQ_1
200	1	PATOTEMP_ec46b9e3-49c1-4a90-affe-4d9f4b71cfa0	CP_EQ_1
164	1	UBERON_0001683PATO_0000467	CP_EQ_1
164	1	PATO_0001961UBERON_0001683	CP_EQ_2
164	0	UBERON_0001683PATO_0000070PHENOSCAPE_complement_ofPATO_0000467	CP_EQ_1
164	0	PATO_0000141PHENOSCAPE_complement_ofPATO_0001961UBERON_0001683	CP_EQ_2
70	3	UBERON_0001682PATO_0001961	CP_EQ_1
70	3	BSPO_0000009	CP_EQ_2
70	3	UBERON_1000009	CP_EQ_3
70	3	UBERON_2000241	CP_EQ_4
70	3	 	CP_EQ_5
70	3	BSPO_0000009	CP_EQ_6
70	3	UBERON_1000009	CP_EQ_7
70	3	UBERON_2000241	CP_EQ_8
70	0	UBERON_0001682PATO_0000462	CP_EQ_1
70	0	 	CP_EQ_2
70	2	UBERON_0001682PATO_0000467	CP_EQ_1
70	2	 	CP_EQ_2
70	2	UBERON_0001682PATO_0000467	CP_EQ_3
70	2	 	CP_EQ_4
70	1	UBERON_0001682PATO_0000467	CP_EQ_1
70	1	 	CP_EQ_2
70	1	UBERON_0001682PATO_0000467	CP_EQ_3
70	1	 	CP_EQ_4
83	1	PATO_0000467	CP_EQ_1
83	1	BSPO_0000001PATO_0000467	CP_EQ_2
83	1	UBERON_0001835PATO_0000467	CP_EQ_3
83	1	BSPO_0000001PATO_0000467	CP_EQ_4
83	1	UBERON_0001835PATO_0000467	CP_EQ_5
83	0	PATO_0000070PHENOSCAPE_complement_ofPATO_0000467	CP_EQ_1
83	0	BSPO_0000001PATO_0000070PHENOSCAPE_complement_ofPATO_0000467	CP_EQ_2
83	0	UBERON_0001835PATO_0000070PHENOSCAPE_complement_ofPATO_0000467	CP_EQ_3
83	0	BSPO_0000001PATO_0000070PHENOSCAPE_complement_ofPATO_0000467	CP_EQ_4
83	0	UBERON_0001835PATO_0000070PHENOSCAPE_complement_ofPATO_0000467	CP_EQ_5
74	0	UBERON_2001632PATO_0000467	CP_EQ_1
74	1	UBERON_2001632PATO_0000462	CP_EQ_1
86	1	UBERON_4400000PATO_0001227UBERON_0001093	CP_EQ_1
86	1	UBERON_4400000RO_0002150BSPO_0000078PATO_0000467	CP_EQ_2
86	1	BSPO_0000078PATO_0000467	CP_EQ_3
86	1	UBERON_0001093BFO_0000053PATO_0000574PATO_0000467	CP_EQ_4
86	0	UBERON_4400000UBERON_0001093	CP_EQ_1
86	0	UBERON_4400000RO_0002150BSPO_0000078PATO_0000462	CP_EQ_2
86	0	BSPO_0000078PATO_0000462	CP_EQ_3
86	0	UBERON_0001093BFO_0000053PATO_0000574PATO_0000462	CP_EQ_4
56	0	UBERON_0000451PATO_0000467	CP_EQ_1
56	0	UBERON_0010750	CP_EQ_2
56	1	UBERON_0000451PATO_0000462	CP_EQ_1
56	1	UBERON_0010750	CP_EQ_2
139	1	UBERONTEMP_04c4d3ea-5dfe-4f59-aafa-b6875025413bPATO_0000467	CP_EQ_1
139	0	UBERONTEMP_04c4d3ea-5dfe-4f59-aafa-b6875025413bPATO_0000070PHENOSCAPE_complement_ofPATO_0000467	CP_EQ_1
132	1	UBERON_4000174PATO_0000467	CP_EQ_1
132	0	UBERON_2000660PATO_0000467	CP_EQ_1
132	0	 	CP_EQ_2
62	1	UBERON_0000161BFO_0000050UBERON_0001649BSPO_0000099UBERON_0004637PATO_0000467	CP_EQ_1
62	1	UBERON_0005744BFO_0000050UBERON_0001649BSPO_0000099UBERON_0004637	CP_EQ_2
62	1	UBERONTEMP_93300be9-c8a2-4683-bf24-aac2a855eac6BFO_0000050UBERON_0001649BSPO_0000099UBERON_0004637	CP_EQ_3
62	1	UBERON_0000161BFO_0000050UBERON_0001649	CP_EQ_4
62	1	UBERON_0005744BFO_0000050UBERON_0001649	CP_EQ_5
62	1	UBERONTEMP_93300be9-c8a2-4683-bf24-aac2a855eac6BFO_0000050UBERON_0001649	CP_EQ_6
62	0	UBERON_0000161BFO_0000050UBERON_0001649BSPO_0000099UBERON_0004637PATO_0000462	CP_EQ_1
62	0	UBERON_0005744BFO_0000050UBERON_0001649BSPO_0000099UBERON_0004637	CP_EQ_2
62	0	UBERONTEMP_93300be9-c8a2-4683-bf24-aac2a855eac6BFO_0000050UBERON_0001649BSPO_0000099UBERON_0004637	CP_EQ_3
108	1	BSPO_0000077BFO_0000050UBERON_0000976PATO_0000463	CP_EQ_1
108	1	BSPO_0000078BFO_0000050BSPO_0000005BFO_0000050UBERON_0000976PATO_0000463	CP_EQ_2
108	1	BSPO_0000078BFO_0000050UBERON_0006984BFO_0000050UBERON_0000976	CP_EQ_3
108	1	BSPO_0000078BFO_0000050UBERON_0007029BFO_0000050UBERON_0000976	CP_EQ_4
108	1	PHENOSCAPE_extends_fromBSPO_0000078BFO_0000050BSPO_0000005BFO_0000050UBERON_0000976BSPO_0000078BFO_0000050BSPO_0000005BFO_0000050UBERON_0000976	CP_EQ_5
108	1	BSPO_0000078BFO_0000050UBERON_0006984BFO_0000050UBERON_0000976	CP_EQ_6
108	1	BSPO_0000078BFO_0000050UBERON_0007029BFO_0000050UBERON_0000976	CP_EQ_7
108	0	BSPO_0000077BFO_0000050UBERON_0000976	CP_EQ_1
108	0	BSPO_0000078BFO_0000050BSPO_0000005BFO_0000050UBERON_0000976	CP_EQ_2
108	0	BSPO_0000078BFO_0000050UBERON_0006984BFO_0000050UBERON_0000976	CP_EQ_3
108	0	BSPO_0000078BFO_0000050UBERON_0007029BFO_0000050UBERON_0000976	CP_EQ_4
108	0	BSPO_0000077BFO_0000050UBERON_0000976	CP_EQ_5
108	0	BSPO_0000078BFO_0000050BSPO_0000005BFO_0000050UBERON_0000976	CP_EQ_6
108	0	BSPO_0000078BFO_0000050UBERON_0006984BFO_0000050UBERON_0000976	CP_EQ_7
108	0	BSPO_0000078BFO_0000050UBERON_0007029BFO_0000050UBERON_0000976	CP_EQ_8
157	1	UBERON_0011598PATO_0000467	CP_EQ_1
157	0	UBERON_0011598PATO_0000462	CP_EQ_1
195	1	UBERON_0010290PATO_0000586	CP_EQ_1
195	0	UBERON_0010290PATO_0000587	CP_EQ_1
15	1		CP_EQ_1
81	1	UBERONTEMP_0eca0bcc-9e29-446d-bd9a-619176176347BFO_0000050UBERON_4100005PATO_0000467	CP_EQ_1
81	1	UBERON_4100005PATO_0000467	CP_EQ_2
81	0	UBERONTEMP_0eca0bcc-9e29-446d-bd9a-619176176347BFO_0000050UBERON_4100005PATO_0000070PHENOSCAPE_complement_ofPATO_0000467	CP_EQ_1
81	0	UBERON_4100005PATO_0000070PHENOSCAPE_complement_ofPATO_0000467	CP_EQ_2
84	0	UBERON_0002392PATO_0000467	CP_EQ_1
84	1	UBERON_0002392PATO_0000462	CP_EQ_1
193	1	UBERON_0001682BSPO_0000120UBERON_0000468PATO_0001645UBERON_0001682BSPO_0000121UBERON_0000468	CP_EQ_1
193	1	UBERON_0004529BFO_0000053PATO_0000039PATO_0000467	CP_EQ_2
193	0	UBERON_0001682BSPO_0000120UBERON_0000468PATO_0000140PHENOSCAPE_complement_ofPATO_0001645UBERON_0001682BSPO_0000121UBERON_0000468	CP_EQ_1
193	0	UBERON_0004529BFO_0000053PATO_0000039PATO_0000462	CP_EQ_2
194	0	UBERON_0007601PATO_0000467	CP_EQ_1
194	1	UBERON_0007601PATO_0000070PHENOSCAPE_complement_ofPATO_0000467	CP_EQ_1
154	1	BSPO_0000082BFO_0000050UBERON_3000162PATO_0000467	CP_EQ_1
154	1	UBERON_0000180BFO_0000050UBERON_3000162	CP_EQ_2
154	0	BSPO_0000082BFO_0000050UBERON_3000162PATO_0000462	CP_EQ_1
154	0	UBERON_0000180BFO_0000050UBERON_3000162	CP_EQ_2
165	1	BSPO_0000083BFO_0000050UBERON_0004529PATO_0000467	CP_EQ_1
165	1	UBERON_0004068	CP_EQ_2
165	1	UBERON_4300007	CP_EQ_3
165	1	BSPO_0000077PATO_0000467	CP_EQ_4
165	1	UBERON_0000093PATO_0000467	CP_EQ_5
165	1	BSPO_0000077PATO_0000467	CP_EQ_6
165	1	BSPO_0000077PATO_0000587	CP_EQ_7
165	1	BSPO_0000083BFO_0000050UBERON_0004529BFO_0000053PATO_0000591PATO_0000467	CP_EQ_8
165	1	UBERON_0004068BFO_0000053PATO_0000591	CP_EQ_9
165	1	UBERON_4300007BFO_0000053PATO_0000591	CP_EQ_10
165	1	 	CP_EQ_11
165	0	BSPO_0000083BFO_0000050UBERON_0004529PATO_0000070PHENOSCAPE_complement_ofPATO_0000467	CP_EQ_1
165	0	UBERON_0004068	CP_EQ_2
165	0	UBERON_4300007	CP_EQ_3
165	0	BSPO_0000077PATO_0000070PHENOSCAPE_complement_ofPATO_0000467	CP_EQ_4
165	0	UBERON_0000093PATO_0000070PHENOSCAPE_complement_ofPATO_0000467	CP_EQ_5
165	0	BSPO_0000077PATO_0000070PHENOSCAPE_complement_ofPATO_0000467	CP_EQ_6
165	0	BSPO_0000077PATO_0000117PHENOSCAPE_complement_ofPATO_0000587	CP_EQ_7
165	0	BSPO_0000083BFO_0000050UBERON_0004529BFO_0000053PATO_0000591PATO_0000462	CP_EQ_8
165	0	UBERON_0004068BFO_0000053PATO_0000591	CP_EQ_9
165	0	UBERON_4300007BFO_0000053PATO_0000591	CP_EQ_10
165	0	 	CP_EQ_11
199	0	UBERON_0018289	CP_EQ_1
199	1	UBERON_0018289PATO_0002180	CP_EQ_1
192	1	UBERON_0003675BFO_0000053PATO_0000467BFO_0000050NCBITaxon_1PATO_0000463	CP_EQ_1
192	0	UBERON_0003675BFO_0000053PATO_0000467BFO_0000050NCBITaxon_1PATO_0001396PHENOSCAPE_complement_ofPATO_0002099	CP_EQ_1
126	1		CP_EQ_1
126	0		CP_EQ_1
68	1	BSPO_0000028PATO_0000467	CP_EQ_1
68	1	UBERON_0004637PATO_0000467	CP_EQ_2
68	1	PATO_0000467	CP_EQ_3
68	0	BSPO_0000028PATO_0000070PHENOSCAPE_complement_ofPATO_0000467	CP_EQ_1
68	0	UBERON_0004637PATO_0000070PHENOSCAPE_complement_ofPATO_0000467	CP_EQ_2
68	0	PATO_0000070PHENOSCAPE_complement_ofPATO_0000467	CP_EQ_3
21	0	 	CP_EQ_1
21	1	BSPO_0000079BFO_0000050UBERON_0004704BFO_0000050UBERON_0004704PATO_0001786	CP_EQ_1
21	1	BSPO_0000079BFO_0000050UBERON_0004704BFO_0000050UBERON_0004705PATO_0001786	CP_EQ_2
21	1	UBERON_0004704PATO_0000070	CP_EQ_3
21	1	UBERON_0004704PATO_0001505UBERON_0004705	CP_EQ_4
21	1	UBERON_0004705PATO_0000070	CP_EQ_5
21	1	PATO_0000463	CP_EQ_6
21	1		CP_EQ_7
201	0	UBERON_0018277	CP_EQ_1
201	2	UBERON_0018277PATO_0000462	CP_EQ_1
201	1	UBERON_0018277PATO_0001473	CP_EQ_1
13	0	UBERON_0001094PATO_0001510	CP_EQ_1
25	1	UBERON_0013631BFO_0000050UBERON_0008447PATO_0000467	CP_EQ_1
25	1	UBERON_0001062BFO_0000050UBERON_0008447	CP_EQ_2
25	0	UBERON_0013631BFO_0000050UBERON_0008447PATO_0000462	CP_EQ_1
25	0	UBERON_0001062BFO_0000050UBERON_0008447	CP_EQ_2
72	1	PATO_0000467	CP_EQ_1
72	0	PATO_0000070PHENOSCAPE_complement_ofPATO_0000467	CP_EQ_1
135	1	UBERON_0003685BFO_0000050BSPO_0000084	CP_EQ_1
135	1	UBERONTEMP_d31e7a96-a07f-43a0-82e1-7df554b0f90eBFO_0000050BSPO_0000084	CP_EQ_2
135	1	UBERON_0003685	CP_EQ_3
135	1	UBERONTEMP_d31e7a96-a07f-43a0-82e1-7df554b0f90e	CP_EQ_4
135	1	UBERON_0003685BFO_0000050BSPO_0000084PATO_0000070	CP_EQ_5
135	1	UBERONTEMP_d31e7a96-a07f-43a0-82e1-7df554b0f90eBFO_0000050BSPO_0000084	CP_EQ_6
135	1	UBERON_0003685	CP_EQ_7
135	1	UBERONTEMP_d31e7a96-a07f-43a0-82e1-7df554b0f90ePATO_0000070	CP_EQ_8
135	0	UBERON_0003685BFO_0000050BSPO_0000084	CP_EQ_1
135	0	UBERONTEMP_d31e7a96-a07f-43a0-82e1-7df554b0f90eBFO_0000050BSPO_0000084	CP_EQ_2
135	0	UBERON_0003685	CP_EQ_3
135	0	UBERONTEMP_d31e7a96-a07f-43a0-82e1-7df554b0f90e	CP_EQ_4
135	0	UBERON_0003685BFO_0000050BSPO_0000084PATO_0000070	CP_EQ_5
135	0	UBERONTEMP_d31e7a96-a07f-43a0-82e1-7df554b0f90eBFO_0000050BSPO_0000084	CP_EQ_6
135	0	UBERON_0003685	CP_EQ_7
135	0	UBERONTEMP_d31e7a96-a07f-43a0-82e1-7df554b0f90ePATO_0000070	CP_EQ_8
137	2	UBERON_0010703	CP_EQ_1
137	1	UBERON_0001423PATO_0000573UBERON_0001424	CP_EQ_1
137	1	UBERON_2000271	CP_EQ_2
137	0	UBERON_0001423PATO_0000574UBERON_0001424	CP_EQ_1
137	0	UBERON_2000271	CP_EQ_2
123	1	PATO_0002436	CP_EQ_1
123	0	PATO_0000402	CP_EQ_1
26	1	UBERON_0000152BSPO_0000120UBERON_0000468PATO_0001590UBERON_0000152BSPO_0000121UBERON_0000468	CP_EQ_1
26	1	UBERON_0000152BSPO_0000120UBERON_0000468OBO_REL_located_inUBERON_0000152BSPO_0000121UBERON_0000468	CP_EQ_2
26	0	UBERON_0000152PATO_0000467	CP_EQ_1
26	0	UBERON_0000152PATO_0000040UBERON_0008897	CP_EQ_2
26	0	UBERON_0000152	CP_EQ_3
26	0	UBERON_0000152PATO_0000467	CP_EQ_4
53	0	UBERON_0000161PATO_0000070	CP_EQ_1
53	0	UBERON_0005744	CP_EQ_2
53	0	UBERONTEMP_93300be9-c8a2-4683-bf24-aac2a855eac6	CP_EQ_3
53	1	 	CP_EQ_1
53	1	 	CP_EQ_2
53	1	 	CP_EQ_3
53	1	PATO_0001555	CP_EQ_4
3	0		CP_EQ_1
13	1		CP_EQ_1
15	0		CP_EQ_1
16	0		CP_EQ_1
16	1		CP_EQ_1
31	0		CP_EQ_1
65	3		CP_EQ_1
103	0		CP_EQ_1
150	0		CP_EQ_1
150	1		CP_EQ_1
150	2		CP_EQ_1
150	3		CP_EQ_1
187	0		CP_EQ_1
187	1		CP_EQ_1
