1	0	UBERON_0003672PATOTEMP_8822e54b-89f9-431a-8a20-25698b53353c	C_EQ_1
1	0	UBERONTEMP_4fffbeb1-0774-4eb2-860e-5b50dece221cBFO_0000050UBERON_0003672PATO_0000586	C_EQ_2
1	1	UBERON_0003672PATOTEMP_8822e54b-89f9-431a-8a20-25698b53353c	C_EQ_1
1	1	UBERON_0003672PATO_0001600	C_EQ_2
1	1	UBERONTEMP_4fffbeb1-0774-4eb2-860e-5b50dece221cPATO_0000467	C_EQ_3
1	2	UBERON_0003672PATOTEMP_8822e54b-89f9-431a-8a20-25698b53353c	C_EQ_1
1	2	UBERON_0003672PATO_0001600	C_EQ_2
1	2	UBERONTEMP_4fffbeb1-0774-4eb2-860e-5b50dece221cPATO_0000462	C_EQ_3
2	0	UBERON_4200133BFO_0000050UBERON_0011671PATO_0000070	C_EQ_1
2	1	UBERON_4200133BFO_0000050UBERON_0011671PATO_0001786	C_EQ_1
2	1	UBERON_4200133BFO_0000050UBERON_0011671PATO_0000070	C_EQ_2
3	0	UBERONTEMP_000a0d60-aa06-477d-936c-ba14ac4f0c2dBFO_0000050UBERON_0008812PATO_0001505UBERONTEMP_382249cd-df28-48b2-ba1a-38dc059b3d0c	C_EQ_1
3	1	UBERONTEMP_000a0d60-aa06-477d-936c-ba14ac4f0c2dBFO_0000050UBERON_0008812PATO_0001590UBERONTEMP_382249cd-df28-48b2-ba1a-38dc059b3d0c	C_EQ_1
4	0	UBERON_0001095PATO_0000587UBERON_0001075	C_EQ_1
4	1	UBERON_0001095PATO_0000586	C_EQ_1
5	0	UBERONTEMP_ba10737a-6aef-4435-b85f-4761b4978e5fPATOTEMP_57a2092d-7ca1-4bb0-b34f-afa8a5b8114a	C_EQ_1
5	0	UBERONTEMP_657f231c-3c4d-4853-a17f-82c710315be6PATO_0000462	C_EQ_2
5	1	UBERONTEMP_ba10737a-6aef-4435-b85f-4761b4978e5fPATOTEMP_57a2092d-7ca1-4bb0-b34f-afa8a5b8114a	C_EQ_1
5	1	UBERONTEMP_657f231c-3c4d-4853-a17f-82c710315be6PATO_0000467	C_EQ_2
5	2	CL_0000855PATOTEMP_a37eda36-7bb0-4386-a24d-383cf3a9d474	C_EQ_1
6	0	UBERON_0004529BFO_0000050UBERON_0002244PATO_0000462	C_EQ_1
6	0	UBERON_0004529BFO_0000050UBERON_0002244PATO_0002106	C_EQ_2
6	1	UBERON_0004529BFO_0000050UBERON_0002244PATO_0000574	C_EQ_1
6	1	UBERON_0004529BFO_0000050UBERON_0002244PATO_0002110	C_EQ_2
6	2	UBERON_0004529BFO_0000050UBERON_0002244PATO_0001600	C_EQ_1
6	2	UBERON_0004529BFO_0000050UBERON_0002244PATO_0001961UBERON_0000209	C_EQ_2
6	3		C_EQ_1
6	4		C_EQ_1
7	0	BSPO_0000074BFO_0000050UBERON_0005932BFO_0000050UBERON_0010166PATO_0000462	C_EQ_1
7	1	BSPO_0000074BFO_0000050UBERON_0005932BFO_0000050UBERON_0010166PATO_0000467	C_EQ_1
8	0	UBERON_0004529BFO_0000050BSPO_0000084BFO_0000050UBERON_0004626PATO_0000462	C_EQ_1
8	0	UBERON_0004529BFO_0000050BSPO_0000084BFO_0000050UBERON_0004626PATO_0002235	C_EQ_2
8	0	UBERON_0004529BFO_0000050BSPO_0000084BFO_0000050UBERON_0004627PATO_0000467	C_EQ_3
8	0	UBERON_0004529BFO_0000050BSPO_0000084BFO_0000050UBERON_0004627PATO_0002235	C_EQ_4
8	1	UBERON_0004529BFO_0000050BSPO_0000084BFO_0000050UBERON_0004626PATO_0001786	C_EQ_1
9	0	UBERONTEMP_1a260624-dd7f-4984-a989-789d6e961a3cBFO_0000050UBERON_4000163PATO_0000462	C_EQ_1
9	1	UBERONTEMP_1a260624-dd7f-4984-a989-789d6e961a3cBFO_0000050UBERON_4000163PATO_0000467	C_EQ_1
10	0	UBERONTEMP_160a7d88-ce21-4e9f-bc46-5cb40d86b259PATO_0001633UBERON_0006054	C_EQ_1
10	1	UBERONTEMP_160a7d88-ce21-4e9f-bc46-5cb40d86b259PATO_0002443UBERON_0006054	C_EQ_1
10	2	UBERONTEMP_160a7d88-ce21-4e9f-bc46-5cb40d86b259PATO_0001632UBERON_0006054	C_EQ_1
11	0	UBERONTEMP_f721b85c-54d3-4e89-a61e-bfddacf0fe93BFO_0000050BSPO_0000084BFO_0000050BSPO_0000078BFO_0000050UBERON_0000976PATO_0000569	C_EQ_1
11	1	UBERONTEMP_f721b85c-54d3-4e89-a61e-bfddacf0fe93BFO_0000050BSPO_0000084BFO_0000050BSPO_0000078BFO_0000050UBERON_0000976PATO_0000573	C_EQ_1
11	1	UBERONTEMP_f721b85c-54d3-4e89-a61e-bfddacf0fe93BFO_0000050BSPO_0000084BFO_0000050BSPO_0000078BFO_0000050UBERON_0000976PATO_0000599	C_EQ_2
12	0	UBERON_0012478PATO_0000462	C_EQ_1
12	1	UBERON_0012478PATO_0000467	C_EQ_1
13	0	UBERON_0001094PATO_0000467	C_EQ_1
13	1	UBERON_0001094PATO_0000462	C_EQ_1
14	0	UBERON_2001805PATO_0000651UBERON_0011637	C_EQ_1
14	1	UBERON_2001805PATO_0000642UBERON_0011637	C_EQ_1
15	0	UBERON_0001424PATO_0000574UBERON_0000976	C_EQ_1
15	1	UBERON_0001424PATO_0000573UBERON_0000976	C_EQ_1
16	0	UBERON_0001003BFO_0000050UBERON_0000162PATO_0001505BSPO_0000071BFO_0000050UBERON_0000162	C_EQ_1
16	1	UBERON_0001003BFO_0000050UBERON_0000162PATO_0001961BSPO_0000071BFO_0000050UBERON_0000162	C_EQ_1
17	0	UBERON_4200135PATO_0000651UBERON_4200135	C_EQ_1
17	1	UBERON_4200135PATO_0000642UBERON_4200135	C_EQ_1
18	0	UBERON_0002396PATO_0000651UBERON_0002396	C_EQ_1
18	1	UBERON_0002396PATO_0000642UBERON_0002396	C_EQ_1
19	0	UBERON_0004529BFO_0000050UBERON_0002244PATO_0001241	C_EQ_1
19	1	UBERON_0004529BFO_0000050UBERON_0002244PATO_0001786	C_EQ_1
19	2	UBERON_0004529BFO_0000050UBERON_0002244PATO_0000462	C_EQ_1
20	0	UBERON_0001695PATO_0001961UBERON_0000210	C_EQ_1
20	1	UBERON_0001695PATO_0001505UBERON_0000210	C_EQ_1
21	0	UBERON_0004704BFO_0000050BSPO_0000079BFO_0000050UBERON_0004328PATO_0002034	C_EQ_1
21	1	UBERON_0004704BFO_0000050BSPO_0000079BFO_0000050UBERON_0004328PATO_0001786	C_EQ_1
22	0	UBERON_2000356PATO_0000122PATO_increased_in_magnitude_relative_toPATO_0000921BFO_0000052UBERON_2000356	C_EQ_1
22	1	UBERON_2000356PATO_0000921PATO_increased_in_magnitude_relative_toPATO_0000122BFO_0000052UBERON_2000356	C_EQ_1
23	0	UBERON_0002397PATO_0001505UBERON_0002397BSPO_0000099UBERON_0004529BFO_0000050BSPO_0000078BFO_0000050UBERON_0002244	C_EQ_1
23	1	UBERON_0002397PATO_0001961UBERON_0002397BSPO_0000099UBERON_0004529BFO_0000050BSPO_0000078BFO_0000050UBERON_0002244	C_EQ_1
24	0	UBERON_0009979BFO_0000050BSPO_0000082BFO_0000050BSPO_0000077BFO_0000050UBERON_0006597PATO_0001961UBERON_0009979BFO_0000050BSPO_0000083BFO_0000050UBERON_0006597	C_EQ_1
24	1	UBERON_0009979BFO_0000050BSPO_0000082BFO_0000050BSPO_0000077BFO_0000050UBERON_0006597PATO_0001505UBERON_0009979BFO_0000050BSPO_0000083BFO_0000050UBERON_0006597	C_EQ_1
25	0	UBERON_0008000PATO_0000462	C_EQ_1
25	1	UBERON_0008000PATO_0000467	C_EQ_1
26	0	UBERON_0000152PATO_0001505UBERON_0000152	C_EQ_1
26	1	UBERON_0000152PATO_0001590UBERON_0000152	C_EQ_1
27	0	UBERON_0002228PATOTEMP_05e2dbcc-ba43-40e1-a80c-af1fdcb368b2	C_EQ_1
27	1	UBERON_0002228PATOTEMP_09c64970-0329-4bad-9e19-2d2a9995742c	C_EQ_1
28	0	UBERONTEMP_a8fd6c8c-5029-4740-8e0c-99856641de75PATO_0000140UBERON_4000164	C_EQ_1
28	1	UBERONTEMP_a8fd6c8c-5029-4740-8e0c-99856641de75PATO_0000140UBERON_2000178	C_EQ_1
29	0	UBERON_0002530BFO_0000050BSPO_0000082BFO_0000050UBERON_0002355PATO_0000462	C_EQ_1
29	1	UBERON_0002530BFO_0000050BSPO_0000082BFO_0000050UBERON_0002355PATO_0000467	C_EQ_1
30	0	UBERON_2000422PATO_0000140PHENOSCAPE_complement_ofPATO_0002443UBERON_0004529BFO_0000050UBERON_0004744	C_EQ_1
30	1	UBERON_2000422PATO_0002443UBERON_0004529BFO_0000050UBERON_0004744	C_EQ_1
31	0	UBERONTEMP_391014c6-ca27-4893-bcf2-cfee00fd186fPATO_0000701	C_EQ_1
31	0	UBERONTEMP_391014c6-ca27-4893-bcf2-cfee00fd186fPATO_0000701	C_EQ_2
31	1	UBERONTEMP_391014c6-ca27-4893-bcf2-cfee00fd186fPATO_0002112	C_EQ_1
31	1	UBERONTEMP_391014c6-ca27-4893-bcf2-cfee00fd186fPATO_0002112	C_EQ_2
32	0	UBERONTEMP_a85f7cba-e17d-473d-8ebe-e8e51e17c04dBFO_0000050UBERONTEMP_367dba08-73f2-4ae2-8b00-bd7087482a2dPATO_0000467	C_EQ_1
32	1	UBERONTEMP_a85f7cba-e17d-473d-8ebe-e8e51e17c04dBFO_0000050UBERONTEMP_367dba08-73f2-4ae2-8b00-bd7087482a2dPATO_0000462	C_EQ_1
33	0	UBERON_0004649PATO_0002391	C_EQ_1
33	0	UBERON_0004529BFO_0000050BSPO_0000071BFO_0000050BSPO_0000082BFO_0000050UBERON_0004649PATO_0000467	C_EQ_2
33	0	UBERON_0004529BFO_0000050BSPO_0000072BFO_0000050BSPO_0000082BFO_0000050UBERON_0004649PATO_0000467	C_EQ_3
33	1	UBERON_0004529BFO_0000050BSPO_0000050BFO_0000050UBERON_0004649PATO_0000467	C_EQ_1
33	2	UBERON_0004649PATO_0000406	C_EQ_1
33	2	UBERON_0004529BFO_0000050BSPO_0000071BFO_0000050BSPO_0000082BFO_0000050UBERON_0004649PATO_0000467	C_EQ_2
33	2	UBERON_0004529BFO_0000050BSPO_0000072BFO_0000050BSPO_0000082BFO_0000050UBERON_0004649PATO_0000467	C_EQ_3
33	3	UBERON_0004649PATO_0000588	C_EQ_1
33	3	UBERON_0004649PATO_0002180	C_EQ_2
33	4	UBERON_0004649PATO_0000462	C_EQ_1
34	0	UBERON_0006428PATO_0001772UBERONTEMP_93300be9-c8a2-4683-bf24-aac2a855eac6BFO_0000050BSPO_0000072BFO_0000050UBERONTEMP_1ab99cc2-1435-4a9f-ade0-4e3b8efc8774	C_EQ_1
34	1	UBERONTEMP_93300be9-c8a2-4683-bf24-aac2a855eac6BFO_0000050BSPO_0000072BFO_0000050UBERONTEMP_1ab99cc2-1435-4a9f-ade0-4e3b8efc8774PATO_0000140UBERON_0004746	C_EQ_1
34	1	UBERONTEMP_93300be9-c8a2-4683-bf24-aac2a855eac6BFO_0000050BSPO_0000072BFO_0000050UBERONTEMP_1ab99cc2-1435-4a9f-ade0-4e3b8efc8774PATO_0000140UBERON_0006428	C_EQ_2
34	2	UBERONTEMP_93300be9-c8a2-4683-bf24-aac2a855eac6BFO_0000050BSPO_0000072BFO_0000050UBERONTEMP_1ab99cc2-1435-4a9f-ade0-4e3b8efc8774PATO_0002261UBERON_0004746	C_EQ_1
34	3	UBERONTEMP_93300be9-c8a2-4683-bf24-aac2a855eac6BFO_0000050BSPO_0000072BFO_0000050UBERONTEMP_1ab99cc2-1435-4a9f-ade0-4e3b8efc8774PATO_0000140UBERON_0000210	C_EQ_1
34	3	UBERONTEMP_93300be9-c8a2-4683-bf24-aac2a855eac6BFO_0000050BSPO_0000072BFO_0000050UBERONTEMP_1ab99cc2-1435-4a9f-ade0-4e3b8efc8774PATO_0000140UBERON_0006428	C_EQ_2
35	0	UBERON_0003674BFO_0000050UBERON_0003277PATO_0000467	C_EQ_1
35	1	UBERON_0003674BFO_0000050UBERON_0003277PATO_0000462	C_EQ_1
36	0	UBERON_0006844BFO_0000050UBERON_2002015PATO_0001503	C_EQ_1
36	1	UBERON_0006844BFO_0000050UBERON_2002015PATO_0002281	C_EQ_1
36	1	UBERON_0006844BFO_0000050UBERON_2002015PATOTEMP_36446e65-e986-4e46-8d62-bc7830f6d407	C_EQ_2
37	0	UBERON_0002542BFO_0000050UBERON_0008803RO_0002220UBERON_0000970RO_0002220UBERON_0000165PATOTEMP_8a147598-37b4-4f8d-9192-babf0d09e76a	C_EQ_1
37	1	UBERON_0002542BFO_0000050UBERON_0008803RO_0002220UBERON_0000970RO_0002220UBERON_0000165PATO_0000467	C_EQ_1
38	0	UBERON_0005813BFO_0000050UBERON_0002542PATO_0000462	C_EQ_1
38	1	UBERON_0005813BFO_0000050UBERON_0002542PATO_0000467	C_EQ_1
38	1	UBERON_2002053PATO_0000467	C_EQ_2
38	2	UBERON_0005813BFO_0000050UBERON_0002542PATO_0000467	C_EQ_1
38	2	UBERONTEMP_080c03c2-7703-4e20-86a6-92044baec6b3PATO_0000467	C_EQ_2
39	0	UBERON_2002053BFO_0000050BSPO_0000079PATO_0000701	C_EQ_1
39	1	UBERON_2002053BFO_0000050BSPO_0000079PATO_0002112	C_EQ_1
39	1	UBERON_0004111PATO_0001499	C_EQ_2
39	2	UBERON_2002053BFO_0000050BSPO_0000079PATO_0000467	C_EQ_1
39	2	UBERON_0004111PATO_0001154	C_EQ_2
39	3	UBERON_2002053BFO_0000050BSPO_0000079PATO_0000467	C_EQ_1
39	3	UBERON_0004111PATO_0001499	C_EQ_2
39	3	UBERON_2002053BFO_0000050BSPO_0000079PATO_0001154	C_EQ_3
40	0	BSPO_0000071BFO_0000050UBERON_0001681PATO_0001633BSPO_0000082BFO_0000050UBERON_0001681	C_EQ_1
40	1	BSPO_0000071BFO_0000050UBERON_0001681PATO_0002180	C_EQ_1
40	2	BSPO_0000071BFO_0000050UBERON_0001681PATO_0001632BSPO_0000082BFO_0000050UBERON_0001681	C_EQ_1
41	0	UBERONTEMP_77dc0e17-6de8-4115-a7f6-9e692dab9029PATO_0000052PHENOSCAPE_complement_ofPATO_0002232	C_EQ_1
41	0	UBERON_0004704BFO_0000050BSPO_0000029BFO_0000050UBERONTEMP_77dc0e17-6de8-4115-a7f6-9e692dab9029PATO_0000462	C_EQ_2
41	1	UBERONTEMP_77dc0e17-6de8-4115-a7f6-9e692dab9029PATO_0002232	C_EQ_1
41	1	UBERON_0004704BFO_0000050BSPO_0000029BFO_0000050UBERONTEMP_77dc0e17-6de8-4115-a7f6-9e692dab9029PATO_0000467	C_EQ_2
42	0	UBERON_0011593PATOTEMP_29ad821b-73f5-4581-b432-4ebe605ca098	C_EQ_1
42	1	UBERON_0011593PATO_0000411	C_EQ_1
42	2	UBERON_0011593PATOTEMP_087499bc-048c-457c-9c34-825be4871066	C_EQ_1
43	0	UBERON_0001075BFO_0000050UBERON_0001092PATO_0000122PATO_similar_in_magnitude_relative_toPATO_0000122BFO_0000052UBERONTEMP_6be80d29-edb2-4da5-ae46-0ceed67a11fb	C_EQ_1
43	1	UBERON_0001075BFO_0000050UBERON_0001092PATO_0000122PATO_decreased_in_magnitude_relative_toPATO_0000122BFO_0000052UBERONTEMP_6be80d29-edb2-4da5-ae46-0ceed67a11fb	C_EQ_1
43	2	UBERON_0001075BFO_0000050UBERON_0001092PATO_0000122PATO_increased_in_magnitude_relative_toPATO_0000122BFO_0000052UBERONTEMP_6be80d29-edb2-4da5-ae46-0ceed67a11fb	C_EQ_1
44	0	UBERON_2000271BFO_0000050BSPO_0000128PATO_0000140PHENOSCAPE_complement_ofPATO_0001961UBERONTEMP_1464c6a6-3dfd-4012-a7f9-2345d6c35a4d	C_EQ_1
44	0	UBERON_2000271BFO_0000050BSPO_0000128PATO_0000140PHENOSCAPE_complement_ofPATO_0001961UBERONTEMP_f8e06136-ea33-4350-86f8-ae94bee54e43	C_EQ_2
44	1	UBERON_2000271BFO_0000050BSPO_0000128PATO_0002278UBERONTEMP_1464c6a6-3dfd-4012-a7f9-2345d6c35a4d	C_EQ_1
44	1	UBERON_2000271BFO_0000050BSPO_0000128PATO_0002278UBERONTEMP_f8e06136-ea33-4350-86f8-ae94bee54e43	C_EQ_2
45	0	UBERONTEMP_597a5e91-1c54-4947-bdb8-914622a479e1BFO_0000050UBERON_0010516PATO_0000462	C_EQ_1
45	1	UBERONTEMP_597a5e91-1c54-4947-bdb8-914622a479e1BFO_0000050UBERON_0010516PATO_0000467	C_EQ_1
46	0	UBERON_2002053PATO_0001503	C_EQ_1
46	1	UBERON_2002053PATO_0001504	C_EQ_1
47	0	UBERON_2001805BFO_0000050UBERON_3000543PATO_0000467	C_EQ_1
47	1	UBERON_0011636BFO_0000050UBERON_3000543PATO_0000467	C_EQ_1
47	1	UBERON_2001805BFO_0000050UBERON_3000543	C_EQ_2
47	1	UBERON_0011079BFO_0000050UBERON_3000543	C_EQ_3
47	1	UBERON_0011637BFO_0000050UBERON_3000543	C_EQ_4
48	0	UBERON_0010889PATO_0000052PHENOSCAPE_complement_ofPATO_0000586	C_EQ_1
48	1	BSPO_0000071BFO_0000050UBERON_0010889PATO_0000586	C_EQ_1
48	1	BSPO_0000071BFO_0000050UBERON_0010889PATO_0000407	C_EQ_2
48	1	BSPO_0000679BFO_0000050UBERON_0010889PATO_0000642UBERON_0004866	C_EQ_3
48	2	BSPO_0000029BFO_0000050UBERON_0010889PATO_0000586	C_EQ_1
48	2	BSPO_0000679BFO_0000050UBERON_0010889PATO_0000642UBERON_0004866	C_EQ_2
49	0	UBERONTEMP_df278a3c-58fe-4442-9611-22473117a50dBFO_0000050BSPO_0000084BFO_0000050UBERON_0013131PATO_0000462	C_EQ_1
49	1	UBERONTEMP_df278a3c-58fe-4442-9611-22473117a50dBFO_0000050BSPO_0000084BFO_0000050UBERON_0013131PATO_0000467	C_EQ_1
50	0	UBERON_2001744PATO_0000462	C_EQ_1
50	1	UBERON_2001744PATO_0000467	C_EQ_1
51	0	UBERONTEMP_4d719e1e-df5d-4735-9490-45e6e22b549aBFO_0000050UBERON_0000210PATO_0000573BSPO_0000071BFO_0000050UBERON_0000210	C_EQ_1
51	1	UBERONTEMP_4d719e1e-df5d-4735-9490-45e6e22b549aBFO_0000050UBERON_0000210PATO_0000574BSPO_0000071BFO_0000050UBERON_0000210	C_EQ_1
51	2	UBERONTEMP_4d719e1e-df5d-4735-9490-45e6e22b549aBFO_0000050UBERON_0000210PATO_0000462	C_EQ_1
52	0	UBERON_2002053BFO_0000050BSPO_0000084PATO_0000462	C_EQ_1
52	1	UBERON_2002053BFO_0000050BSPO_0000084PATO_0000467	C_EQ_1
53	0	UBERON_0004111BFO_0000050UBERON_0000210PATO_0000070	C_EQ_1
53	1	UBERON_0004111BFO_0000050UBERON_0000210PATO_0000070	C_EQ_1
54	0	UBERON_0010202BFO_0000050UBERON_0002542PATO_0000462	C_EQ_1
54	1	UBERON_0010202BFO_0000050UBERON_0002542PATO_0000467	C_EQ_1
55	0	UBERON_2001737BFO_0000050UBERON_0004743PATO_0000467	C_EQ_1
55	1	UBERON_2001737BFO_0000050UBERON_0004743BFO_0000050UBERON_0006849PATO_0000467	C_EQ_1
55	2	UBERON_2001737BFO_0000050UBERON_0004743PATO_0000462	C_EQ_1
56	0	UBERON_0010750PATO_0000467	C_EQ_1
56	1	UBERON_0010750PATO_0000462	C_EQ_1
57	0	UBERON_2001967PATO_0000411	C_EQ_1
57	1	UBERON_2001967PATO_0000947	C_EQ_1
58	0	UBERON_0004905BFO_0000050UBERON_0001693BFO_0000050UBERON_0001092PATO_0001503	C_EQ_1
58	1	UBERON_0004905BFO_0000050UBERON_0001693BFO_0000050UBERON_0001092PATO_0001504	C_EQ_1
59	0	UBERON_0003623PATO_0000574UBERON_0003624	C_EQ_1
59	1	UBERON_0003623PATO_0000573UBERON_0003624	C_EQ_1
60	0	UBERON_0000468PATO_0002212	C_EQ_1
60	1	UBERON_0000468PATO_0000915	C_EQ_1
61	0	UBERON_0011079PATO_0000467	C_EQ_1
61	1	UBERON_0011079PATO_0000462	C_EQ_1
62	0	UBERON_4200105RO_0002220UBERON_0001649PATO_0000140PHENOSCAPE_complement_ofPATO_0001633UBERON_0004637	C_EQ_1
62	1	UBERON_4200105RO_0002220UBERON_0001649PATO_0001633UBERON_0004637	C_EQ_1
63	0	UBERONTEMP_cb7c3969-f86b-406f-91c8-55edd9cc9afaPATO_0000587	C_EQ_1
63	1	UBERONTEMP_cb7c3969-f86b-406f-91c8-55edd9cc9afaPATO_0000586	C_EQ_1
63	1	UBERONTEMP_cb7c3969-f86b-406f-91c8-55edd9cc9afaPATO_0001233UBERON_0001269	C_EQ_2
64	0	UBERONTEMP_2ce13942-7494-4362-88e4-998b6b265619PATO_0000119PATO_similar_in_magnitude_relative_toPATO_0000119BFO_0000052UBERONTEMP_b6073a7c-f7d2-4395-87df-aee1b129357b	C_EQ_1
64	1	UBERONTEMP_2ce13942-7494-4362-88e4-998b6b265619PATO_0000119PATO_increased_in_magnitude_relative_toPATO_0000119BFO_0000052UBERONTEMP_b6073a7c-f7d2-4395-87df-aee1b129357b	C_EQ_1
65	0	UBERON_0001533PATO_0002259UBERON_0003120	C_EQ_1
65	0	UBERON_0001533PATO_0002259UBERON_0003121	C_EQ_2
65	1	UBERON_0001533PATO_0002259UBERON_3010217	C_EQ_1
65	2	UBERON_0001533PATO_0002259UBERON_3010219	C_EQ_1
65	2	UBERON_0001533PATO_0002259UBERON_3010218	C_EQ_2
65	3		C_EQ_1
66	0	UBERON_0001077BFO_0000050UBERON_0004612PATO_0001505UBERON_0001080BFO_0000050UBERON_0004612	C_EQ_1
66	1	UBERON_0001077BFO_0000050UBERON_0004612PATO_0001667UBERON_0001080BFO_0000050UBERON_0004612	C_EQ_1
67	0	UBERON_0002244PATO_0000651UBERON_0002244	C_EQ_1
67	1	UBERON_0002244PATO_0000642UBERON_0002244	C_EQ_1
68	0	UBERON_4100003BFO_0000050UBERON_0004637PATO_0000462	C_EQ_1
68	1	UBERON_4100003BFO_0000050UBERON_0004637PATO_0000467	C_EQ_1
69	0	UBERONTEMP_2b933bd2-0562-4624-8d49-ec5325a2da54PATO_0000599	C_EQ_1
69	1	UBERONTEMP_2b933bd2-0562-4624-8d49-ec5325a2da54PATO_0000600	C_EQ_1
70	0	UBERON_0006846BFO_0000050UBERON_0004771PATO_0000462	C_EQ_1
70	1	UBERON_0006846BFO_0000050UBERON_0004771PATO_0000467	C_EQ_1
70	1	UBERON_0004529BFO_0000050BSPO_0000112BFO_0000050UBERON_0001716PATO_0001590UBERON_0006846BFO_0000050UBERON_0004771	C_EQ_2
70	2	UBERON_0006846BFO_0000050UBERON_0004771PATO_0000467	C_EQ_1
70	2	UBERON_0004529BFO_0000050BSPO_0000112BFO_0000050UBERON_0001716PATO_0001590UBERON_0004529BFO_0000050BSPO_0000069BFO_0000050UBERON_0001716	C_EQ_2
70	3	UBERON_0006846BFO_0000050UBERON_0004771PATO_0000467	C_EQ_1
71	0	UBERON_3000190PATO_0000462	C_EQ_1
71	1	UBERON_3000190PATO_0000467	C_EQ_1
71	1	UBERON_3010146PATO_0001495	C_EQ_2
71	1	UBERON_0001682PATO_0001495	C_EQ_3
71	2	UBERON_3000190PATO_0001961UBERON_0010750	C_EQ_1
71	2	UBERON_3000190PATO_0001961UBERON_3010146	C_EQ_2
71	2	UBERON_3000190PATO_0001961UBERON_0001682	C_EQ_3
72	0	BSPO_0000682BFO_0000050UBERON_0001450PATO_0000052PHENOSCAPE_complement_ofPATO_0001495	C_EQ_1
72	1	BSPO_0000682BFO_0000050UBERON_0001450PATO_0001495	C_EQ_1
73	0	BSPO_0000072BFO_0000050UBERON_0004743PATO_0000052PHENOSCAPE_complement_ofPATO_0001495	C_EQ_1
73	1	BSPO_0000072BFO_0000050UBERON_0004743PATO_0001495	C_EQ_1
74	0	UBERON_2001632PATO_0000467	C_EQ_1
74	1	UBERON_2001632PATO_0000462	C_EQ_1
75	0	UBERONTEMP_7cc05fde-b247-4277-9fe9-be69f299ee72PATO_0000467	C_EQ_1
75	0	BSPO_0000072BFO_0000050UBERON_0004745PATO_0000600	C_EQ_2
75	1	UBERONTEMP_7cc05fde-b247-4277-9fe9-be69f299ee72PATO_0000462	C_EQ_1
75	1	BSPO_0000072BFO_0000050UBERON_0004745PATO_0000599	C_EQ_2
76	0	UBERON_0000165PATO_0002259BSPO_0000671BFO_0000050UBERONTEMP_391014c6-ca27-4893-bcf2-cfee00fd186f	C_EQ_1
76	1	UBERON_0000165PATO_0001505BSPO_0000671BFO_0000050UBERONTEMP_391014c6-ca27-4893-bcf2-cfee00fd186f	C_EQ_1
77	0	UBERONTEMP_0ac04df7-2f9b-4c8a-bb52-f46b396e82b9PATO_0000467	C_EQ_1
77	1	UBERONTEMP_0ac04df7-2f9b-4c8a-bb52-f46b396e82b9PATO_0000587	C_EQ_1
77	1	UBERONTEMP_0ac04df7-2f9b-4c8a-bb52-f46b396e82b9PATO_0000462	C_EQ_2
78	0	UBERON_0001107PATO_0000462	C_EQ_1
78	1	UBERON_0001107PATO_0000467	C_EQ_1
79	0	UBERONTEMP_5b20659c-8d12-4809-9f5a-ad4bb047fc65PATO_0000140PHENOSCAPE_complement_ofPATO_0001961UBERON_0001688	C_EQ_1
79	1	UBERONTEMP_5b20659c-8d12-4809-9f5a-ad4bb047fc65PATO_0001961UBERON_0001688	C_EQ_1
80	0	UBERON_0000088PATO_0000462	C_EQ_1
80	1	UBERON_0000088PATO_0000467	C_EQ_1
81	0	UBERONTEMP_0eca0bcc-9e29-446d-bd9a-619176176347UBERON_has_muscle_insertionUBERON_4100005BFO_0000050UBERON_0006048PATO_0000462	C_EQ_1
81	1	UBERONTEMP_0eca0bcc-9e29-446d-bd9a-619176176347UBERON_has_muscle_insertionUBERON_4100005BFO_0000050UBERON_0006048PATO_0000467	C_EQ_1
82	0	UBERON_4200037PATO_0000586	C_EQ_1
82	0	UBERON_4200037PATO_0001505UBERON_0004769	C_EQ_2
82	1	UBERON_4200037PATO_0002272UBERON_0004769	C_EQ_1
82	1	UBERON_4200037PATO_0001505UBERON_0004769	C_EQ_2
82	2	UBERON_4200037PATO_0000587	C_EQ_1
83	0	UBERON_2002097BFO_0000050UBERON_0001833PATO_0000462	C_EQ_1
83	1	UBERON_2002097BFO_0000050UBERON_0001833PATO_0000467	C_EQ_1
84	0	UBERON_0002392PATO_0000467	C_EQ_1
84	1	UBERON_0002392PATO_0000462	C_EQ_1
85	0	UBERONTEMP_49c8535b-5a5e-42ca-8c77-945b254605f5PATO_0001196UBERON_0010202	C_EQ_1
85	2	UBERONTEMP_49c8535b-5a5e-42ca-8c77-945b254605f5PATO_0000462	C_EQ_1
85	1	UBERONTEMP_49c8535b-5a5e-42ca-8c77-945b254605f5PATO_0001233UBERON_0010202	C_EQ_1
86	0	UBERON_4400000RO_0002150UBERON_2000271PATO_0000462	C_EQ_1
86	1	UBERON_4400000RO_0002150UBERON_2000271PATO_0000467	C_EQ_1
87	0	UBERON_0004111BFO_0000050UBERON_3010219PATO_0000467	C_EQ_1
87	1	UBERON_0004111BFO_0000050UBERON_3010219PATO_0000462	C_EQ_1
88	0	UBERON_0001324PATO_0000467	C_EQ_1
88	1	UBERON_0001324PATO_0000462	C_EQ_1
89	0	UBERON_0009979BFO_0000050UBERON_0006597PATO_0000462	C_EQ_1
89	1	UBERON_0009979BFO_0000050UBERON_0006597PATO_0000467	C_EQ_1
90	0	UBERON_0000209PATO_0001505BSPO_0000071BFO_0000050UBERON_0002397	C_EQ_1
90	1	UBERON_0000209PATO_0001961BSPO_0000071BFO_0000050UBERON_0002397	C_EQ_1
91	0	UBERON_0001682PATO_0001505UBERON_0010389	C_EQ_1
91	1	UBERON_0001682PATO_0000642UBERON_0010389	C_EQ_1
92	0	UBERONTEMP_d522e981-3a43-4cab-9862-4344b5c3ff22PATO_0002180	C_EQ_1
92	0	UBERON_0004529BFO_0000050BSPO_0000071BFO_0000050UBERON_0002228PATO_0000462	C_EQ_2
92	1	UBERONTEMP_d522e981-3a43-4cab-9862-4344b5c3ff22PATO_0002272UBERON_0001075BFO_0000050UBERON_0002413	C_EQ_1
93	0	UBERONTEMP_69d443e4-368e-4754-8ca1-a2e702f2ac97PATO_0000462	C_EQ_1
93	1	UBERONTEMP_69d443e4-368e-4754-8ca1-a2e702f2ac97PATO_0000467	C_EQ_1
94	0	UBERON_3010069PATO_0000586UBERON_0012131	C_EQ_1
94	1	UBERON_3010069PATO_0000587UBERON_0012131	C_EQ_1
94	2	UBERON_3010069PATO_0000462	C_EQ_1
95	0	UBERONTEMP_518a52d0-1c9b-4d23-922c-d5045791bcf0RO_0002220UBERONTEMP_31f522c3-c02f-42a7-b998-4881dffb8536PATO_0000462	C_EQ_1
95	1	UBERONTEMP_518a52d0-1c9b-4d23-922c-d5045791bcf0RO_0002220UBERONTEMP_31f522c3-c02f-42a7-b998-4881dffb8536PATO_0000467	C_EQ_1
96	0	UBERONTEMP_75dafdaf-a59c-42ab-94e6-4816a29edb2fPATO_0000462	C_EQ_1
96	1	UBERONTEMP_75dafdaf-a59c-42ab-94e6-4816a29edb2fPATO_0000467	C_EQ_1
97	0	UBERON_1500006PATO_0000140PHENOSCAPE_complement_ofPATO_0001598UBERON_0000309	C_EQ_1
97	1	UBERON_1500006PATO_0001598UBERON_0000309	C_EQ_1
98	0	UBERONTEMP_a8fd6c8c-5029-4740-8e0c-99856641de75BFO_0000050UBERON_4000164PATO_0001233UBERON_0010202	C_EQ_1
98	2	UBERONTEMP_a8fd6c8c-5029-4740-8e0c-99856641de75BFO_0000050UBERON_4000164PATO_0001854	C_EQ_1
98	1	UBERONTEMP_a8fd6c8c-5029-4740-8e0c-99856641de75BFO_0000050UBERON_4000164PATO_0002259UBERON_0010202	C_EQ_1
99	0	UBERON_4100003BFO_0000050UBERON_0013190RO_0002220UBERONTEMP_391014c6-ca27-4893-bcf2-cfee00fd186fPATO_0000462	C_EQ_1
99	1	UBERON_4100003BFO_0000050UBERON_0013190RO_0002220UBERONTEMP_391014c6-ca27-4893-bcf2-cfee00fd186fPATO_0000467	C_EQ_1
100	0	BSPO_0000071BFO_0000050UBERON_0004742PATO_0001205	C_EQ_1
100	1	BSPO_0000071BFO_0000050UBERON_0004742PATOTEMP_7955e78d-e692-4c12-ae63-0f2ed12465b4	C_EQ_1
101	0	UBERON_0010362BFO_0000050PATOTEMP_eeb348ab-4d7f-4129-9b9d-c0a08341c5ecPATO_0000462	C_EQ_1
101	1	UBERON_0010362BFO_0000050PATOTEMP_eeb348ab-4d7f-4129-9b9d-c0a08341c5ecPATO_0000467	C_EQ_1
102	0	UBERON_0006849PATO_0000573UBERON_0004743	C_EQ_1
102	1	UBERON_0006849PATO_0000587UBERON_0004743	C_EQ_1
102	2	UBERON_0006849PATO_0000462	C_EQ_1
102	2	UBERON_0004743PATO_0000462	C_EQ_2
103	0	UBERON_0001649RO_0002219UBERONTEMP_41980771-8a82-40d2-877e-3156cc80857bPATO_0000462	C_EQ_1
103	1	UBERON_0001649RO_0002219UBERONTEMP_41980771-8a82-40d2-877e-3156cc80857bPATO_0000467	C_EQ_1
104	0	UBERON_3000543PATO_0000462	C_EQ_1
104	0	UBERON_3000543PATO_0000587	C_EQ_2
104	0	UBERON_3000543PATO_0000599	C_EQ_3
104	1	UBERON_3000543PATO_0000600	C_EQ_1
104	1	BSPO_0000079BFO_0000050UBERON_3000543PATO_0001857	C_EQ_2
105	0	BSPO_0000072BFO_0000050BSPO_0000084BFO_0000050UBERON_0005813BFO_0000050BSPO_0000077BFO_0000050UBERON_0000976PATO_0000117PATO_decreased_in_magnitude_relative_toUBERON_0006801	C_EQ_1
105	1	BSPO_0000072BFO_0000050BSPO_0000084BFO_0000050UBERON_0005813BFO_0000050BSPO_0000077BFO_0000050UBERON_0000976PATO_0000117PATO_increased_in_magnitude_relative_toUBERON_0006801	C_EQ_1
106	0	UBERONTEMP_0bc2755c-6069-42f5-a9f4-b00b7b3cc25aPHENOSCAPE_extends_toUBERON_0000975PATO_0000462	C_EQ_1
106	1	UBERONTEMP_0bc2755c-6069-42f5-a9f4-b00b7b3cc25aPHENOSCAPE_extends_toUBERON_0000975PATO_0000467	C_EQ_1
106	1	UBERONTEMP_0bc2755c-6069-42f5-a9f4-b00b7b3cc25aPHENOSCAPE_extends_toUBERON_0000975PATO_0001658	C_EQ_2
106	1	UBERONTEMP_0bc2755c-6069-42f5-a9f4-b00b7b3cc25aPHENOSCAPE_extends_toUBERON_0000975PATO_0001659	C_EQ_3
107	0	BSPO_0000071BFO_0000050UBERONTEMP_131c5051-fb07-4138-9f06-eae8880a6338PATO_0001784	C_EQ_1
107	1	BSPO_0000071BFO_0000050UBERONTEMP_131c5051-fb07-4138-9f06-eae8880a6338PATO_0000411	C_EQ_1
108	0	BSPO_0000078BFO_0000050UBERONTEMP_1aa93660-3c3d-4aff-94fa-93ea38c82df8PATO_0001961UBERON_0004652	C_EQ_1
108	1	BSPO_0000078BFO_0000050UBERONTEMP_1aa93660-3c3d-4aff-94fa-93ea38c82df8PATO_0001659UBERON_0004652	C_EQ_1
109	0	UBERONTEMP_dab1de8a-9ec0-4e71-b7ec-8507bcbaccadPATO_0000462	C_EQ_1
109	1	UBERONTEMP_dab1de8a-9ec0-4e71-b7ec-8507bcbaccadPATO_0000467	C_EQ_1
110	0	UBERONTEMP_faea86d9-5281-441b-be89-0f0be1d49129PATO_0000462	C_EQ_1
110	1	UBERONTEMP_faea86d9-5281-441b-be89-0f0be1d49129PATO_0000467	C_EQ_1
110	1	UBERONTEMP_faea86d9-5281-441b-be89-0f0be1d49129PATO_0001503	C_EQ_2
110	2	UBERONTEMP_faea86d9-5281-441b-be89-0f0be1d49129PATO_0000467	C_EQ_1
110	2	UBERONTEMP_faea86d9-5281-441b-be89-0f0be1d49129PATO_0002257	C_EQ_2
111	0	UBERON_2000620PATO_0000651UBERON_2000620	C_EQ_1
111	1	UBERON_2000620PATO_0000642UBERON_2000620	C_EQ_1
112	0	UBERON_0002542BFO_0000050UBERON_0001567PATO_0000438	C_EQ_1
112	0	UBERON_0012443BFO_0000050UBERON_0001567PATO_0000632	C_EQ_2
112	1	UBERON_0002542BFO_0000050UBERON_0001567PATO_0001227	C_EQ_1
112	1	UBERON_0002542BFO_0000050UBERON_0001567PATO_0000616	C_EQ_2
113	0	UBERONTEMP_071e0de7-9e35-437a-b985-d9ec084e5a42RO_0002150UBERONTEMP_65b40ec3-fa39-4802-bfa8-fb6145400c29PATO_0000467	C_EQ_1
113	1	UBERONTEMP_071e0de7-9e35-437a-b985-d9ec084e5a42RO_0002150UBERONTEMP_65b40ec3-fa39-4802-bfa8-fb6145400c29PATO_0000462	C_EQ_1
114	0	BSPO_0000072BFO_0000050UBERON_0006332PATO_0002034	C_EQ_1
114	1	BSPO_0000072BFO_0000050UBERON_0006332PATO_0000609	C_EQ_1
115	0	UBERON_0006811PATO_0001891	C_EQ_1
115	0	UBERON_0001692BFO_0000050UBERON_0006811PATO_0000467	C_EQ_2
115	0	UBERON_0001693BFO_0000050UBERON_0006811PATO_0000467	C_EQ_3
115	1	UBERON_0006811PATO_0001786	C_EQ_1
115	1	UBERON_0001693BFO_0000050UBERON_0006811PATO_0000467	C_EQ_2
115	2	UBERON_0006811PATO_0001879	C_EQ_1
115	2	UBERON_0001692BFO_0000050UBERON_0006811PATO_0000467	C_EQ_2
115	2	UBERON_0001693BFO_0000050UBERON_0006811PATO_0000467	C_EQ_3
115	3	UBERON_0001692BFO_0000050UBERON_0006811PATO_0000467	C_EQ_1
116	0	UBERON_0010910RO_0002150UBERON_0001567PATO_0000462	C_EQ_1
116	1	UBERON_0010910RO_0002150UBERON_0001567PATO_0000467	C_EQ_1
117	0	UBERON_0012131BFO_0000050UBERON_0001442PATO_0002118	C_EQ_1
117	0	UBERON_0012131BFO_0000050UBERON_0001445PATO_0002118	C_EQ_2
117	1	UBERON_0012131BFO_0000050UBERON_0001442PATO_0000070	C_EQ_1
117	1	UBERON_0012131BFO_0000050UBERON_0001445PATO_0000070	C_EQ_2
118	0	UBERONTEMP_10e29a7f-5845-4c48-9d85-1043712ad536PATO_0000462	C_EQ_1
118	1	UBERONTEMP_10e29a7f-5845-4c48-9d85-1043712ad536PATO_0000467	C_EQ_1
119	0	UBERON_0010358BFO_0000050BSPO_0000071BFO_0000050UBERON_0002090PATO_0000651UBERON_0010358BFO_0000050BSPO_0000071BFO_0000050UBERON_0002090	C_EQ_1
119	1	UBERON_0010358BFO_0000050BSPO_0000071BFO_0000050UBERON_0002090PATO_0000642UBERON_0010358BFO_0000050BSPO_0000071BFO_0000050UBERON_0002090	C_EQ_1
120	0	UBERON_2002257PHENOSCAPE_extends_toUBERON_3000597PATO_0000467	C_EQ_1
120	1	UBERON_2002257PHENOSCAPE_extends_toUBERON_3000597PATO_0000462	C_EQ_1
121	0	BSPO_0000078BFO_0000050UBERON_0008194PATO_0001448	C_EQ_1
121	1	BSPO_0000078BFO_0000050UBERON_0008194PATOTEMP_e7a5a00e-cf75-44e7-b26d-391526249555	C_EQ_1
122	0	UBERON_2000271BFO_0000050UBERON_4000163BSPO_0000097UBERON_0000309PATO_0000462	C_EQ_1
122	1	UBERON_2000271BFO_0000050UBERON_4000163BSPO_0000097UBERON_0000309PATO_0000467	C_EQ_1
123	0	UBERON_2002097BSPO_0000098UBERON_2001967PATO_0000402	C_EQ_1
123	0	UBERON_2002097BSPO_0000098UBERON_2001967PATO_0000070	C_EQ_2
123	1	UBERON_2002097BSPO_0000098UBERON_2001967PATO_0000070	C_EQ_1
123	1	UBERON_2002097BSPO_0000098UBERON_2001967PATO_0000402	C_EQ_2
124	0	UBERON_2001054PATO_0000574	C_EQ_1
124	1	UBERON_2001054PATO_0000573	C_EQ_1
125	0	UBERONTEMP_8ae9819e-35ed-425b-a70b-89da5097d599PATO_0000117PATO_similar_in_magnitude_relative_toUBERON_0003672	C_EQ_1
125	0	UBERON_0003672BFO_0000050BSPO_0000072BFO_0000050UBERON_0001708PATO_0000587	C_EQ_2
125	2	UBERONTEMP_8ae9819e-35ed-425b-a70b-89da5097d599PATO_0000117PATO_increased_in_magnitude_relative_toUBERON_0003672	C_EQ_1
125	1	UBERONTEMP_8ae9819e-35ed-425b-a70b-89da5097d599BFO_0000050UBERON_0003277PATO_0000570	C_EQ_1
125	1	UBERONTEMP_8ae9819e-35ed-425b-a70b-89da5097d599BFO_0000050UBERON_0003278PATO_0000569	C_EQ_2
126	0	UBERON_0001681PATO_0001961UBERON_0010750	C_EQ_1
126	1	UBERON_0001681PATO_0001505UBERON_0010750	C_EQ_1
127	0	UBERON_0009678BFO_0000050UBERONTEMP_36313895-f75e-421c-9022-8397d0be3b8fBFO_0000050BSPO_0000083BFO_0000050UBERON_0012071PATO_0000467	C_EQ_1
127	1	UBERON_0009678BFO_0000050UBERONTEMP_36313895-f75e-421c-9022-8397d0be3b8fPATO_0002272UBERON_0002244	C_EQ_1
127	1	UBERON_0009678BFO_0000050UBERONTEMP_36313895-f75e-421c-9022-8397d0be3b8fPATO_0002272UBERON_0002397	C_EQ_2
127	2	UBERON_0009678BFO_0000050UBERONTEMP_36313895-f75e-421c-9022-8397d0be3b8fPATO_0001154	C_EQ_1
128	0	UBERON_0011267PATO_0000467	C_EQ_1
128	1	UBERON_0011267PATO_0000462	C_EQ_1
129	0	BSPO_0000072BFO_0000050UBERON_0000401PATO_0000052PHENOSCAPE_complement_ofPATO_0000600	C_EQ_1
129	0	BSPO_0000072BFO_0000050UBERON_0000401PATO_0000052PHENOSCAPE_complement_ofPATO_0002053	C_EQ_2
129	1	BSPO_0000072BFO_0000050UBERON_0000401PATO_0000600	C_EQ_1
129	1	BSPO_0000072BFO_0000050UBERON_0000401PATO_0002053	C_EQ_2
130	0	UBERON_2002097BSPO_0000099UBERON_2001967PATO_0001629	C_EQ_1
130	1	UBERON_2002097BSPO_0000099UBERON_2001967PATO_0001566	C_EQ_1
131	0	UBERON_4200105RO_0002221UBERON_0000941PATO_0001632UBERON_0001643	C_EQ_1
131	0	UBERON_4200105RO_0002221UBERON_0000941PATO_0001632UBERON_0001644	C_EQ_2
131	1	UBERON_4200105RO_0002221UBERON_0000941PATO_0001633UBERON_0001644	C_EQ_1
132	0	UBERON_2000660BFO_0000053UBERON_4000174PATO_0000070	C_EQ_1
132	1	UBERON_2000660BFO_0000053UBERON_4000174PATO_0000070	C_EQ_1
133	0	UBERON_0002131PATO_0000117PHENOSCAPE_complement_ofPATO_0000587	C_EQ_1
133	0	UBERON_0004002PATO_0000117PHENOSCAPE_complement_ofPATO_0000586	C_EQ_2
133	0	UBERONTEMP_53e954ae-e996-4f76-a4e3-abdf5f12b906PATO_0000117PHENOSCAPE_complement_ofPATO_0000587	C_EQ_3
133	0	UBERONTEMP_d9743182-4239-4e43-9228-9bf6102c7f21PATO_0000117PHENOSCAPE_complement_ofPATO_0000587	C_EQ_4
133	1	UBERON_0002131PATO_0000587	C_EQ_1
133	1	UBERON_0004002PATO_0000586	C_EQ_2
133	1	UBERONTEMP_53e954ae-e996-4f76-a4e3-abdf5f12b906PATO_0000587	C_EQ_3
133	1	UBERONTEMP_d9743182-4239-4e43-9228-9bf6102c7f21PATO_0000587	C_EQ_4
134	0	UBERON_0002228BFO_0000050BSPO_0000071BFO_0000050UBERON_0006076PATO_0000070	C_EQ_1
134	1	UBERON_0002228BFO_0000050BSPO_0000071BFO_0000050UBERON_0006076PATO_0000070	C_EQ_1
134	2	UBERON_0002228BFO_0000050BSPO_0000071BFO_0000050UBERON_0006076PATO_0000462	C_EQ_1
135	0	UBERONTEMP_d31e7a96-a07f-43a0-82e1-7df554b0f90eBFO_0000050BSPO_0000084BFO_0000050BSPO_0000032BFO_0000050UBERON_2002015PATO_0000070	C_EQ_1
135	1	UBERONTEMP_d31e7a96-a07f-43a0-82e1-7df554b0f90eBFO_0000050BSPO_0000084BFO_0000050BSPO_0000032BFO_0000050UBERON_2002015PATO_0000070	C_EQ_1
136	0	UBERONTEMP_63e09c69-ac98-49ba-b232-2da5c7b19019PATO_0000610	C_EQ_1
136	1	UBERONTEMP_63e09c69-ac98-49ba-b232-2da5c7b19019PATO_0000608	C_EQ_1
137	0	UBERON_0001423PATO_0000574UBERON_0001424	C_EQ_1
137	1	UBERON_0001423PATO_0000573UBERON_0001424	C_EQ_1
137	2	UBERON_0001423PATO_0000122PATO_similar_in_magnitude_relative_toUBERON_0001424	C_EQ_1
138	0	UBERONTEMP_8aa1a55e-924a-46a7-82af-9e8406a5149dPATO_0000462	C_EQ_1
138	1	UBERONTEMP_8aa1a55e-924a-46a7-82af-9e8406a5149dPATO_0000467	C_EQ_1
139	0	UBERON_0006844BFO_0000050BSPOTEMP_7535b6a1-f4ae-467a-8401-8e5ad78bc50bBFO_0000050UBERONTEMP_04c4d3ea-5dfe-4f59-aafa-b6875025413bPATO_0000462	C_EQ_1
139	1	UBERON_0006844BFO_0000050BSPOTEMP_7535b6a1-f4ae-467a-8401-8e5ad78bc50bBFO_0000050UBERONTEMP_04c4d3ea-5dfe-4f59-aafa-b6875025413bPATO_0000467	C_EQ_1
140	0	UBERON_0001860RO_0002150UBERON_0004704PATO_0000462	C_EQ_1
140	1	UBERON_0001860RO_0002150UBERON_0004704PATO_0000467	C_EQ_1
141	0	UBERONTEMP_7f3c6bb1-52c7-4392-8944-01182d25a351BFO_0000050UBERON_0000993PATO_0000467	C_EQ_1
141	1	UBERONTEMP_7f3c6bb1-52c7-4392-8944-01182d25a351BFO_0000050UBERONTEMP_a9598e4a-b173-43af-96ef-20f80182c8fdPATO_0000467	C_EQ_1
142	0	UBERONTEMP_03403842-73a7-4967-b7ef-56d3b5c75e60PATO_0000574	C_EQ_1
142	1	UBERONTEMP_03403842-73a7-4967-b7ef-56d3b5c75e60PATO_0000462	C_EQ_1
142	2	UBERONTEMP_c459b036-bbb9-4e8b-8a2b-530b761b6603PATO_0000573	C_EQ_1
143	0	UBERON_0004111BFO_0000050UBERON_2001577PATO_0000462	C_EQ_1
143	1	UBERON_0004111BFO_0000050UBERON_2001577PATO_0000467	C_EQ_1
144	0	UBERONTEMP_f8cf42dc-22f9-4fd7-af44-58253f62ad24PATO_0000117PHENOSCAPE_complement_ofPATO_0000573	C_EQ_1
144	1	UBERONTEMP_f8cf42dc-22f9-4fd7-af44-58253f62ad24PATO_0000573	C_EQ_1
145	0	UBERON_0003675BFO_0000050UBERON_0011593PATO_0002211	C_EQ_1
145	1	UBERON_0003675BFO_0000050UBERON_0011593PATO_0002021	C_EQ_1
145	2	UBERON_0003675BFO_0000050UBERON_0011593PATOTEMP_3a9e79e5-a7d3-457c-951e-90a9618983e3	C_EQ_1
145	3	UBERON_0003675BFO_0000050UBERON_0011593PATO_0002457	C_EQ_1
146	0	UBERON_2000356BFO_0000050UBERON_2000488BFO_0000050UBERON_0003114PATO_0000140PHENOSCAPE_complement_ofPATO_0001645BSPO_0000083BFO_0000050UBERON_0008896	C_EQ_1
146	1	UBERON_2000356BFO_0000050UBERON_2000488BFO_0000050UBERON_0003114PATO_0001645BSPO_0000083BFO_0000050UBERON_0008896	C_EQ_1
147	0	UBERONTEMP_8c052198-acff-4165-b1a0-fd6bb2de6e10PATO_0000462	C_EQ_1
147	1	UBERONTEMP_8c052198-acff-4165-b1a0-fd6bb2de6e10PATO_0000467	C_EQ_1
148	0	UBERON_0003677PATO_0000070	C_EQ_1
148	1	UBERON_0003677PATO_0001786	C_EQ_1
148	2	UBERON_0003677PATO_0000070	C_EQ_1
149	0	UBERON_0001153PATO_0000462	C_EQ_1
149	1	UBERON_0001153PATO_0000467	C_EQ_1
150	0	UBERONTEMP_a7bf197b-0db2-467e-824e-be45b39e2672UBERONTEMP_6eccda87-a879-44fe-b2c6-ffab20dd60ee	C_EQ_1
150	1	UBERONTEMP_a7bf197b-0db2-467e-824e-be45b39e2672UBERONTEMP_05a9169f-4c7d-4ff3-a786-48f9252ed6b9	C_EQ_1
150	2	UBERONTEMP_a7bf197b-0db2-467e-824e-be45b39e2672UBERONTEMP_0022c3d9-8716-4da7-aed3-5ca1d6ad1f35	C_EQ_1
150	3	UBERONTEMP_a7bf197b-0db2-467e-824e-be45b39e2672UBERONTEMP_1ae042ee-fe94-41bb-ad04-3dbbf9de8622	C_EQ_1
151	0	UBERON_0006844BFO_0000050UBERON_0004529BFO_0000050UBERON_0013164PATO_0000462	C_EQ_1
151	1	UBERON_0006844BFO_0000050UBERON_0004529BFO_0000050UBERON_0013164PATO_0000467	C_EQ_1
152	0	UBERON_0010008PATO_0000070	C_EQ_1
152	1	UBERON_0010008PATO_0000070	C_EQ_1
153	0	UBERON_3010021PATO_0000462	C_EQ_1
153	0	UBERON_3010031PATO_0000462	C_EQ_2
153	1	UBERON_3010021PATO_0000467	C_EQ_1
153	1	UBERON_3010031PATO_0000467	C_EQ_2
154	0	UBERON_3000162BFO_0000050BSPO_0000082BFO_0000050UBERON_0003129PATO_0000462	C_EQ_1
154	1	UBERON_3000162BFO_0000050BSPO_0000082BFO_0000050UBERON_0003129PATO_0000467	C_EQ_1
155	0	UBERON_0011079PATO_0000467	C_EQ_1
155	1	UBERON_0011079PATO_0000462	C_EQ_1
156	0	UBERON_0002221PATO_0000462	C_EQ_1
156	1	UBERON_0002221PATO_0000467	C_EQ_1
157	0	UBERON_0011598PATO_0000462	C_EQ_1
157	1	UBERON_0011598PATO_0000467	C_EQ_1
158	0	UBERONTEMP_b89569c0-c78e-4d3b-aa70-42bfaf85f452BFO_0000050BSPO_0000079BFO_0000050UBERON_0000468PATO_0000462	C_EQ_1
158	1	UBERONTEMP_b89569c0-c78e-4d3b-aa70-42bfaf85f452BFO_0000050BSPO_0000079BFO_0000050UBERON_0000468PATO_0000467	C_EQ_1
159	0	UBERON_0002542BFO_0000050UBERON_0001443BSPO_0000102UBERON_0002199PATO_0000467	C_EQ_1
159	1	UBERON_0002542BFO_0000050UBERON_0001443BSPO_0000102UBERON_0002199PATO_0000462	C_EQ_1
160	0	UBERON_2002097BSPO_0000102UBERON_2001967PATO_0002285	C_EQ_1
160	1	UBERON_2002097BSPO_0000102UBERON_2001967PATO_0002286	C_EQ_1
161	0	UBERON_0001062PATO_0000122	C_EQ_1
161	1	UBERON_0001062PATO_0000122	C_EQ_1
162	0	UBERON_3001003PATO_0000462	C_EQ_1
162	1	UBERON_3001003PATO_0000467	C_EQ_1
163	0	UBERONTEMP_042b87f9-5e1a-4070-9c56-1e79cd474cdePATO_0000467	C_EQ_1
163	1	UBERONTEMP_042b87f9-5e1a-4070-9c56-1e79cd474cdePATO_0000462	C_EQ_1
164	0	UBERON_0010750PATO_0001505UBERON_0001683	C_EQ_1
164	1	UBERON_0010750PATO_0001961UBERON_0001683	C_EQ_1
165	0	UBERON_0000093BFO_0000050BSPO_0000077BFO_0000050UBERON_0001684PATO_0000462	C_EQ_1
165	1	UBERON_0000093BFO_0000050BSPO_0000077BFO_0000050UBERON_0001684PATO_0000467	C_EQ_1
166	0	UBERONTEMP_1d4e7a81-d385-4100-8f7c-5eee3b0adb52PATO_0000467	C_EQ_1
166	1	UBERON_2001995BFO_0000050UBERONTEMP_1d4e7a81-d385-4100-8f7c-5eee3b0adb52PATO_0000462	C_EQ_1
166	2	UBERONTEMP_1d4e7a81-d385-4100-8f7c-5eee3b0adb52PATO_0000462	C_EQ_1
167	0	UBERON_0003097PATO_0000140PHENOSCAPE_complement_ofPATO_0001933UBERON_0002355	C_EQ_1
167	1	UBERON_0003097PATO_0001933UBERON_0002355	C_EQ_1
168	0	UBERONTEMP_9976c3c2-76ad-4a5a-8eeb-453bf0b47aecPATO_0000467	C_EQ_1
168	0	UBERONTEMP_9976c3c2-76ad-4a5a-8eeb-453bf0b47aecPATO_0001658	C_EQ_2
168	1	UBERON_0004111BFO_0000050UBERON_0001092RO_0002220UBERON_0004096PATO_0000467	C_EQ_1
169	0	UBERONTEMP_d31e7a96-a07f-43a0-82e1-7df554b0f90eBFO_0000050UBERON_0001682BFO_0000050UBERON_0005871PATOTEMP_06e7ed2c-caa3-4c16-b1cf-c156eda2f04b	C_EQ_1
169	1	UBERONTEMP_d31e7a96-a07f-43a0-82e1-7df554b0f90eBFO_0000050UBERON_0001682BFO_0000050UBERON_0005871PATOTEMP_2c9b5f55-81ea-49f8-ae62-206012b21b6f	C_EQ_1
170	0	UBERON_0001075PATOTEMP_84d9e937-e6fa-4f66-8b9c-d5be0aecc840	C_EQ_1
170	1	UBERON_0001075PATOTEMP_48780822-3fd1-43cb-a9d1-1d81e973da86	C_EQ_1
170	2	UBERON_0001075PATOTEMP_26c2aad8-84b2-4a78-b697-cc8f02712462	C_EQ_1
171	0	UBERONTEMP_ccfa76d5-b232-49d6-8140-1d141d0ac162PATO_0001600	C_EQ_1
171	1	UBERONTEMP_ccfa76d5-b232-49d6-8140-1d141d0ac162PATO_0000133PHENOSCAPE_complement_ofPATO_0001600	C_EQ_1
172	0	BSPO_0000072BFO_0000050UBERON_0002397PATO_0001961UBERONTEMP_1f2675bb-5831-4804-9e83-de3be1eb2a73	C_EQ_1
172	1	BSPO_0000072BFO_0000050UBERON_0002397PHENOSCAPE_extends_toUBERONTEMP_1f2675bb-5831-4804-9e83-de3be1eb2a73PATO_0000467	C_EQ_1
173	0	UBERON_3000778PATO_0000467	C_EQ_1
173	1	UBERON_3000778PATO_0000462	C_EQ_1
174	0	UBERON_0002030PATO_0000462	C_EQ_1
174	1	UBERON_0002030PATO_0000467	C_EQ_1
175	0	UBERON_3000365PATO_0000052PHENOSCAPE_complement_ofPATO_0000586	C_EQ_1
175	1	UBERON_3000365PATO_0000586	C_EQ_1
176	0	UBERON_4300006BSPO_0000102UBERON_0003095BSPO_0000098UBERONTEMP_015ccec7-d8bf-4040-aeb9-92d828def752PATO_0000070	C_EQ_1
176	1	UBERON_4300006BSPO_0000102UBERON_0003095BSPO_0000098UBERONTEMP_015ccec7-d8bf-4040-aeb9-92d828def752PATO_0000070	C_EQ_1
177	0	UBERONTEMP_e6de828b-9063-4e42-848b-ae9d4bdb7161PATO_0000467	C_EQ_1
177	1	UBERONTEMP_e6de828b-9063-4e42-848b-ae9d4bdb7161PATO_0000462	C_EQ_1
178	0	UBERON_0004529BFO_0000050BSPO_0000082BFO_0000050UBERON_0000210PATO_0000406	C_EQ_1
178	1	BSPO_0000006BFO_0000050UBERON_0000209PATO_0002272BSPO_0000006BFO_0000050UBERON_0000210	C_EQ_1
179	0	UBERONTEMP_09a9f799-951b-46b4-8dc2-d4d486ff6542PATO_0000462	C_EQ_1
179	1	UBERONTEMP_09a9f799-951b-46b4-8dc2-d4d486ff6542PATO_0000467	C_EQ_1
180	0	UBERONTEMP_3e50fa07-b01a-491f-a67d-11f63e8cf0aaPATO_0000462	C_EQ_1
180	1	UBERONTEMP_3e50fa07-b01a-491f-a67d-11f63e8cf0aaPATO_0000587	C_EQ_1
180	2	UBERONTEMP_3e50fa07-b01a-491f-a67d-11f63e8cf0aaPATO_0000586	C_EQ_1
181	0	UBERONTEMP_1483131a-b5c4-484a-8ffa-0dc5e0a5ef34PATO_0000133UBERONTEMP_4203b16d-bb40-4289-aaae-363363d7db6f	C_EQ_1
181	0	UBERONTEMP_1483131a-b5c4-484a-8ffa-0dc5e0a5ef34PATO_0000133UBERONTEMP_3430efdb-ae20-4568-bce3-888d86cf75ab	C_EQ_2
181	0	UBERONTEMP_1483131a-b5c4-484a-8ffa-0dc5e0a5ef34PATO_0000133UBERONTEMP_1e10c6fb-a36f-4151-957b-7a0aaf6816ba	C_EQ_3
181	1	UBERONTEMP_1483131a-b5c4-484a-8ffa-0dc5e0a5ef34PATO_0000133BSPOTEMP_659dc02e-cee1-49ee-96db-fd1988ce4f99BFO_0000050UBERONTEMP_0805962a-bdbc-4314-8920-327e041a406b	C_EQ_1
181	2	UBERONTEMP_1483131a-b5c4-484a-8ffa-0dc5e0a5ef34PATO_0000133UBERONTEMP_78630a15-e3fb-49ab-8cf5-22f3a640a2c7	C_EQ_1
182	0	UBERON_4200105BFO_0000050UBERON_2001885PATO_0000462	C_EQ_1
182	1	UBERON_4200105BFO_0000050UBERON_2001885PATO_0001495	C_EQ_1
182	2	UBERON_4200105BFO_0000050UBERON_2001885RO_0002219UBERON_0002481PATO_0000467	C_EQ_1
183	0		C_EQ_1
183	1		C_EQ_1
184	0	BSPO_0000006BFO_0000050BSPO_0000084BFO_0000050UBERON_0004742PATO_0002180	C_EQ_1
184	1	BSPO_0000006BFO_0000050BSPO_0000084BFO_0000050UBERON_0004742PATO_0001857	C_EQ_1
184	2	BSPO_0000006BFO_0000050BSPO_0000084BFO_0000050UBERON_0004742PATO_0001355	C_EQ_1
184	3	BSPO_0000006BFO_0000050BSPO_0000084BFO_0000050UBERON_0004742PATO_0001857	C_EQ_1
184	3	BSPO_0000006BFO_0000050BSPO_0000084BFO_0000050UBERON_0004742PATO_0001355	C_EQ_2
185	0	UBERONTEMP_41e8ff4d-2e04-4d81-8db9-a8038e63f76bPATO_0000140PHENOSCAPE_complement_ofPATO_0001961UBERONTEMP_41e8ff4d-2e04-4d81-8db9-a8038e63f76b	C_EQ_1
185	1	UBERONTEMP_41e8ff4d-2e04-4d81-8db9-a8038e63f76bPATO_0001961UBERONTEMP_41e8ff4d-2e04-4d81-8db9-a8038e63f76b	C_EQ_1
186	0	UBERONTEMP_132245e9-1806-4461-be12-6b830560ae8cBFO_0000050UBERON_0003113PATO_0000700	C_EQ_1
186	0	UBERONTEMP_132245e9-1806-4461-be12-6b830560ae8cBFO_0000050UBERON_0003113PATOTEMP_6734e62a-dd4a-43cc-8e59-c6ac7280e12c	C_EQ_2
186	1	UBERONTEMP_132245e9-1806-4461-be12-6b830560ae8cBFO_0000050UBERON_0003113PATOTEMP_7244ce25-b6cc-4e02-a4e2-b7136878f502	C_EQ_1
186	2	UBERONTEMP_132245e9-1806-4461-be12-6b830560ae8cBFO_0000050UBERON_0003113PATO_0000462	C_EQ_1
186	3	UBERONTEMP_132245e9-1806-4461-be12-6b830560ae8cBFO_0000050UBERON_0003113PATO_0000700	C_EQ_1
186	3	UBERONTEMP_132245e9-1806-4461-be12-6b830560ae8cBFO_0000050UBERON_0003113PATO_0002358	C_EQ_2
187	0	UBERON_4100005PHENOSCAPE_extends_toBSPO_0000083BFO_0000050UBERONTEMP_5e221103-9703-4a5a-80d0-87bdf8053c9fPATO_0000467	C_EQ_1
187	0	UBERONTEMP_8f369965-6ce2-4362-8b36-c0e3c7aba9a9PHENOSCAPE_extends_toBSPO_0000083BFO_0000050UBERONTEMP_5e221103-9703-4a5a-80d0-87bdf8053c9fPATO_0000467	C_EQ_2
187	1	UBERON_4100005BFO_0000050UBERON_0003634PATO_0000574UBERONTEMP_5e221103-9703-4a5a-80d0-87bdf8053c9f	C_EQ_1
187	1	UBERONTEMP_8f369965-6ce2-4362-8b36-c0e3c7aba9a9BFO_0000050UBERON_0003634PATO_0000574UBERONTEMP_5e221103-9703-4a5a-80d0-87bdf8053c9f	C_EQ_2
188	0	UBERON_4200018PATO_0000462	C_EQ_1
188	1	UBERON_4200018PATO_0002156	C_EQ_1
188	2	UBERON_4200018PATO_0001600	C_EQ_1
189	0	UBERON_0001300PATO_0002259UBERON_0000989	C_EQ_1
189	1	UBERON_0001300PATO_0001505UBERON_0000989	C_EQ_1
190	0	UBERON_0002542BFO_0000050UBERON_0000033PATO_0000462	C_EQ_1
190	1	UBERON_0002542BFO_0000050UBERON_0000033PATO_0000587	C_EQ_1
190	2	UBERON_0002542BFO_0000050UBERON_0000033PATO_0000586	C_EQ_1
191	0	UBERON_0002542RO_0002220UBERON_2001612PATO_0000052PHENOSCAPE_complement_ofPATO_0001874	C_EQ_1
191	1	UBERON_0002542RO_0002220UBERON_2001612PATO_0001874	C_EQ_1
192	0	UBERON_0003675BFO_0000050UBERON_0003450PATOTEMP_ac648762-1528-41d6-8bfb-778707732343UBERON_0003677	C_EQ_1
192	1	UBERON_0003675BFO_0000050UBERON_0003450PATO_0000052PHENOSCAPE_complement_ofPATOTEMP_ac648762-1528-41d6-8bfb-778707732343UBERON_0003677	C_EQ_1
193	0	UBERON_0004529BFO_0000050UBERON_0001682PATO_0000462	C_EQ_1
193	1	UBERON_0004529BFO_0000050UBERON_0001682PATO_0000467	C_EQ_1
194	0	GOTEMP_700e3679-c375-450b-88a2-3afc9e97b160BFO_0000050UBERON_0000162PATO_0000467	C_EQ_1
194	1	GOTEMP_700e3679-c375-450b-88a2-3afc9e97b160BFO_0000050UBERON_0000162PATO_0000462	C_EQ_1
195	0	UBERON_0010290PATO_0000587	C_EQ_1
195	1	UBERON_0010290PATO_0000586	C_EQ_1
196	0	UBERON_0000209PATO_0001505UBERON_0002397	C_EQ_1
196	1	UBERON_0000209PATO_0001961UBERON_0002397	C_EQ_1
196	2	UBERON_0002397PATO_0000462	C_EQ_1
197	0	UBERONTEMP_d4bf48eb-10b0-4a4b-982a-55fe6154c741BFO_0000050UBERONTEMP_8378426c-67ca-4bab-a9cf-531093b9b95ePATO_0000462	C_EQ_1
197	1	UBERONTEMP_d4bf48eb-10b0-4a4b-982a-55fe6154c741BFO_0000050UBERONTEMP_8378426c-67ca-4bab-a9cf-531093b9b95ePATO_0000467	C_EQ_1
198	0	UBERON_0002199BSPO_0000098UBERON_0002542BFO_0000050UBERON_0001567PATO_0000592	C_EQ_1
198	1	UBERON_0002199BSPO_0000098UBERON_0002542BFO_0000050UBERON_0001567PATO_0000591	C_EQ_1
199	0	UBERONTEMP_2920b9ce-f709-4fe2-ad14-e6726227d3aeBFO_0000050UBERON_0003655PATO_0000406	C_EQ_1
199	1	UBERONTEMP_2920b9ce-f709-4fe2-ad14-e6726227d3aeBFO_0000050UBERON_0003655PATO_0002180	C_EQ_1
200	0	UBERON_0003667PATOTEMP_7b012680-6ad6-4036-98d8-eb31353901e0	C_EQ_1
200	1	UBERON_0003667PATOTEMP_ec46b9e3-49c1-4a90-affe-4d9f4b71cfa0	C_EQ_1
201	0	UBERONTEMP_1dda372d-155b-4362-9858-bf816ab51d78PATO_0000467	C_EQ_1
201	1	UBERONTEMP_1dda372d-155b-4362-9858-bf816ab51d78PATO_0001473	C_EQ_1
201	2	UBERONTEMP_1dda372d-155b-4362-9858-bf816ab51d78PATO_0000462	C_EQ_1
202	0	UBERON_0004746PATO_0001505UBERON_0000210	C_EQ_1
202	1	UBERON_0004746PATO_0001961UBERON_0000210	C_EQ_1
203	0	UBERON_0001430PATO_0000651UBERON_0001431	C_EQ_1
203	1	UBERON_0001430PATO_0000642UBERON_0001431	C_EQ_1
