1	0	UBERONTEMP_4fffbeb1-0774-4eb2-860e-5b50dece221cPATO_0000586	C_EQ_1
1	0	UNKNOWNTEMP_3862c8c3-40e0-4488-a240-f93bc32739ebPATO_0000140BSPOTEMP_7535b6a1-f4ae-467a-8401-8e5ad78bc50bBFO_0000050UBERON_0001708	C_EQ_2
1	1	UBERONTEMP_4fffbeb1-0774-4eb2-860e-5b50dece221cPATO_0000467	C_EQ_1
1	1	UNKNOWNTEMP_3862c8c3-40e0-4488-a240-f93bc32739ebPATO_0000140BSPOTEMP_43b08bf0-7b79-4c56-a8a8-a5a175646bcaBFO_0000050UBERON_0001708	C_EQ_2
1	2	UBERONTEMP_4fffbeb1-0774-4eb2-860e-5b50dece221cPATO_0000462	C_EQ_1
1	2	UNKNOWNTEMP_3862c8c3-40e0-4488-a240-f93bc32739ebPATO_0000140BSPOTEMP_43b08bf0-7b79-4c56-a8a8-a5a175646bcaBFO_0000050UBERON_0001708	C_EQ_2
2	0	UBERONTEMP_043616cc-abac-415d-b5e7-b0e96d27c4baPATO_0000070	C_EQ_1
2	1	UBERONTEMP_043616cc-abac-415d-b5e7-b0e96d27c4baPATO_0000070	C_EQ_1
2	1	UBERON_0003113PATO_0001875	C_EQ_2
3	0	UBERONTEMP_65267252-c554-4d25-acbb-e1d1a95d1367PATO_0000140UBERONTEMP_382249cd-df28-48b2-ba1a-38dc059b3d0c	C_EQ_1
3	1	UBERONTEMP_65267252-c554-4d25-acbb-e1d1a95d1367PATO_0000140UBERONTEMP_382249cd-df28-48b2-ba1a-38dc059b3d0c	C_EQ_1
4	0	UBERON_0001095BFO_0000051UBERON_0001076BFO_0000051UBERON_0006065PATO_0000119PATO_decreased_in_magnitude_relative_toPATO_0000122BFO_0000052UBERON_0001075	C_EQ_1
4	1	UBERON_0001095BFO_0000051UBERON_0001076BFO_0000051UBERON_0006065PATO_0000119PATO_increased_in_magnitude_relative_toPATO_0000122BFO_0000052UBERON_0001075	C_EQ_1
5	0	UBERONTEMP_9784fd41-af57-4b35-8fd6-6f64196109a7PATO_0000467	C_EQ_1
5	0	UBERONTEMP_657f231c-3c4d-4853-a17f-82c710315be6PATO_0000462	C_EQ_2
5	1	UBERONTEMP_657f231c-3c4d-4853-a17f-82c710315be6PATO_0000467	C_EQ_1
5	1	UBERONTEMP_9784fd41-af57-4b35-8fd6-6f64196109a7PATO_0000467	C_EQ_2
5	2	CL_0000855PATO_0000299	C_EQ_1
5	2	CL_0000855PATO_0000300	C_EQ_2
6	0	UBERON_3000003PATO_0000462	C_EQ_1
6	0	UBERON_3000003PATO_0001961UBERON_0001681	C_EQ_2
6	1	UBERON_3000003PATO_0000569	C_EQ_1
6	1	UBERON_3000003PATO_0000140UBERON_0001681	C_EQ_2
6	2	UBERON_3000003PATO_0001961UBERON_0000209	C_EQ_1
6	2	UBERON_0004529BFO_0000050BSPO_0000072BFO_0000050UBERON_3000003PATO_0000140UBERON_0001681	C_EQ_2
6	3		C_EQ_1
6	4		C_EQ_1
7	0	UBERONTEMP_a49f340d-34d5-487f-aeb8-a5f21b794526PATO_0000462	C_EQ_1
7	1	UBERONTEMP_a49f340d-34d5-487f-aeb8-a5f21b794526PATO_0000467	C_EQ_1
8	0	UBERON_0004529BFO_0000050BSPO_0000084BFO_0000050UBERON_0004626PATO_0000462	C_EQ_1
8	0	UBERON_0004529BFO_0000050BSPO_0000084BFO_0000050UBERON_0004626PATO_0002235	C_EQ_2
8	0	UBERON_0004529BFO_0000050BSPO_0000084BFO_0000050UBERON_0004627PATO_0000462	C_EQ_3
8	0	UBERON_0004529BFO_0000050BSPO_0000084BFO_0000050UBERON_0004627PATO_0002235	C_EQ_4
8	1	UBERON_0004529BFO_0000050BSPO_0000084BFO_0000050UBERON_0004626PATO_0001890	C_EQ_1
8	1	UBERON_0004529BFO_0000050BSPO_0000084BFO_0000050UBERON_0004627PATO_0001890	C_EQ_2
9	0	UBERONTEMP_771d4bfd-8447-4e10-8284-2c6e2362eeb4PATO_0000141	C_EQ_1
9	1	UBERONTEMP_771d4bfd-8447-4e10-8284-2c6e2362eeb4PATO_0000141	C_EQ_1
10	0	UBERONTEMP_160a7d88-ce21-4e9f-bc46-5cb40d86b259PATO_0001633UBERON_0006054	C_EQ_1
10	1	UBERONTEMP_160a7d88-ce21-4e9f-bc46-5cb40d86b259PATO_0002443UBERON_0006054	C_EQ_1
10	2	UBERONTEMP_160a7d88-ce21-4e9f-bc46-5cb40d86b259PATO_0001632UBERON_0006054	C_EQ_1
11	0	UBERONTEMP_227c8fa9-af2b-4301-9c95-641d39864df6PATO_0000587	C_EQ_1
11	1	UBERONTEMP_227c8fa9-af2b-4301-9c95-641d39864df6PATO_0001154	C_EQ_1
11	1	UBERONTEMP_227c8fa9-af2b-4301-9c95-641d39864df6PATO_0000599	C_EQ_2
12	0	UBERONTEMP_3bde5870-7193-4f1c-a9c3-930cef534038BFO_0000050UBERON_0003100PATO_0000462	C_EQ_1
12	1	UBERONTEMP_3bde5870-7193-4f1c-a9c3-930cef534038BFO_0000050UBERON_0003100PATO_0000467	C_EQ_1
13	0	UBERON_0002228RO_0002150UBERON_0003690PATO_0001961UBERON_0001273	C_EQ_1
13	1	UBERON_0002228RO_0002150UBERON_0003690PATO_0001505UBERON_0001273	C_EQ_1
14	0	UBERON_2001805PATO_0001505UBERON_0011637	C_EQ_1
14	1	UBERON_2001805PATO_0000642UBERON_0011637	C_EQ_1
15	0	UBERON_0001424PATO_0000574UBERON_0000976	C_EQ_1
15	1	UBERON_0001424PATO_0000573UBERON_0000976	C_EQ_1
16	0	UBERON_0001003PATO_0000140UBERON_0000162BFO_0000050UBERON_0003100	C_EQ_1
16	1	UBERON_0001003PATO_0000140UBERON_0000162BFO_0000050UBERON_0003100	C_EQ_1
17	0	UBERON_4200135BSPO_0000120UBERON_0000468PATO_0001505UBERON_4200135BSPO_0000121UBERON_0000468	C_EQ_1
17	1	UBERON_4200135BSPO_0000120UBERON_0000468PATO_0000642UBERON_4200135BSPO_0000121UBERON_0000468	C_EQ_1
18	0	UBERON_0002396BSPO_0000120UBERON_0000468PATO_0001505UBERON_0002396BSPO_0000121UBERON_0000468	C_EQ_1
18	1	UBERON_0002396BSPO_0000120UBERON_0000468PATO_0000642UBERON_0002396BSPO_0000121UBERON_0000468	C_EQ_1
19	0	UBERONTEMP_b0379d68-e54b-4dac-851c-0336cfb85a8fPATOTEMP_90096f39-aa24-414f-b81a-58ac76cd112c	C_EQ_1
19	1	UBERONTEMP_b0379d68-e54b-4dac-851c-0336cfb85a8fPATOTEMP_8266f831-455f-44f9-ab48-af5e68f51391	C_EQ_1
19	2	UBERONTEMP_b0379d68-e54b-4dac-851c-0336cfb85a8fPATO_0000462	C_EQ_1
20	0	UBERON_0001695PATO_0001961UBERON_0000210	C_EQ_1
20	0	UBERON_0001695PATO_0001961UBERON_0003113	C_EQ_2
20	1	UBERON_0001695PATO_0001505UBERON_0000210	C_EQ_1
20	1	UBERON_0001695PATO_0001505UBERON_0003113	C_EQ_2
21	0	UBERON_0004704BFO_0000050BSPO_0000079BFO_0000050UBERON_0004328PATO_0000070	C_EQ_1
21	1	UBERON_0004704BFO_0000050BSPO_0000079BFO_0000050UBERON_0004328PATO_0000070	C_EQ_1
22	0	UBERON_2000356PATO_0000122PATO_increased_in_magnitude_relative_toPATO_0000921BFO_0000052UBERON_2000356	C_EQ_1
22	1	UBERON_2000356PATO_0000921PATO_increased_in_magnitude_relative_toPATO_0000122BFO_0000052UBERON_2000356	C_EQ_1
23	0	UBERON_0002397BSPO_0000120UBERON_0000468BSPO_0000099UBERONTEMP_18a5dd1b-1213-471f-9a0b-06190b1ecf2cPATO_0001505UBERON_0002397BSPO_0000121UBERON_0000468BSPO_0000099UBERONTEMP_18a5dd1b-1213-471f-9a0b-06190b1ecf2c	C_EQ_1
23	1	UBERON_0002397BSPO_0000120UBERON_0000468BSPO_0000099UBERONTEMP_18a5dd1b-1213-471f-9a0b-06190b1ecf2cPATO_0001961UBERON_0002397BSPO_0000121UBERON_0000468BSPO_0000099UBERONTEMP_18a5dd1b-1213-471f-9a0b-06190b1ecf2c	C_EQ_1
24	0	UBERONTEMP_65292031-1a72-4f0a-a385-a479e6a8625fPATO_0001961UBERONTEMP_0261cdfc-5e94-4560-8b5c-488f9f2194ca	C_EQ_1
24	1	UBERONTEMP_65292031-1a72-4f0a-a385-a479e6a8625fPATO_0001505UBERONTEMP_0261cdfc-5e94-4560-8b5c-488f9f2194ca	C_EQ_1
25	0	UBERONTEMP_c97fd8d8-cf3e-4326-938d-bea58477423dPATO_0000462	C_EQ_1
25	1	UBERONTEMP_c97fd8d8-cf3e-4326-938d-bea58477423dPATO_0000467	C_EQ_1
26	0	UBERON_0000152BSPO_0000120UBERON_0000468PATO_0002233UBERON_0000152BSPO_0000121UBERON_0000468	C_EQ_1
26	1	UBERON_0000152BSPO_0000120UBERON_0000468PATO_0001590UBERON_0000152BSPO_0000121UBERON_0000468	C_EQ_1
26	1	UBERON_0000152BSPO_0000120UBERON_0000468PATO_0002259UBERON_0000152BSPO_0000121UBERON_0000468	C_EQ_2
27	0	UBERON_0002228BSPO_0000099UBERON_0001092PATOTEMP_05e2dbcc-ba43-40e1-a80c-af1fdcb368b2	C_EQ_1
27	1	UBERON_0002228BSPO_0000099UBERON_0001092PATOTEMP_09c64970-0329-4bad-9e19-2d2a9995742c	C_EQ_1
28	0	UBERON_2002283BFO_0000050UBERON_4000164PATO_0000467	C_EQ_1
28	1	UBERON_2002283BFO_0000050UBERON_4000164BFO_0000050UBERON_2000178PATO_0000467	C_EQ_1
28	1	UBERON_2002283BFO_0000050UBERON_4000164BFO_0000050UBERON_2000178PATOTEMP_a5ae04f1-1601-4881-b043-f326b6a2861b	C_EQ_2
29	0	UBERONTEMP_e32cebb4-2761-416b-aa1a-e94abfde6f99BFO_0000050UBERON_0003101PATO_0000462	C_EQ_1
29	1	UBERONTEMP_e32cebb4-2761-416b-aa1a-e94abfde6f99PATO_0000467	C_EQ_1
30	0	UBERON_2000422PATO_0000140PHENOSCAPE_complement_ofPATOTEMP_b65b4440-adac-459d-a9ec-dd491662621eUBERON_0004529BFO_0000050UBERON_0004744	C_EQ_1
30	1	UBERON_2000422PATOTEMP_b65b4440-adac-459d-a9ec-dd491662621eUBERON_0004529BFO_0000050UBERON_0004744	C_EQ_1
31	0	UBERON_0005094BFO_0000053PATOTEMP_6734e62a-dd4a-43cc-8e59-c6ac7280e12cPATO_0000462	C_EQ_1
31	1	UBERON_0005094BFO_0000053PATOTEMP_6734e62a-dd4a-43cc-8e59-c6ac7280e12cPATO_0000467	C_EQ_1
32	0	UBERONTEMP_0238a879-c73c-4c7a-953b-9f5cda48db02PATO_0000467	C_EQ_1
32	1	UBERONTEMP_0238a879-c73c-4c7a-953b-9f5cda48db02PATO_0000462	C_EQ_1
33	0	UBERON_0004649PATO_0002391	C_EQ_1
33	0	UBERON_0004529BFO_0000050BSPO_0000028BFO_0000050UBERON_0004649PATO_0000467	C_EQ_2
33	0	UBERON_0004529BFO_0000050BSPO_0000029BFO_0000050UBERON_0004649PATO_0000467	C_EQ_3
33	1	UBERON_0004529BFO_0000050BSPO_0000050BFO_0000050UBERON_0004649PATO_0000467	C_EQ_1
33	2	UBERON_0004649PATOTEMP_22a6171a-d202-4f19-baa9-e90d18079c0f	C_EQ_1
33	2	UBERON_0004529BFO_0000050BSPO_0000050BFO_0000050UBERON_0004649PATO_0000467	C_EQ_2
33	2	UBERON_0004529BFO_0000050BSPO_0000028BFO_0000050UBERON_0004649PATO_0000467	C_EQ_3
33	3	UBERON_0004649PATOTEMP_517eec99-06f8-46b2-a906-c20b72edcd9d	C_EQ_1
33	3	UBERON_0004649PATO_0000588	C_EQ_2
33	4	UBERON_0004649PATO_0000462	C_EQ_1
34	0	UBERON_0004111BFO_0000050UBERONTEMP_1ab99cc2-1435-4a9f-ade0-4e3b8efc8774PATO_0002261UBERON_0006428	C_EQ_1
34	1	UBERON_0004111BFO_0000050UBERONTEMP_1ab99cc2-1435-4a9f-ade0-4e3b8efc8774PATO_0002261UBERON_0006428	C_EQ_1
34	1	UBERON_0004111BFO_0000050UBERONTEMP_1ab99cc2-1435-4a9f-ade0-4e3b8efc8774PATO_0002261UBERON_0004746	C_EQ_2
34	2	UBERON_0004111BFO_0000050UBERONTEMP_1ab99cc2-1435-4a9f-ade0-4e3b8efc8774PATO_0002261UBERON_0004746	C_EQ_1
34	2	UBERON_0004111BFO_0000050UBERONTEMP_1ab99cc2-1435-4a9f-ade0-4e3b8efc8774PATO_0000140PHENOSCAPE_complement_ofPATO_0002261UBERON_0006428	C_EQ_2
34	3	UBERON_0004111BFO_0000050UBERONTEMP_1ab99cc2-1435-4a9f-ade0-4e3b8efc8774PATO_0002261UBERON_0006428	C_EQ_1
34	3	UBERON_0004111BFO_0000050UBERONTEMP_1ab99cc2-1435-4a9f-ade0-4e3b8efc8774PATO_0002261UBERON_0000210	C_EQ_2
35	0	UBERONTEMP_14c28c28-237e-435d-9883-8dff529e64ccPATO_0000467	C_EQ_1
35	1	UBERONTEMP_14c28c28-237e-435d-9883-8dff529e64ccPATO_0000462	C_EQ_1
36	0	UBERON_0001091UBERON_attaches_toUBERONTEMP_25ba6edf-9fd6-45cc-ad06-7952cb6cd227PATO_0002021	C_EQ_1
36	1	UBERON_0001091UBERON_attaches_toUBERONTEMP_25ba6edf-9fd6-45cc-ad06-7952cb6cd227PATO_0002281	C_EQ_1
36	1	UBERON_0001091UBERON_attaches_toUBERONTEMP_25ba6edf-9fd6-45cc-ad06-7952cb6cd227PATOTEMP_36446e65-e986-4e46-8d62-bc7830f6d407	C_EQ_2
37	0	UBERONTEMP_ad1e8bd6-4d61-4902-aeb8-3f72123c14dfRO_0002220UBERON_0000970RO_0002220UBERON_0000165PATO_0000462	C_EQ_1
37	1	UBERONTEMP_ad1e8bd6-4d61-4902-aeb8-3f72123c14dfRO_0002220UBERON_0000970RO_0002220UBERON_0000165PATO_0000467	C_EQ_1
38	0	UBERON_0005813PATO_0000462	C_EQ_1
38	1	UBERON_0005813PATO_0000467	C_EQ_1
38	2	UBERON_0005813BFO_0000050UBERONTEMP_080c03c2-7703-4e20-86a6-92044baec6b3PATO_0000467	C_EQ_1
39	0	UBERONTEMP_2e068f89-ba31-4035-b718-01a2728a7346BFO_0000053PATOTEMP_6734e62a-dd4a-43cc-8e59-c6ac7280e12cPATO_0000462	C_EQ_1
39	1	UBERONTEMP_2e068f89-ba31-4035-b718-01a2728a7346BFO_0000053PATOTEMP_6734e62a-dd4a-43cc-8e59-c6ac7280e12cPATO_0001925	C_EQ_1
39	2	UBERONTEMP_2e068f89-ba31-4035-b718-01a2728a7346BFO_0000053PATOTEMP_6734e62a-dd4a-43cc-8e59-c6ac7280e12cPATO_0001925	C_EQ_1
39	3	UBERONTEMP_2e068f89-ba31-4035-b718-01a2728a7346BFO_0000053PATOTEMP_6734e62a-dd4a-43cc-8e59-c6ac7280e12cPATO_0001925	C_EQ_1
40	0	BSPO_0000071BFO_0000050UBERON_0001681PATO_0001633BSPO_0000082BFO_0000050UBERON_0001681	C_EQ_1
40	1	BSPO_0000071BFO_0000050UBERON_0001681PATO_0002180	C_EQ_1
40	2	BSPO_0000071BFO_0000050UBERON_0001681PATO_0001632BSPO_0000082BFO_0000050UBERON_0001681	C_EQ_1
41	0	UBERONTEMP_77dc0e17-6de8-4115-a7f6-9e692dab9029PATO_0000052PHENOSCAPE_complement_ofPATO_0002232	C_EQ_1
41	0	BSPO_0000029BFO_0000050UBERONTEMP_77dc0e17-6de8-4115-a7f6-9e692dab9029PATO_0000052PHENOSCAPE_complement_ofPATO_0001857	C_EQ_2
41	1	UBERONTEMP_77dc0e17-6de8-4115-a7f6-9e692dab9029PATO_0002232	C_EQ_1
41	1	BSPO_0000029BFO_0000050UBERONTEMP_77dc0e17-6de8-4115-a7f6-9e692dab9029PATO_0001857	C_EQ_2
42	0	UBERON_0011593PATOTEMP_29ad821b-73f5-4581-b432-4ebe605ca098	C_EQ_1
42	1	UBERON_0011593PATO_0002397	C_EQ_1
42	2	UBERON_0011593PATOTEMP_087499bc-048c-457c-9c34-825be4871066	C_EQ_1
43	0	BSPO_0000084BFO_0000050UBERON_0001092PATOTEMP_08f33581-2b05-477a-9213-dda0e0972f7aUBERON_0002412BSPO_0000099UBERON_0001092	C_EQ_1
43	1	BSPO_0000084BFO_0000050UBERON_0001092PATO_0000574UBERON_0002412BSPO_0000099UBERON_0001092	C_EQ_1
43	2	BSPO_0000084BFO_0000050UBERON_0001092PATO_0000573UBERON_0002412BSPO_0000099UBERON_0001092	C_EQ_1
44	0	UBERONTEMP_8c5bfe06-2d2f-4fb0-a007-d95f0c9d6ff0PATO_0001505UBERONTEMP_f8e06136-ea33-4350-86f8-ae94bee54e43	C_EQ_1
44	0	UBERONTEMP_8c5bfe06-2d2f-4fb0-a007-d95f0c9d6ff0PATO_0001505UBERONTEMP_1464c6a6-3dfd-4012-a7f9-2345d6c35a4d	C_EQ_2
44	1	UBERONTEMP_8c5bfe06-2d2f-4fb0-a007-d95f0c9d6ff0PATO_0002278UBERONTEMP_1464c6a6-3dfd-4012-a7f9-2345d6c35a4d	C_EQ_1
44	1	UBERONTEMP_8c5bfe06-2d2f-4fb0-a007-d95f0c9d6ff0PATO_0002278UBERONTEMP_f8e06136-ea33-4350-86f8-ae94bee54e43	C_EQ_2
45	0	UBERON_0010516PATO_0000141	C_EQ_1
45	1	UBERON_0010516PATO_0000141	C_EQ_1
46	0	UBERONTEMP_56dad3b4-46b2-4823-a7b2-88a10ef98ae3BFO_0000050UBERONTEMP_2e068f89-ba31-4035-b718-01a2728a7346PATO_0000462	C_EQ_1
46	0	UBERON_0000914BFO_0000050UBERONTEMP_2e068f89-ba31-4035-b718-01a2728a7346PATO_0000462	C_EQ_2
46	1	UBERONTEMP_56dad3b4-46b2-4823-a7b2-88a10ef98ae3BFO_0000050UBERONTEMP_2e068f89-ba31-4035-b718-01a2728a7346PATO_0000467	C_EQ_1
46	1	UBERON_0000914BFO_0000050UBERONTEMP_2e068f89-ba31-4035-b718-01a2728a7346PATO_0000467	C_EQ_2
47	0	UBERON_3000543PATOTEMP_be5ee941-906d-4f7d-9995-8f7c5dc0fcfeUBERON_2001805	C_EQ_1
47	1	UBERON_3000543PATOTEMP_be5ee941-906d-4f7d-9995-8f7c5dc0fcfeUBERON_0011636	C_EQ_1
47	1	UBERON_3000543PATOTEMP_be5ee941-906d-4f7d-9995-8f7c5dc0fcfeUBERON_2001805	C_EQ_2
47	1	UBERON_3000543PATOTEMP_be5ee941-906d-4f7d-9995-8f7c5dc0fcfeUBERON_0011079	C_EQ_3
47	1	UBERON_3000543PATOTEMP_be5ee941-906d-4f7d-9995-8f7c5dc0fcfeUBERON_0011637	C_EQ_4
47	1	UBERON_3000543PATO_0001890	C_EQ_5
48	0	BSPO_0000071BFO_0000050UBERON_0010889PATO_0000587	C_EQ_1
48	0	BSPO_0000082BFO_0000050UBERON_0010889PATO_0000587	C_EQ_2
48	1	UBERON_0010889PATO_0002253	C_EQ_1
48	1	BSPO_0000071BFO_0000050UBERON_0010889PATO_0000586	C_EQ_2
48	1	BSPO_0000679BFO_0000050UBERON_0010889PATO_0000642UBERON_0000209	C_EQ_3
48	2	UBERON_0010889PATO_0002376	C_EQ_1
48	2	BSPO_0000029BFO_0000050UBERON_0010889PATO_0000586	C_EQ_2
48	2	BSPO_0000679BFO_0000050UBERON_0010889PATO_0000642UBERON_0000209	C_EQ_3
49	0	UBERONTEMP_df278a3c-58fe-4442-9611-22473117a50dPATO_0000140PHENOSCAPE_complement_ofPATOTEMP_cff1bd0c-3563-4142-af20-cbc4d984b6f6UBERON_0000309	C_EQ_1
49	1	UBERONTEMP_df278a3c-58fe-4442-9611-22473117a50dPATOTEMP_cff1bd0c-3563-4142-af20-cbc4d984b6f6UBERON_0000309	C_EQ_1
50	0	UNKNOWNTEMP_3862c8c3-40e0-4488-a240-f93bc32739ebBFO_0000052UBERONTEMP_31f522c3-c02f-42a7-b998-4881dffb8536PATO_0000462	C_EQ_1
50	1	UNKNOWNTEMP_3862c8c3-40e0-4488-a240-f93bc32739ebBFO_0000052UBERONTEMP_31f522c3-c02f-42a7-b998-4881dffb8536PATO_0000467	C_EQ_1
51	0	UBERONTEMP_4d719e1e-df5d-4735-9490-45e6e22b549aRO_0002220UBERONTEMP_2937dfe8-d5be-48e6-a67e-2f1c11dbc7d5PATO_0000573BSPO_0000070BFO_0000050UBERON_0000210BSPO_0000096UBERONTEMP_2937dfe8-d5be-48e6-a67e-2f1c11dbc7d5	C_EQ_1
51	1	UBERONTEMP_4d719e1e-df5d-4735-9490-45e6e22b549aRO_0002220UBERONTEMP_2937dfe8-d5be-48e6-a67e-2f1c11dbc7d5PATO_0000574BSPO_0000070BFO_0000050UBERON_0000210BSPO_0000096UBERONTEMP_2937dfe8-d5be-48e6-a67e-2f1c11dbc7d5	C_EQ_1
51	2	UBERONTEMP_4d719e1e-df5d-4735-9490-45e6e22b549aPATO_0000462	C_EQ_1
52	0	UBERON_2002053BFO_0000050BSPO_0000084BFO_0000050UBERON_0000468PATO_0000462	C_EQ_1
52	1	UBERON_2002053BFO_0000050BSPO_0000084BFO_0000050UBERON_0000468PATO_0000467	C_EQ_1
53	0	UBERON_0004111BFO_0000050UBERON_0000210PATO_0000070	C_EQ_1
53	1	UBERON_0004111BFO_0000050UBERON_0000210PATO_0000070	C_EQ_1
54	0	UBERON_0010202PATO_0000140PHENOSCAPE_complement_ofPATOTEMP_93532faa-3257-4395-8d05-3ad8a817c343UBERON_0002542	C_EQ_1
54	1	UBERON_0010202PATOTEMP_93532faa-3257-4395-8d05-3ad8a817c343UBERON_0002542	C_EQ_1
55	0	UBERON_2001737PATOTEMP_00070c57-8765-451b-978f-0b8f877bb858UBERON_0004743	C_EQ_1
55	1	UBERON_2001737PATOTEMP_00070c57-8765-451b-978f-0b8f877bb858UBERON_0004743	C_EQ_1
55	1	UBERON_2001737PATOTEMP_00070c57-8765-451b-978f-0b8f877bb858UBERON_0006849	C_EQ_2
55	2	UBERON_2001737PATO_0000462	C_EQ_1
56	0	UBERON_0010750PATO_0000467	C_EQ_1
56	1	UBERON_0010750PATO_0000462	C_EQ_1
57	0	UBERON_2001967PATO_0002397	C_EQ_1
57	1	UBERON_2001967PATO_0001891	C_EQ_1
58	0	UBERONTEMP_564591e3-9bc7-4328-88bd-e9847b5c0d87BFO_0000050UBERONTEMP_372c02ad-f2bd-4cf8-b55c-9b686c3d62f4PATO_0000070	C_EQ_1
58	0	UBERONTEMP_564591e3-9bc7-4328-88bd-e9847b5c0d87BFO_0000050UBERONTEMP_372c02ad-f2bd-4cf8-b55c-9b686c3d62f4PATO_0000141	C_EQ_2
58	1	UBERONTEMP_564591e3-9bc7-4328-88bd-e9847b5c0d87BFO_0000050UBERONTEMP_372c02ad-f2bd-4cf8-b55c-9b686c3d62f4PATO_0000070	C_EQ_1
58	1	UBERONTEMP_564591e3-9bc7-4328-88bd-e9847b5c0d87BFO_0000050UBERONTEMP_372c02ad-f2bd-4cf8-b55c-9b686c3d62f4PATO_0000141	C_EQ_2
59	0	UBERON_0003624PATO_0000573UBERON_0003623	C_EQ_1
59	1	UBERON_0003623PATO_0000573UBERON_0003624	C_EQ_1
60	0	UBERON_0000468PATO_0002212	C_EQ_1
60	0	UBERON_0000468PATOTEMP_3e330874-e8c0-487c-9288-3dd24b00881e	C_EQ_2
60	1	UBERON_0000468PATO_0001596	C_EQ_1
61	0	UBERON_0011079PATO_0000467	C_EQ_1
61	1	UBERON_0011079PATO_0000462	C_EQ_1
62	0	UBERONTEMP_9ca0bda7-9111-4f59-bc72-5d47bc3d7d61PATO_0000140PHENOSCAPE_complement_ofPATOTEMP_806b4c46-359e-4bdb-ab4d-651f1f542e60BSPO_0000079BSPO_0000099UBERON_0004637	C_EQ_1
62	1	UBERONTEMP_9ca0bda7-9111-4f59-bc72-5d47bc3d7d61PATOTEMP_806b4c46-359e-4bdb-ab4d-651f1f542e60BSPO_0000079BSPO_0000099UBERON_0004637	C_EQ_1
63	0	UBERONTEMP_cb7c3969-f86b-406f-91c8-55edd9cc9afaPATO_0000587	C_EQ_1
63	1	UBERONTEMP_cb7c3969-f86b-406f-91c8-55edd9cc9afaPATO_0000586UBERON_0001269	C_EQ_1
63	1	UBERONTEMP_cb7c3969-f86b-406f-91c8-55edd9cc9afaPATOTEMP_4f64ba78-f8f2-49ac-a6e4-a7a45344b603UBERON_0001269	C_EQ_2
64	0	UBERONTEMP_2ce13942-7494-4362-88e4-998b6b265619PATOTEMP_0bedf10a-5d59-4a03-894a-3d057303b20eUBERONTEMP_b6073a7c-f7d2-4395-87df-aee1b129357b	C_EQ_1
64	1	UBERONTEMP_2ce13942-7494-4362-88e4-998b6b265619PATO_0000570UBERONTEMP_b6073a7c-f7d2-4395-87df-aee1b129357b	C_EQ_1
65	0	UBERON_0001533PATOTEMP_2ed71749-ce64-49f4-a0f9-fded4f421183UBERON_0003120	C_EQ_1
65	0	UBERON_0001533PATOTEMP_2ed71749-ce64-49f4-a0f9-fded4f421183UBERON_0003121	C_EQ_2
65	1	UBERON_0001533PATOTEMP_2ed71749-ce64-49f4-a0f9-fded4f421183UBERON_0001530	C_EQ_1
65	2	UBERON_0001533PATOTEMP_2ed71749-ce64-49f4-a0f9-fded4f421183BSPO_0000070BSPO_0000096UBERON_3010219BSPO_0000096UBERON_3010218	C_EQ_1
65	3		C_EQ_1
66	0	UBERON_0004529PHENOSCAPE_extends_fromUBERON_2000911PHENOSCAPE_extends_toUBERON_0001080BFO_0000050UBERON_0004612PATO_0000462	C_EQ_1
66	1	UBERON_0004529PHENOSCAPE_extends_fromUBERON_2000911PHENOSCAPE_extends_toUBERON_0001080BFO_0000050UBERON_0004612PATO_0000467	C_EQ_1
67	0	UBERON_0002244BSPO_0000120UBERON_0000468PATO_0001505UBERON_0002244BSPO_0000121UBERON_0000468	C_EQ_1
67	1	UBERON_0002244BSPO_0000120UBERON_0000468PATO_0000642UBERON_0002244BSPO_0000121UBERON_0000468	C_EQ_1
68	0	UBERONTEMP_e1c1764a-61b5-4dce-8a59-7ca5a9de0a0bPATO_0000140UBERON_0004637	C_EQ_1
68	1	UBERONTEMP_e1c1764a-61b5-4dce-8a59-7ca5a9de0a0bPATO_0000140UBERON_0004637	C_EQ_1
69	0	UBERONTEMP_2b933bd2-0562-4624-8d49-ec5325a2da54BFO_0000053PATO_0002359PATO_0000462	C_EQ_1
69	1	UBERONTEMP_2b933bd2-0562-4624-8d49-ec5325a2da54BFO_0000053PATO_0002359PATO_0000467	C_EQ_1
70	0	UBERON_0001716PATO_0000462	C_EQ_1
70	1	UBERON_0004529BFO_0000050BSPO_0000112BFO_0000050UBERON_0001716PATO_0001590UBERONTEMP_40f3ccb2-6447-4d14-b3db-b1c4bb41464b	C_EQ_1
70	2	UBERON_0004529BFO_0000050BSPO_0000112BFO_0000050UBERON_0001716PATO_0001590UBERON_0004529BFO_0000050BSPO_0000069BFO_0000050UBERON_0001716	C_EQ_1
70	3	UBERON_0001716PATO_0001961UBERON_0001716	C_EQ_1
71	0	UBERON_3000190PATO_0000462	C_EQ_1
71	1	UBERON_3000190PATOTEMP_00070c57-8765-451b-978f-0b8f877bb858UBERON_3010146	C_EQ_1
71	1	UBERON_3000190PATOTEMP_00070c57-8765-451b-978f-0b8f877bb858UBERON_0001682	C_EQ_2
71	2	UBERON_3000190PATOTEMP_00070c57-8765-451b-978f-0b8f877bb858UBERON_3010146	C_EQ_1
71	2	UBERON_3000190PATOTEMP_00070c57-8765-451b-978f-0b8f877bb858UBERON_0001682	C_EQ_2
71	2	UBERON_3000190PATOTEMP_00070c57-8765-451b-978f-0b8f877bb858UBERON_0010750	C_EQ_3
71	2	UBERON_3000190PATOTEMP_00070c57-8765-451b-978f-0b8f877bb858UBERON_0002397	C_EQ_4
72	0	BSPO_0000682BFO_0000050UBERONTEMP_a3287636-2522-466e-9310-942cc1f3cd35PATO_0000052PHENOSCAPE_complement_ofPATO_0001495	C_EQ_1
72	1	BSPO_0000682BFO_0000050UBERONTEMP_a3287636-2522-466e-9310-942cc1f3cd35PATO_0001495	C_EQ_1
73	0	BSPO_0000072BFO_0000050UBERON_0004743PATO_0000052PHENOSCAPE_complement_ofPATO_0002234	C_EQ_1
73	1	BSPO_0000072BFO_0000050UBERON_0004743PATO_0002234	C_EQ_1
74	0	UBERON_2001632PATO_0000467	C_EQ_1
74	1	UBERON_2001632PATO_0000462	C_EQ_1
75	0	UBERONTEMP_7cc05fde-b247-4277-9fe9-be69f299ee72PATO_0000600	C_EQ_1
75	0	BSPO_0000072BFO_0000050UBERON_0004745PATO_0000467	C_EQ_2
75	1	UBERONTEMP_7cc05fde-b247-4277-9fe9-be69f299ee72PATO_0000462	C_EQ_1
75	1	BSPO_0000072BFO_0000050UBERON_0004745PATO_0000599	C_EQ_2
76	0	UBERON_0000165BFO_0000051UBERONTEMP_d176af29-e3f6-4cfa-a8ee-d26740652bfdPATO_0000573	C_EQ_1
76	0	UBERON_0000165BFO_0000051UBERONTEMP_d176af29-e3f6-4cfa-a8ee-d26740652bfdPATOTEMP_8db5b1bf-0fd1-4d65-a1d3-6fbb9c48b74aBSPO_0000671BFO_0000050UBERON_2001967	C_EQ_2
76	1	UBERON_0000165BFO_0000051UBERONTEMP_d176af29-e3f6-4cfa-a8ee-d26740652bfdPATO_0000574	C_EQ_1
76	1	UBERON_0000165BFO_0000051UBERONTEMP_d176af29-e3f6-4cfa-a8ee-d26740652bfdPATO_0000140PHENOSCAPE_complement_ofPATOTEMP_8db5b1bf-0fd1-4d65-a1d3-6fbb9c48b74aBSPO_0000671BFO_0000050UBERON_2001967	C_EQ_2
77	0	UBERONTEMP_0ac04df7-2f9b-4c8a-bb52-f46b396e82b9PATO_0002261UBERONTEMP_65e056b3-ec2f-4eba-a8e5-c12b137f1060	C_EQ_1
77	1	UBERONTEMP_0ac04df7-2f9b-4c8a-bb52-f46b396e82b9PATO_0000587	C_EQ_1
77	1	UBERONTEMP_0ac04df7-2f9b-4c8a-bb52-f46b396e82b9PATO_0000462	C_EQ_2
78	0	UBERON_0001107PATO_0000462	C_EQ_1
78	1	UBERON_0001107PATO_0000467	C_EQ_1
79	0	UBERONTEMP_5b20659c-8d12-4809-9f5a-ad4bb047fc65PATO_0001505UBERON_0001688	C_EQ_1
79	1	UBERONTEMP_5b20659c-8d12-4809-9f5a-ad4bb047fc65PATO_0001961UBERON_0001688	C_EQ_1
80	0	UBERON_0000088PATO_0000462	C_EQ_1
80	1	UBERON_0000088PATO_0000467	C_EQ_1
81	0	UBERONTEMP_0eca0bcc-9e29-446d-bd9a-619176176347UBERON_has_muscle_insertionUBERON_0004337PATO_0000462	C_EQ_1
81	1	UBERONTEMP_0eca0bcc-9e29-446d-bd9a-619176176347UBERON_has_muscle_insertionUBERON_0004337PATO_0000467	C_EQ_1
82	0	UBERON_4200037PATO_0000586	C_EQ_1
82	0	UBERON_0006846RO_0002220UBERON_0004652RO_0002220UBERON_4200037PATO_0000467	C_EQ_2
82	0	UBERON_4200037PATOTEMP_a4fdce41-a94e-44b8-af9f-733cad982efbUBERON_0004652	C_EQ_3
82	1	UBERON_4200037PATO_0000586	C_EQ_1
82	1	UBERON_4200037PATO_0002272UBERON_0004652	C_EQ_2
82	1	UBERON_0006846RO_0002220UBERON_0004652RO_0002220UBERON_4200037PATO_0000467	C_EQ_3
82	2	UBERON_4200037PATO_0000587	C_EQ_1
82	2	UBERON_4200037PATOTEMP_7e0f3ba2-db14-4413-bd25-d910c11ac25fUBERON_0004652	C_EQ_2
83	0	UBERONTEMP_021ff296-2e02-4da5-af3b-b3e7220ac03bBFO_0000050BSPO_0000082BFO_0000050UBERON_0001834PATO_0000462	C_EQ_1
83	0	UBERONTEMP_021ff296-2e02-4da5-af3b-b3e7220ac03bBFO_0000050BSPO_0000082BFO_0000050UBERON_0001835PATO_0000462	C_EQ_2
83	1	UBERONTEMP_021ff296-2e02-4da5-af3b-b3e7220ac03bBFO_0000050BSPO_0000082BFO_0000050UBERON_0001834PATO_0000467	C_EQ_1
83	1	UBERONTEMP_021ff296-2e02-4da5-af3b-b3e7220ac03bBFO_0000050BSPO_0000082BFO_0000050UBERON_0001835PATO_0000467	C_EQ_2
84	0	UBERON_0002392PATO_0000467	C_EQ_1
84	1	UBERON_0002392PATO_0000462	C_EQ_1
85	0	UBERON_2002283PATO_0001196UBERONTEMP_2e283d18-0137-43ce-948f-1704f1d0a0a7	C_EQ_1
85	2	UBERON_2002283RO_0002220UBERON_0010202PATO_0000462	C_EQ_1
85	1	UBERON_2002283PATO_0001233UBERONTEMP_2e283d18-0137-43ce-948f-1704f1d0a0a7	C_EQ_1
85	1	UBERON_2002283PATOTEMP_1077a5a0-91fa-4b04-bf06-0ab12a965272UBERONTEMP_2e283d18-0137-43ce-948f-1704f1d0a0a7	C_EQ_2
86	0	UBERON_4400000RO_0002150UBERON_2001588PATO_0000140	C_EQ_1
86	1	UBERON_4400000RO_0002150UBERON_2001588PATO_0000140	C_EQ_1
87	0	UBERONTEMP_46dcc2cd-1967-4492-b759-16a89a8c15cbPATO_0000467	C_EQ_1
87	1	UBERONTEMP_46dcc2cd-1967-4492-b759-16a89a8c15cbPATO_0000462	C_EQ_1
88	0	UBERON_0001324PATO_0000467	C_EQ_1
88	1	UBERON_0001324PATO_0000462	C_EQ_1
88	1	UBERON_0001324PATO_0000141	C_EQ_2
89	0	UBERONTEMP_24ee2473-1c50-4d40-a2e9-5ddd3b2970ecPATO_0000462	C_EQ_1
89	1	UBERONTEMP_24ee2473-1c50-4d40-a2e9-5ddd3b2970ecPATO_0000467	C_EQ_1
90	0	BSPO_0000071BFO_0000050UBERON_0000209PATO_0001505UBERON_0002397	C_EQ_1
90	1	BSPO_0000071BFO_0000050UBERON_0000209PATO_0001961UBERON_0002397	C_EQ_1
91	0	UBERON_0001682PATO_0001505UBERON_0006720	C_EQ_1
91	1	UBERON_0001682PATO_0000642UBERON_0010389	C_EQ_1
92	0	UBERON_0004529BFO_0000050BSPO_0000071BFO_0000050UBERONTEMP_d522e981-3a43-4cab-9862-4344b5c3ff22PATO_0000462	C_EQ_1
92	0	UBERONTEMP_d522e981-3a43-4cab-9862-4344b5c3ff22PATO_0002180	C_EQ_2
92	0	UBERONTEMP_d522e981-3a43-4cab-9862-4344b5c3ff22PATOTEMP_a8d36563-bd4d-4f7e-ab33-dd28adf1ce80	C_EQ_3
92	1	UBERONTEMP_d522e981-3a43-4cab-9862-4344b5c3ff22PATOTEMP_1bf5985d-5bbc-49df-ac82-969979dd9c3c	C_EQ_1
92	1	UBERON_0002231BFO_0000050UBERONTEMP_d522e981-3a43-4cab-9862-4344b5c3ff22PATO_0002272UBERON_0001075	C_EQ_2
93	0	UBERONTEMP_69d443e4-368e-4754-8ca1-a2e702f2ac97PATO_0000462	C_EQ_1
93	1	UBERONTEMP_69d443e4-368e-4754-8ca1-a2e702f2ac97PATO_0000467	C_EQ_1
94	0	UBERON_3010069PATO_0000586UBERON_3010060	C_EQ_1
94	1	UBERON_3010069PATO_0000587UBERON_3010060	C_EQ_1
94	2	UBERON_3010069PATO_0000462	C_EQ_1
95	0	UBERONTEMP_af7baeed-9ce1-4f9b-87d2-a1ee4f414cbaBFO_0000050UBERONTEMP_31f522c3-c02f-42a7-b998-4881dffb8536PATO_0000462	C_EQ_1
95	1	UBERONTEMP_af7baeed-9ce1-4f9b-87d2-a1ee4f414cbaBFO_0000050UBERONTEMP_31f522c3-c02f-42a7-b998-4881dffb8536PATO_0000467	C_EQ_1
96	0	UBERONTEMP_75dafdaf-a59c-42ab-94e6-4816a29edb2fPATO_0000462	C_EQ_1
96	1	UBERONTEMP_75dafdaf-a59c-42ab-94e6-4816a29edb2fPATO_0000467	C_EQ_1
97	0	UBERON_1500006PATO_0000140PHENOSCAPE_complement_ofPATOTEMP_cff1bd0c-3563-4142-af20-cbc4d984b6f6UBERON_0000309	C_EQ_1
97	1	UBERON_1500006PATOTEMP_cff1bd0c-3563-4142-af20-cbc4d984b6f6UBERON_0000309	C_EQ_1
98	0	UBERON_2002283BFO_0000050UBERON_4000164PATO_0001233UBERON_0010202	C_EQ_1
98	2	UBERON_2002283BFO_0000050UBERON_4000164UBERONTEMP_f5082db7-70f4-44be-a15b-329301005f0c	C_EQ_1
98	1	UBERON_2002283BFO_0000050UBERON_4000164PATOTEMP_1077a5a0-91fa-4b04-bf06-0ab12a965272UBERON_0010202	C_EQ_1
99	0	UBERONTEMP_c5825cfa-edc2-4717-8625-90ac3f8b6dd3PATO_0000462	C_EQ_1
99	1	UBERONTEMP_c5825cfa-edc2-4717-8625-90ac3f8b6dd3PATO_0000467	C_EQ_1
100	0	UBERON_0001091BFO_0000050BSPO_0000071BFO_0000050UBERON_0004742PATO_0000467	C_EQ_1
100	1	UBERON_0001091BFO_0000050BSPO_0000071BFO_0000050UBERON_0004742PATO_0000462	C_EQ_1
101	0	UBERON_2001589PATO_0000462	C_EQ_1
101	0	UBERON_4400000PATO_0000462	C_EQ_2
101	1	UBERON_2001589PATO_0000467	C_EQ_1
101	1	UBERON_4400000PATO_0000467	C_EQ_2
102	0	UBERON_0006849PATO_0000586UBERON_0004743	C_EQ_1
102	0	UBERON_0006849PATOTEMP_6e4effdc-8eb7-46bc-a140-cb47734c2b2fUBERON_0004743	C_EQ_2
102	1	UBERON_0006849PATO_0000587UBERON_0004743	C_EQ_1
102	2	UBERON_0006849PATO_0000462	C_EQ_1
102	2	UBERON_0004743PATO_0000462	C_EQ_2
103	0	UBERON_0001649PATO_0000140PHENOSCAPE_complement_ofPATOTEMP_806b4c46-359e-4bdb-ab4d-651f1f542e60UBERONTEMP_41980771-8a82-40d2-877e-3156cc80857b	C_EQ_1
103	1	UBERON_0001649PATOTEMP_806b4c46-359e-4bdb-ab4d-651f1f542e60UBERONTEMP_41980771-8a82-40d2-877e-3156cc80857b	C_EQ_1
104	0	UBERON_3000543PATO_0000462	C_EQ_1
104	0	UBERON_3000543PATO_0000587	C_EQ_2
104	0	UBERON_3000543PATO_0000599	C_EQ_3
104	1	BSPO_0000079BFO_0000050UBERON_3000543PATO_0001857	C_EQ_1
104	1	UBERON_3000543PATOTEMP_0acbdd0a-cfcf-441f-b842-b0d0542a17c7	C_EQ_2
105	0	UBERONTEMP_546f6e9d-06ae-4fc7-9e4c-1a87dfafb737PATO_0000587UBERON_0006801	C_EQ_1
105	1	UBERONTEMP_546f6e9d-06ae-4fc7-9e4c-1a87dfafb737PATO_0000586UBERON_0006801	C_EQ_1
106	0	UBERONTEMP_0bc2755c-6069-42f5-a9f4-b00b7b3cc25aPATO_0000140PHENOSCAPE_complement_ofPATOTEMP_7f09ce31-2209-4b59-b8db-84fe70b35342UBERONTEMP_c378c3db-458f-4b43-a3cb-813d1a2ea85b	C_EQ_1
106	1	UBERONTEMP_0bc2755c-6069-42f5-a9f4-b00b7b3cc25aPATOTEMP_7f09ce31-2209-4b59-b8db-84fe70b35342UBERONTEMP_c378c3db-458f-4b43-a3cb-813d1a2ea85b	C_EQ_1
107	0	BSPO_0000071BFO_0000050UBERONTEMP_131c5051-fb07-4138-9f06-eae8880a6338PATO_0001784	C_EQ_1
107	1	UBERONTEMP_131c5051-fb07-4138-9f06-eae8880a6338PATO_0000411	C_EQ_1
108	0	BSPO_0000078BFO_0000050UBERON_4200048PATOTEMP_7e0f3ba2-db14-4413-bd25-d910c11ac25fUBERON_0004652	C_EQ_1
108	0	BSPO_0000078BFO_0000050UBERON_4200048PATO_0000141PHENOSCAPE_complement_ofPATOTEMP_292cb96b-99ee-4c20-94f6-e8b356c13fc4UBERON_0004652	C_EQ_2
108	1	BSPO_0000078BFO_0000050UBERON_4200048PATO_0001196UBERON_0004652	C_EQ_1
108	1	BSPO_0000078BFO_0000050UBERON_4200048PATOTEMP_292cb96b-99ee-4c20-94f6-e8b356c13fc4UBERON_0004652	C_EQ_2
109	0	UBERONTEMP_dab1de8a-9ec0-4e71-b7ec-8507bcbaccadPATO_0000462	C_EQ_1
109	1	UBERONTEMP_dab1de8a-9ec0-4e71-b7ec-8507bcbaccadPATO_0000467	C_EQ_1
110	0	UBERONTEMP_faea86d9-5281-441b-be89-0f0be1d49129PATO_0000462	C_EQ_1
110	1	UBERONTEMP_faea86d9-5281-441b-be89-0f0be1d49129PATO_0001503	C_EQ_1
110	2	UBERONTEMP_faea86d9-5281-441b-be89-0f0be1d49129PATO_0002257	C_EQ_1
111	0	BSPO_0000070BFO_0000050UBERON_0001682BSPO_0000120UBERON_0000468BSPO_0000096UBERON_0010425PATO_0001505BSPO_0000070BFO_0000050UBERON_0001682BSPO_0000121UBERON_0000468BSPO_0000096UBERON_0010425	C_EQ_1
111	1	BSPO_0000070BFO_0000050UBERON_0001682BSPO_0000120UBERON_0000468BSPO_0000096UBERON_0010425PATO_0000642BSPO_0000070BFO_0000050UBERON_0001682BSPO_0000121UBERON_0000468BSPO_0000096UBERON_0010425	C_EQ_1
112	0	UBERONTEMP_27bd04e2-8af0-496b-871b-b54a50c35aacPATO_0000632	C_EQ_1
112	0	UBERONTEMP_ad1e8bd6-4d61-4902-aeb8-3f72123c14dfPATOTEMP_1661abba-22d3-4266-b0a2-d7b7d3a7e086UBERONTEMP_ad1e8bd6-4d61-4902-aeb8-3f72123c14df	C_EQ_2
112	1	UBERONTEMP_27bd04e2-8af0-496b-871b-b54a50c35aacPATO_0000616	C_EQ_1
112	1	UBERONTEMP_ad1e8bd6-4d61-4902-aeb8-3f72123c14dfPATOTEMP_3d71e1e4-d61c-4d81-b443-ee4391ba0fde	C_EQ_2
113	0	UBERONTEMP_071e0de7-9e35-437a-b985-d9ec084e5a42BFO_0000050UBERONTEMP_ae0e62b6-59ad-4c21-8e15-b67570c5137aPATOTEMP_7e0f3ba2-db14-4413-bd25-d910c11ac25fUBERONTEMP_65b40ec3-fa39-4802-bfa8-fb6145400c29BFO_0000050UBERONTEMP_ae0e62b6-59ad-4c21-8e15-b67570c5137a	C_EQ_1
113	1	UBERONTEMP_071e0de7-9e35-437a-b985-d9ec084e5a42BFO_0000050UBERONTEMP_ae0e62b6-59ad-4c21-8e15-b67570c5137aPATO_0000140PHENOSCAPE_complement_ofPATOTEMP_7e0f3ba2-db14-4413-bd25-d910c11ac25fUBERONTEMP_65b40ec3-fa39-4802-bfa8-fb6145400c29BFO_0000050UBERONTEMP_ae0e62b6-59ad-4c21-8e15-b67570c5137a	C_EQ_1
114	0	UBERONTEMP_aa4c27e3-2202-4667-be4f-0db3ba1af6f7PATOTEMP_251eb770-5822-400b-9c99-b3e238edd6d1	C_EQ_1
114	1	UBERONTEMP_aa4c27e3-2202-4667-be4f-0db3ba1af6f7PATOTEMP_1f6f1f3a-7529-4b9f-b5ed-edeb5f00b249	C_EQ_1
115	0	UBERON_0006811PATO_0001891	C_EQ_1
115	0	UBERON_0006811PATOTEMP_12674d9d-b375-4f82-8707-76249cafcb65	C_EQ_2
115	0	UBERON_0006811PATOTEMP_90096f39-aa24-414f-b81a-58ac76cd112c	C_EQ_3
115	0	UBERON_0006811PATOTEMP_be5ee941-906d-4f7d-9995-8f7c5dc0fcfeUBERON_0001692	C_EQ_4
115	0	UBERON_0006811PATOTEMP_be5ee941-906d-4f7d-9995-8f7c5dc0fcfeUBERON_0001693	C_EQ_5
115	1	UBERON_0006811PATOTEMP_8266f831-455f-44f9-ab48-af5e68f51391	C_EQ_1
115	1	UBERON_0006811PATOTEMP_be5ee941-906d-4f7d-9995-8f7c5dc0fcfeUBERON_0001693	C_EQ_2
115	2	UBERON_0006811PATOTEMP_90096f39-aa24-414f-b81a-58ac76cd112c	C_EQ_1
115	2	UBERON_0006811PATO_0001879	C_EQ_2
115	2	UBERON_0006811PATOTEMP_be5ee941-906d-4f7d-9995-8f7c5dc0fcfeUBERON_0001693	C_EQ_3
115	2	UBERON_0006811PATOTEMP_be5ee941-906d-4f7d-9995-8f7c5dc0fcfeUBERON_0001692	C_EQ_4
115	3	UBERON_0006811PATOTEMP_be5ee941-906d-4f7d-9995-8f7c5dc0fcfeUBERON_0001692	C_EQ_1
116	0	UBERON_0010910PATO_0001505UBERON_0001567	C_EQ_1
116	1	UBERON_0010910PATO_0001961UBERON_0001567	C_EQ_1
116	1	UBERON_0010910PATOTEMP_5ecbb067-bdff-405c-9ea6-d2dac28b99b5UBERON_0001567	C_EQ_2
117	0	UBERON_0001451PATO_0000070	C_EQ_1
117	0	UBERON_3010060PATO_0000070	C_EQ_2
117	1	UBERON_0001451PATO_0000070	C_EQ_1
117	1	UBERON_3010060PATO_0000070	C_EQ_2
118	0	UBERONTEMP_10e29a7f-5845-4c48-9d85-1043712ad536PATO_0000462	C_EQ_1
118	1	UBERONTEMP_10e29a7f-5845-4c48-9d85-1043712ad536PATO_0000467	C_EQ_1
119	0	UBERON_4200128PATO_0000462	C_EQ_1
119	1	UBERON_4200128PATO_0000467	C_EQ_1
120	0	UBERON_0004529BFO_0000050UBERON_2002257PATO_0000467	C_EQ_1
120	1	UBERON_0004529BFO_0000050UBERON_2002257PATO_0000462	C_EQ_1
121	0	UBERONTEMP_27dfdd96-d1ca-44b3-876b-390ed5d21c23PATO_0001448	C_EQ_1
121	1	UBERONTEMP_27dfdd96-d1ca-44b3-876b-390ed5d21c23PATOTEMP_e7a5a00e-cf75-44e7-b26d-391526249555	C_EQ_1
122	0	UBERON_2001671PATO_0000140PHENOSCAPE_complement_ofPATOTEMP_729cd099-ed78-472c-847b-9532908bc286UBERON_0000309	C_EQ_1
122	1	UBERON_2001671PATOTEMP_729cd099-ed78-472c-847b-9532908bc286UBERON_0000309	C_EQ_1
123	0	UBERONTEMP_021ff296-2e02-4da5-af3b-b3e7220ac03bBSPO_0000098UBERON_2001967PATO_0002285	C_EQ_1
123	1	UBERONTEMP_021ff296-2e02-4da5-af3b-b3e7220ac03bBSPO_0000098UBERON_2001967PATO_0002286	C_EQ_1
124	0	UBERONTEMP_6f18830d-27e9-4de6-a1a6-34253907bbfePATO_0000574	C_EQ_1
124	1	UBERONTEMP_6f18830d-27e9-4de6-a1a6-34253907bbfePATO_0000573	C_EQ_1
125	0	UBERONTEMP_2f99ad4b-d842-4ae9-8886-87ee98811fe5PATOTEMP_1661abba-22d3-4266-b0a2-d7b7d3a7e086UBERON_0001091	C_EQ_1
125	0	UBERON_0009678PATOTEMP_58a10227-3af1-4cea-8dbb-cc56e78a7b9b	C_EQ_2
125	2	UBERONTEMP_2f99ad4b-d842-4ae9-8886-87ee98811fe5PATO_0000573UBERON_0001091	C_EQ_1
125	1	UBERONTEMP_0dbeb221-6e12-44b7-b51d-6b90d0f64c7cPATO_0000573	C_EQ_1
125	1	UBERONTEMP_aa45609e-9fc3-45db-90ec-7ac97062af00PATO_0000574UBERON_0001091RO_0002220UBERONTEMP_aa45609e-9fc3-45db-90ec-7ac97062af00	C_EQ_2
126	0	UBERON_0001681PATO_0001961UBERON_0010750	C_EQ_1
126	1	UBERON_0001681PATO_0001505UBERON_0010750	C_EQ_1
127	0	UBERONTEMP_36313895-f75e-421c-9022-8397d0be3b8fPATO_0000140BSPO_0000083BFO_0000050UBERON_0012316	C_EQ_1
127	0	UBERONTEMP_36313895-f75e-421c-9022-8397d0be3b8fBSPO_0000018	C_EQ_2
127	1	UBERONTEMP_36313895-f75e-421c-9022-8397d0be3b8fPATOTEMP_b1843d7f-65ff-47bf-97bd-a26c947056dc	C_EQ_1
127	1	UBERONTEMP_36313895-f75e-421c-9022-8397d0be3b8fPATO_0002272UBERON_0002244	C_EQ_2
127	1	UBERONTEMP_36313895-f75e-421c-9022-8397d0be3b8fPATO_0002272UBERON_0002397	C_EQ_3
127	2	UBERONTEMP_36313895-f75e-421c-9022-8397d0be3b8fPATOTEMP_d475253e-b1cf-44e9-9585-cfc88bab1ea1	C_EQ_1
128	0	UBERON_0011267PATO_0000467	C_EQ_1
128	1	UBERON_0011267PATO_0000462	C_EQ_1
129	0	UBERON_0006606PATO_0000599	C_EQ_1
129	0	BSPO_0000072BFO_0000050UBERON_0000401PATO_0000599	C_EQ_2
129	0	UBERON_0006606PATO_0000052PHENOSCAPE_complement_ofPATO_0002053	C_EQ_3
129	0	BSPO_0000072BFO_0000050UBERON_0000401PATO_0000052PHENOSCAPE_complement_ofPATO_0002053	C_EQ_4
129	1	UBERON_0006606PATO_0000600	C_EQ_1
129	1	BSPO_0000072BFO_0000050UBERON_0000401PATO_0000600	C_EQ_2
129	1	UBERON_0006606PATO_0002053	C_EQ_3
129	1	BSPO_0000072BFO_0000050UBERON_0000401PATO_0002053	C_EQ_4
130	0	UBERONTEMP_021ff296-2e02-4da5-af3b-b3e7220ac03bPHENOSCAPE_extends_fromUBERON_2001967PHENOSCAPE_extends_toUBERON_2002057PATOTEMP_ed9e88eb-3494-40d8-88ba-3883a7e5ebbf	C_EQ_1
130	1	UBERONTEMP_021ff296-2e02-4da5-af3b-b3e7220ac03bPHENOSCAPE_extends_fromUBERON_2001967PHENOSCAPE_extends_toUBERON_2002057PATOTEMP_9cc98a1a-825a-4b19-9859-219e4c72f26e	C_EQ_1
130	1	UBERONTEMP_021ff296-2e02-4da5-af3b-b3e7220ac03bPHENOSCAPE_extends_fromUBERON_2001967PHENOSCAPE_extends_toUBERON_2002057PATO_0001997	C_EQ_2
131	0	UBERONTEMP_6b22b08d-a03d-4a4c-a1bf-fd738afc8dfaPATO_0000140UBERONTEMP_0adc11c0-4876-4ea5-ad1f-a45afb90615a	C_EQ_1
131	0	UBERONTEMP_648ae26f-36b3-4dec-9c09-5a40cb82672dPATO_0001633UBERONTEMP_6b22b08d-a03d-4a4c-a1bf-fd738afc8dfa	C_EQ_2
131	0	UBERONTEMP_6d1d8e6a-c709-46e2-a2e8-16317d6c5393PATO_0001633UBERONTEMP_6b22b08d-a03d-4a4c-a1bf-fd738afc8dfa	C_EQ_3
131	1	UBERONTEMP_6d1d8e6a-c709-46e2-a2e8-16317d6c5393PATO_0001632UBERONTEMP_6b22b08d-a03d-4a4c-a1bf-fd738afc8dfa	C_EQ_1
131	1	UBERONTEMP_6b22b08d-a03d-4a4c-a1bf-fd738afc8dfaPATO_0000140UBERONTEMP_0adc11c0-4876-4ea5-ad1f-a45afb90615a	C_EQ_2
132	0	UBERON_2001584RO_0002150UBERON_2000660PATO_0000070	C_EQ_1
132	1	UBERON_2001584RO_0002150UBERON_2000660PATO_0000070	C_EQ_1
133	0	UBERON_0002131PATO_0000586	C_EQ_1
133	0	UBERONTEMP_d9743182-4239-4e43-9228-9bf6102c7f21PATO_0000586	C_EQ_2
133	0	UBERONTEMP_53e954ae-e996-4f76-a4e3-abdf5f12b906PATO_0000586	C_EQ_3
133	0	UBERON_0004002PATO_0000587	C_EQ_4
133	1	UBERON_0002131PATO_0000587	C_EQ_1
133	1	UBERONTEMP_53e954ae-e996-4f76-a4e3-abdf5f12b906PATO_0000587	C_EQ_2
133	1	UBERONTEMP_d9743182-4239-4e43-9228-9bf6102c7f21PATO_0000587	C_EQ_3
133	1	UBERON_0004002PATO_0000586	C_EQ_4
134	0	UBERONTEMP_3acc05fa-cf49-48ac-8c79-893dac26c991PATO_0000070	C_EQ_1
134	1	UBERONTEMP_3acc05fa-cf49-48ac-8c79-893dac26c991PATO_0000070	C_EQ_1
134	2	UBERONTEMP_3acc05fa-cf49-48ac-8c79-893dac26c991PATO_0000462	C_EQ_1
135	0	UBERONTEMP_d31e7a96-a07f-43a0-82e1-7df554b0f90eBFO_0000050BSPO_0000084BFO_0000050UBERONTEMP_25ba6edf-9fd6-45cc-ad06-7952cb6cd227PATO_0000070	C_EQ_1
135	1	UBERONTEMP_d31e7a96-a07f-43a0-82e1-7df554b0f90eBFO_0000050BSPO_0000084BFO_0000050UBERONTEMP_25ba6edf-9fd6-45cc-ad06-7952cb6cd227PATO_0000070	C_EQ_1
136	0	UBERONTEMP_63e09c69-ac98-49ba-b232-2da5c7b19019PATO_0000610	C_EQ_1
136	1	UBERONTEMP_63e09c69-ac98-49ba-b232-2da5c7b19019PATO_0000608	C_EQ_1
137	0	UBERON_0001423PATO_0000574UBERON_0001424	C_EQ_1
137	1	UBERON_0001423PATO_0000573UBERON_0001424	C_EQ_1
137	2	UBERON_0001423PATOTEMP_57cab68c-c801-4761-a30c-fc13df3947dfUBERON_0001424	C_EQ_1
138	0	UBERONTEMP_8aa1a55e-924a-46a7-82af-9e8406a5149dPATO_0000462	C_EQ_1
138	1	UBERONTEMP_8aa1a55e-924a-46a7-82af-9e8406a5149dPATO_0000467	C_EQ_1
139	0	UBERONTEMP_0ea3066e-0c22-417b-8ac4-91c2aacba792PATO_0000462	C_EQ_1
139	1	UBERONTEMP_0ea3066e-0c22-417b-8ac4-91c2aacba792PATO_0000467	C_EQ_1
140	0	UBERON_0001860PATO_0000140PHENOSCAPE_complement_ofPATOTEMP_415a0841-9e34-4e88-b4d4-f2e437bb0e07UBERON_0004704BFO_0000053PATOTEMP_37a095ce-53fc-4746-80ff-f7ce2a70ffa4	C_EQ_1
140	1	UBERON_0001860PATOTEMP_415a0841-9e34-4e88-b4d4-f2e437bb0e07UBERON_0004704BFO_0000053PATOTEMP_37a095ce-53fc-4746-80ff-f7ce2a70ffa4	C_EQ_1
141	0	UBERON_0005048PATO_0002261UBERON_0000993	C_EQ_1
141	1	UBERON_0005048PATO_0002261UBERONTEMP_a9598e4a-b173-43af-96ef-20f80182c8fd	C_EQ_1
142	0	UBERONTEMP_c459b036-bbb9-4e8b-8a2b-530b761b6603PATO_0000574UBERON_0003129	C_EQ_1
142	1	UBERONTEMP_c459b036-bbb9-4e8b-8a2b-530b761b6603PATO_0000462	C_EQ_1
142	2	UBERONTEMP_c459b036-bbb9-4e8b-8a2b-530b761b6603PATO_0000573UBERON_0003129	C_EQ_1
143	0	UBERON_0004111BFO_0000050UBERON_2001577PATO_0000462	C_EQ_1
143	1	UBERON_0004111BFO_0000050UBERON_2001577PATO_0000467	C_EQ_1
144	0	UBERON_0000152PATO_0000052PHENOSCAPE_complement_ofPATO_0001360	C_EQ_1
144	1	UBERON_0000152PATO_0001360	C_EQ_1
145	0	UBERON_0011593PATO_0002211	C_EQ_1
145	1	UBERON_0011593PATO_0002021	C_EQ_1
145	2	UBERON_0011593PATOTEMP_3a9e79e5-a7d3-457c-951e-90a9618983e3	C_EQ_1
145	3	UBERON_0011593PATO_0002457	C_EQ_1
146	0	UBERON_2000356BFO_0000050UBERON_2001899PATO_0000140PHENOSCAPE_complement_ofPATOTEMP_1887dd11-7fac-432b-8c69-ece4f0f69222BSPO_0000083BFO_0000050UBERON_0003114	C_EQ_1
146	1	UBERON_2000356BFO_0000050UBERON_2001899PATOTEMP_1887dd11-7fac-432b-8c69-ece4f0f69222BSPO_0000083BFO_0000050UBERON_0003114	C_EQ_1
147	0	UBERONTEMP_8c052198-acff-4165-b1a0-fd6bb2de6e10PATO_0000462	C_EQ_1
147	1	UBERONTEMP_8c052198-acff-4165-b1a0-fd6bb2de6e10PATO_0000467	C_EQ_1
148	0	UBERON_0003677BFO_0000050UBERONTEMP_ebd28885-699a-4637-9112-4ff68ddb6299PATO_0000070	C_EQ_1
148	1	UBERON_0003677BFO_0000050UBERONTEMP_ebd28885-699a-4637-9112-4ff68ddb6299PATOTEMP_816868b2-c80a-4b17-b111-a4c37f4bb1f6	C_EQ_1
148	2	UBERON_0003677BFO_0000050UBERONTEMP_ebd28885-699a-4637-9112-4ff68ddb6299PATO_0000070	C_EQ_1
149	0	UBERON_0001153PATO_0000462	C_EQ_1
149	1	UBERON_0001153PATO_0000467	C_EQ_1
150	0	UBERONTEMP_a7bf197b-0db2-467e-824e-be45b39e2672PATO_0000141	C_EQ_1
150	1	UBERONTEMP_a7bf197b-0db2-467e-824e-be45b39e2672PATO_0000141	C_EQ_1
150	2	UBERONTEMP_a7bf197b-0db2-467e-824e-be45b39e2672PATO_0000141	C_EQ_1
150	3	UBERONTEMP_a7bf197b-0db2-467e-824e-be45b39e2672PATO_0000141	C_EQ_1
151	0	UBERON_0006844BFO_0000050BSPO_0000075BFO_0000050UBERON_0013164PATO_0000462	C_EQ_1
151	1	UBERON_0006844BFO_0000050BSPO_0000075BFO_0000050UBERON_0013164PATO_0000467	C_EQ_1
152	0	UBERON_0010008PATOTEMP_2c9f9e29-141a-4967-aec3-202cf1773e52	C_EQ_1
152	0	UBERONTEMP_c4f989c4-2805-49a3-8241-b5e37405e9caPATO_0000070	C_EQ_2
152	1	UBERON_0010008PATOTEMP_a10fad4c-eac4-4098-b00a-2e1b9e449dba	C_EQ_1
152	1	UBERONTEMP_c4f989c4-2805-49a3-8241-b5e37405e9caPATO_0000070	C_EQ_2
153	0	UBERONTEMP_e8406b1e-816c-419f-af5b-bebff51cd9cdBFO_0000050UBERON_0003101PATO_0000462	C_EQ_1
153	0	UBERON_3010031BFO_0000050UBERON_0003101PATO_0000462	C_EQ_2
153	1	UBERON_3010031BFO_0000050UBERON_0003101PATO_0000467	C_EQ_1
153	1	UBERONTEMP_e8406b1e-816c-419f-af5b-bebff51cd9cdBFO_0000050UBERON_0003101PATO_0000467	C_EQ_2
154	0	UBERON_3000162PATO_0000462	C_EQ_1
154	1	UBERON_3000162PATO_0000467	C_EQ_1
155	0	UBERON_0011079PATO_0001505UBERON_0011637	C_EQ_1
155	1	UBERON_0011079PATO_0000462	C_EQ_1
155	1	UBERON_0011079PATO_0000642UBERON_0011637	C_EQ_2
156	0	UBERONTEMP_43fdac75-44ba-45b0-bc85-bbd53076852fPATO_0000462	C_EQ_1
156	1	UBERONTEMP_43fdac75-44ba-45b0-bc85-bbd53076852fPATO_0000467	C_EQ_1
157	0	UBERON_0011598PATO_0000462	C_EQ_1
157	1	UBERON_0011598PATO_0000467	C_EQ_1
158	0	UBERONTEMP_9c62cfa9-9824-4234-9497-92de96c06c6dBFO_0000050UBERON_0003101PATO_0000462	C_EQ_1
158	1	UBERONTEMP_9c62cfa9-9824-4234-9497-92de96c06c6dBFO_0000050UBERON_0003101PATO_0000467	C_EQ_1
159	0	UBERON_0002542UBERON_attaches_toBSPO_0000027BFO_0000050UBERON_0000468PATOTEMP_fd76a9ba-0b26-4ccb-9e4a-7bd0efe1ebc7UBERON_0000014	C_EQ_1
159	1	UBERON_0002542UBERON_attaches_toBSPO_0000027BFO_0000050UBERON_0000468PATO_0000140PHENOSCAPE_complement_ofPATOTEMP_fd76a9ba-0b26-4ccb-9e4a-7bd0efe1ebc7UBERON_0000014	C_EQ_1
160	0	UBERONTEMP_021ff296-2e02-4da5-af3b-b3e7220ac03bBSPO_0000102UBERON_2001967PATO_0002285	C_EQ_1
160	1	UBERONTEMP_021ff296-2e02-4da5-af3b-b3e7220ac03bBSPO_0000102UBERON_2001967PATO_0002286	C_EQ_1
161	0	UBERON_0000468PATO_0000573	C_EQ_1
161	1	UBERON_0000468PATO_0000574	C_EQ_1
162	0	UBERON_3001003BFO_0000050UBERON_0003101PATO_0000462	C_EQ_1
162	1	UBERON_3001003BFO_0000050UBERON_0003101PATO_0000467	C_EQ_1
163	0	UBERONTEMP_042b87f9-5e1a-4070-9c56-1e79cd474cdePATO_0000467	C_EQ_1
163	0	UBERONTEMP_042b87f9-5e1a-4070-9c56-1e79cd474cdePATO_0000462	C_EQ_2
163	1	UBERONTEMP_042b87f9-5e1a-4070-9c56-1e79cd474cdePATO_0000462	C_EQ_1
164	0	UBERON_0010750PATO_0001505UBERON_0001683	C_EQ_1
164	1	UBERON_0010750PATO_0001961UBERON_0001683	C_EQ_1
165	0	BSPO_0000077BFO_0000050UBERON_0001684PATO_0000586	C_EQ_1
165	0	UBERON_0004529BFO_0000050BSPO_0000083BFO_0000050UBERON_0001684PATO_0000462	C_EQ_2
165	0	BSPO_0000077BFO_0000050UBERON_0001684PATO_0000600	C_EQ_3
165	1	BSPO_0000077BFO_0000050UBERON_0001684PATO_0000587	C_EQ_1
165	1	UBERON_0004529BFO_0000050BSPO_0000083BFO_0000050UBERON_0001684PATO_0000591	C_EQ_2
165	1	UBERONTEMP_2d15fa5d-566b-4428-83e4-753ae839a965PATO_0000599	C_EQ_3
166	0	UBERONTEMP_4d2bc40d-9dcd-4e97-9873-20df7057df18PATO_0000467	C_EQ_1
166	1	UBERON_2001995BFO_0000050UBERONTEMP_1d4e7a81-d385-4100-8f7c-5eee3b0adb52PATO_0000462	C_EQ_1
166	2	UBERONTEMP_1d4e7a81-d385-4100-8f7c-5eee3b0adb52PATO_0000462	C_EQ_1
167	0	UBERON_4100014PATO_0000140PHENOSCAPE_complement_ofPATO_0001933UBERON_0002355	C_EQ_1
167	0	UBERON_0003097PATO_0000140PHENOSCAPE_complement_ofPATO_0001933UBERON_0002355	C_EQ_2
167	1	UBERON_4100014PATO_0001933UBERON_0002355	C_EQ_1
167	1	UBERON_0003097PATO_0001933UBERON_0002355	C_EQ_2
168	0	UBERONTEMP_9976c3c2-76ad-4a5a-8eeb-453bf0b47aecPATOTEMP_7fd31c13-108e-4462-9094-660d6cd13f0c	C_EQ_1
168	1	UBERONTEMP_9976c3c2-76ad-4a5a-8eeb-453bf0b47aecPATOTEMP_00070c57-8765-451b-978f-0b8f877bb858UBERON_0001092	C_EQ_1
169	0	UBERONTEMP_d31e7a96-a07f-43a0-82e1-7df554b0f90eUBERON_connectsUBERON_0002397UBERON_connectsBSPO_0000682BFO_0000050UBERON_0001682PATOTEMP_1e4e19ed-2075-484e-af76-86d15f19c11a	C_EQ_1
169	0	UBERONTEMP_d31e7a96-a07f-43a0-82e1-7df554b0f90eUBERON_connectsUBERON_0002397UBERON_connectsBSPO_0000682BFO_0000050UBERON_0001682PATOTEMP_06e7ed2c-caa3-4c16-b1cf-c156eda2f04b	C_EQ_2
169	1	UBERONTEMP_d31e7a96-a07f-43a0-82e1-7df554b0f90eUBERON_connectsUBERON_0002397UBERON_connectsBSPO_0000682BFO_0000050UBERON_0001682PATOTEMP_2c9b5f55-81ea-49f8-ae62-206012b21b6f	C_EQ_1
170	0	UBERONTEMP_c40bc8cf-9f68-4f86-a198-ed27473ba6f1PATO_0000467	C_EQ_1
170	1	UBERON_3000717PATO_0000467	C_EQ_1
170	2	UBERON_3000711PATO_0000467	C_EQ_1
171	0	UBERON_0004529BFO_0000050BSPO_0000072BFO_0000050UBERON_0002355RO_0002220UBERON_0001273RO_0002220UBERON_0001274PATO_0000467	C_EQ_1
171	1	UBERON_0004529BFO_0000050BSPO_0000072BFO_0000050UBERON_0002355RO_0002220UBERON_0001273RO_0002220UBERON_0001274PATO_0000462	C_EQ_1
172	0	UBERON_0002397PATOTEMP_7e0f3ba2-db14-4413-bd25-d910c11ac25fUBERONTEMP_1f2675bb-5831-4804-9e83-de3be1eb2a73	C_EQ_1
172	1	UBERON_0002397PATO_0001961UBERONTEMP_1f2675bb-5831-4804-9e83-de3be1eb2a73	C_EQ_1
173	0	UBERON_3000778PATO_0000467	C_EQ_1
173	1	UBERON_3000778PATO_0000462	C_EQ_1
174	0	UBERON_0002030PATO_0000462	C_EQ_1
174	1	UBERON_0002030PATO_0000467	C_EQ_1
175	0	UBERON_3000365PATO_0000587	C_EQ_1
175	0	UBERON_3000365PATO_0002326PHENOSCAPE_complement_ofPATOTEMP_16d43756-56ce-46c0-97b3-cb9e097f6029	C_EQ_2
175	1	UBERON_3000365PATO_0000586	C_EQ_1
175	1	UBERON_3000365PATOTEMP_16d43756-56ce-46c0-97b3-cb9e097f6029	C_EQ_2
176	0	UBERON_4300006RO_0002220UBERONTEMP_2e283d18-0137-43ce-948f-1704f1d0a0a7RO_0002220UBERONTEMP_015ccec7-d8bf-4040-aeb9-92d828def752PATO_0000070	C_EQ_1
176	1	UBERON_4300006RO_0002220UBERONTEMP_2e283d18-0137-43ce-948f-1704f1d0a0a7RO_0002220UBERONTEMP_015ccec7-d8bf-4040-aeb9-92d828def752PATO_0000070	C_EQ_1
177	0	UBERONTEMP_e6de828b-9063-4e42-848b-ae9d4bdb7161PATO_0000467	C_EQ_1
177	1	UBERONTEMP_e6de828b-9063-4e42-848b-ae9d4bdb7161PATO_0000462	C_EQ_1
178	0	UBERON_0004529BSPO_0000103UBERON_0002489BFO_0000050BSPO_0000082BFO_0000050UBERON_0000210PATOTEMP_063e55fe-434e-4c02-8a33-b8ee6ce48f56	C_EQ_1
178	0	UBERON_0004529BSPO_0000103UBERON_0002489BFO_0000050BSPO_0000082BFO_0000050UBERON_0000210PATO_0001500	C_EQ_2
178	1	UBERON_0004529BSPO_0000103UBERON_0002489BFO_0000050BSPO_0000082BFO_0000050UBERON_0000210PATO_0000052	C_EQ_1
178	1	BSPO_0000672BFO_0000050UBERON_0000209PATO_0002272BSPO_0000672BFO_0000050UBERON_0000210	C_EQ_2
179	0	UBERONTEMP_09a9f799-951b-46b4-8dc2-d4d486ff6542BFO_0000050UBERONTEMP_12acbe6c-9036-48e3-b1a0-1f2fdaa0241dPATO_0000462	C_EQ_1
179	1	UBERONTEMP_09a9f799-951b-46b4-8dc2-d4d486ff6542BFO_0000050UBERONTEMP_12acbe6c-9036-48e3-b1a0-1f2fdaa0241dPATO_0000467	C_EQ_1
180	0	UBERONTEMP_3e50fa07-b01a-491f-a67d-11f63e8cf0aaPATO_0000462	C_EQ_1
180	1	UBERONTEMP_3e50fa07-b01a-491f-a67d-11f63e8cf0aaPATO_0000587	C_EQ_1
180	2	UBERONTEMP_3e50fa07-b01a-491f-a67d-11f63e8cf0aaPATO_0000586	C_EQ_1
181	0	UBERONTEMP_1483131a-b5c4-484a-8ffa-0dc5e0a5ef34BFO_0000050UBERONTEMP_ae0e62b6-59ad-4c21-8e15-b67570c5137aPATO_0002448UBERONTEMP_4203b16d-bb40-4289-aaae-363363d7db6f	C_EQ_1
181	0	UBERONTEMP_1483131a-b5c4-484a-8ffa-0dc5e0a5ef34BFO_0000050UBERONTEMP_ae0e62b6-59ad-4c21-8e15-b67570c5137aPATO_0002448UBERONTEMP_1e10c6fb-a36f-4151-957b-7a0aaf6816ba	C_EQ_2
181	0	UBERONTEMP_1483131a-b5c4-484a-8ffa-0dc5e0a5ef34BFO_0000050UBERONTEMP_ae0e62b6-59ad-4c21-8e15-b67570c5137aPATO_0002448UBERONTEMP_3430efdb-ae20-4568-bce3-888d86cf75ab	C_EQ_3
181	1	UBERONTEMP_1483131a-b5c4-484a-8ffa-0dc5e0a5ef34BFO_0000050UBERONTEMP_ae0e62b6-59ad-4c21-8e15-b67570c5137aPATO_0002448BSPOTEMP_1ef09e5c-4200-415a-8320-2830150a839dBFO_0000050UBERONTEMP_0805962a-bdbc-4314-8920-327e041a406b	C_EQ_1
181	2	UBERONTEMP_1483131a-b5c4-484a-8ffa-0dc5e0a5ef34BFO_0000050UBERONTEMP_ae0e62b6-59ad-4c21-8e15-b67570c5137aPATO_0002448UBERON_2001840BFO_0000050UBERONTEMP_0805962a-bdbc-4314-8920-327e041a406b	C_EQ_1
182	0	UBERONTEMP_4fd613b3-3fd4-422e-a2f7-d7a2cde79d60PATO_0000462	C_EQ_1
182	1	UBERONTEMP_4fd613b3-3fd4-422e-a2f7-d7a2cde79d60PATO_0001495	C_EQ_1
182	2	UBERONTEMP_4fd613b3-3fd4-422e-a2f7-d7a2cde79d60PATO_0000141	C_EQ_1
183	0	UBERONTEMP_2e96fd5c-b044-4a59-a92a-e0f782541f91PATO_0000117PHENOSCAPE_complement_ofPATOTEMP_b415c39d-99b0-4745-a81d-ede3cfe8e963	C_EQ_1
183	1	UBERONTEMP_2e96fd5c-b044-4a59-a92a-e0f782541f91PATOTEMP_b415c39d-99b0-4745-a81d-ede3cfe8e963	C_EQ_1
184	0	BSPO_0000025BFO_0000050UBERON_0004742PATO_0002180	C_EQ_1
184	1	BSPO_0000025BFO_0000050UBERON_0004742PATO_0001857	C_EQ_1
184	2	BSPO_0000025BFO_0000050UBERON_0004742PATO_0001355	C_EQ_1
184	3	BSPO_0000025BFO_0000050UBERON_0004742PATO_0001857	C_EQ_1
184	3	BSPO_0000025BFO_0000050UBERON_0004742PATO_0001355	C_EQ_2
185	0	UBERONTEMP_41e8ff4d-2e04-4d81-8db9-a8038e63f76bBSPO_0000120UBERON_0000468PATO_0001505UBERONTEMP_41e8ff4d-2e04-4d81-8db9-a8038e63f76bBSPO_0000121UBERON_0000468	C_EQ_1
185	1	UBERONTEMP_41e8ff4d-2e04-4d81-8db9-a8038e63f76bBSPO_0000120UBERON_0000468PATO_0001961UBERONTEMP_41e8ff4d-2e04-4d81-8db9-a8038e63f76bBSPO_0000121UBERON_0000468	C_EQ_1
186	0	UBERON_0003113PATO_0002433	C_EQ_1
186	0	UBERON_0007029BFO_0000050UBERON_0003113PATO_0000700	C_EQ_2
186	0	UBERON_0007029BFO_0000050UBERON_0003113PATOTEMP_6734e62a-dd4a-43cc-8e59-c6ac7280e12c	C_EQ_3
186	1	UBERON_0003113PATOTEMP_61fccf20-f648-4108-b17e-4c330b909458	C_EQ_1
186	2	UBERON_0007029BFO_0000050UBERON_0003113PATO_0000701	C_EQ_1
186	2	UBERON_0007029BFO_0000050UBERON_0003113PATO_0001925PHENOSCAPE_complement_ofPATO_0002433	C_EQ_2
186	3	UBERON_0003113PATO_0002433	C_EQ_1
186	3	UBERON_0007029BFO_0000050UBERON_0003113PATO_0000700	C_EQ_2
186	3	UBERON_0005813BFO_0000050UBERON_0007029BFO_0000050UBERON_0003113PATO_0000467	C_EQ_3
186	3	UBERON_0004529BFO_0000050UBERON_0007029BFO_0000050UBERON_0003113PATO_0000467	C_EQ_4
187	0	UBERONTEMP_3284c377-3cb0-42d5-be7e-a82623ff323aPATO_0000586UBERONTEMP_e635c186-8d95-4cf0-a849-cd91419e864b	C_EQ_1
187	0	UBERONTEMP_683c301c-fd17-4bc2-9a58-aacf82c24aeePATO_0000586UBERONTEMP_e635c186-8d95-4cf0-a849-cd91419e864b	C_EQ_2
187	1	UBERONTEMP_3284c377-3cb0-42d5-be7e-a82623ff323aPATO_0000574UBERONTEMP_e635c186-8d95-4cf0-a849-cd91419e864b	C_EQ_1
187	1	UBERONTEMP_683c301c-fd17-4bc2-9a58-aacf82c24aeePATO_0000574UBERONTEMP_e635c186-8d95-4cf0-a849-cd91419e864b	C_EQ_2
188	0	UBERON_4200018PATO_0000462	C_EQ_1
188	1	UBERON_4200018PATOTEMP_4cd5d463-bbe6-44ed-aacf-a77869cfb03a	C_EQ_1
188	2	UBERON_4200018PATOTEMP_d6bdbb19-8950-4dfd-af6f-2794c50b1c02	C_EQ_1
189	0	UBERON_0001300PATO_0002259UBERON_0000989	C_EQ_1
189	1	UBERON_0001300PATO_0002233UBERON_0000989	C_EQ_1
190	0	UBERON_0002542UBERON_attaches_toUBERON_0000033PATO_0000462	C_EQ_1
190	1	UBERON_0002542UBERON_attaches_toUBERON_0000033PATO_0000587	C_EQ_1
190	1	UBERON_0002542UBERON_attaches_toUBERON_0000033PATOTEMP_04e01d50-b0fd-431f-9aea-10856ba1d8c3	C_EQ_2
190	2	UBERON_0002542UBERON_attaches_toUBERON_0000033PATO_0000586	C_EQ_1
190	2	UBERON_0002542UBERON_attaches_toUBERON_0000033PATO_0002253	C_EQ_2
191	0	UBERON_0002542BFO_0000053PATO_0000411PATO_0000140PHENOSCAPE_complement_ofPATO_0001772UBERON_2001612	C_EQ_1
191	0	UBERON_0002542BFO_0000053PATOTEMP_54859750-f781-473b-914e-5fd28d57d5a1PATO_0000140PHENOSCAPE_complement_ofPATO_0001772UBERON_2001612	C_EQ_2
191	1	UBERON_0002542BFO_0000053PATO_0000411PATO_0001772UBERON_2001612	C_EQ_1
191	1	UBERON_0002542BFO_0000053PATOTEMP_54859750-f781-473b-914e-5fd28d57d5a1PATO_0001772UBERON_2001612	C_EQ_2
192	0	UBERON_0003675BFO_0000050UBERONTEMP_7fe44cf6-b7d9-49e8-9ffa-3a8cbe8a1769PATO_0000141PHENOSCAPE_complement_ofPATOTEMP_292cb96b-99ee-4c20-94f6-e8b356c13fc4UBERON_0003677BFO_0000050UBERONTEMP_7fe44cf6-b7d9-49e8-9ffa-3a8cbe8a1769	C_EQ_1
192	1	UBERON_0003675BFO_0000050UBERONTEMP_7fe44cf6-b7d9-49e8-9ffa-3a8cbe8a1769PATOTEMP_292cb96b-99ee-4c20-94f6-e8b356c13fc4UBERON_0003677BFO_0000050UBERONTEMP_7fe44cf6-b7d9-49e8-9ffa-3a8cbe8a1769	C_EQ_1
193	0	UBERON_0004529BFO_0000050BSPO_0000028BFO_0000050UBERON_0001682BFO_0000053PATO_0001598PATO_0000462	C_EQ_1
193	1	UBERON_0004529BFO_0000050BSPO_0000028BFO_0000050UBERON_0001682BFO_0000053PATO_0001598PATO_0000467	C_EQ_1
194	0	UBERON_0000483BFO_0000050UBERON_0000162BFO_0000050UBERON_0003100BFO_0000053PATO_0001408PATO_0000467	C_EQ_1
194	1	UBERON_0000483BFO_0000050UBERON_0000162BFO_0000050UBERON_0003100BFO_0000053PATO_0001408PATO_0000462	C_EQ_1
195	0	UBERON_0010290PATO_0000587	C_EQ_1
195	1	UBERON_0010290PATO_0000586	C_EQ_1
196	0	UBERON_0000209PATO_0001505UBERON_0010750	C_EQ_1
196	1	UBERON_0000209PATO_0001961UBERON_0004529BFO_0000050BSPO_0000079BFO_0000050UBERON_0002397	C_EQ_1
196	2	UBERON_0002397PATO_0000462	C_EQ_1
197	0	UBERONTEMP_d4bf48eb-10b0-4a4b-982a-55fe6154c741RO_0002150UBERONTEMP_9845ca83-6683-40cf-9c69-0786f38f16f1PATO_0000462	C_EQ_1
197	1	UBERONTEMP_d4bf48eb-10b0-4a4b-982a-55fe6154c741RO_0002150UBERONTEMP_9845ca83-6683-40cf-9c69-0786f38f16f1PATO_0000467	C_EQ_1
198	0	UBERONTEMP_ad1e8bd6-4d61-4902-aeb8-3f72123c14dfPATO_0000140PHENOSCAPE_complement_ofPATOTEMP_fd76a9ba-0b26-4ccb-9e4a-7bd0efe1ebc7UBERON_0000014	C_EQ_1
198	1	UBERONTEMP_ad1e8bd6-4d61-4902-aeb8-3f72123c14dfPATOTEMP_fd76a9ba-0b26-4ccb-9e4a-7bd0efe1ebc7UBERON_0000014	C_EQ_1
199	0	UBERONTEMP_2920b9ce-f709-4fe2-ad14-e6726227d3aeBFO_0000050UBERONTEMP_d55a3eec-6055-46eb-84c5-0e03f25b0122PATOTEMP_983ed41c-a4b3-4183-bee4-d9dfe15f88bb	C_EQ_1
199	1	UBERONTEMP_2920b9ce-f709-4fe2-ad14-e6726227d3aeBFO_0000050UBERONTEMP_d55a3eec-6055-46eb-84c5-0e03f25b0122PATOTEMP_41c01dfb-58d6-496f-ba30-1dd765dac4a4	C_EQ_1
200	0	UBERONTEMP_51fc0a23-6be1-4341-9048-34863ba2caddPATOTEMP_7b012680-6ad6-4036-98d8-eb31353901e0	C_EQ_1
200	1	UBERONTEMP_51fc0a23-6be1-4341-9048-34863ba2caddPATOTEMP_ec46b9e3-49c1-4a90-affe-4d9f4b71cfa0	C_EQ_1
201	0	UBERONTEMP_1dda372d-155b-4362-9858-bf816ab51d78PATOTEMP_42d65518-01ca-417d-a4f2-bbffefc4b6e0	C_EQ_1
201	1	UBERONTEMP_1dda372d-155b-4362-9858-bf816ab51d78PATOTEMP_90107b2b-e954-4469-8e9f-f19a5c6eb557	C_EQ_1
201	2	UBERONTEMP_1dda372d-155b-4362-9858-bf816ab51d78PATO_0000462	C_EQ_1
202	0	UBERON_0004746PATO_0001505UBERON_0000210	C_EQ_1
202	1	UBERON_0004746PATO_0001961UBERON_0000210	C_EQ_1
203	0	UBERON_0001430PATO_0001505UBERON_0001431	C_EQ_1
203	1	UBERON_0001430PATO_0000642UBERON_0001431	C_EQ_1
