1	0	UNKNOWNTEMP_3862c8c3-40e0-4488-a240-f93bc32739ebPATOTEMP_8822e54b-89f9-431a-8a20-25698b53353c	C_EQ_1
1	0	UBERONTEMP_4fffbeb1-0774-4eb2-860e-5b50dece221cPATO_0000586	C_EQ_2
1	1	UNKNOWNTEMP_3862c8c3-40e0-4488-a240-f93bc32739ebPATOTEMP_e76c6090-bd06-405b-9487-9b25ed5e341e	C_EQ_1
1	1	UBERONTEMP_4fffbeb1-0774-4eb2-860e-5b50dece221cPATO_0000587	C_EQ_2
1	2	UNKNOWNTEMP_3862c8c3-40e0-4488-a240-f93bc32739ebPATOTEMP_e76c6090-bd06-405b-9487-9b25ed5e341e	C_EQ_1
1	2	UBERONTEMP_4fffbeb1-0774-4eb2-860e-5b50dece221cPATO_0000462	C_EQ_2
2	0	UBERONTEMP_043616cc-abac-415d-b5e7-b0e96d27c4baPATO_0000070	C_EQ_1
2	1	UBERONTEMP_043616cc-abac-415d-b5e7-b0e96d27c4baPATO_0000070	C_EQ_1
2	1	UBERONTEMP_043616cc-abac-415d-b5e7-b0e96d27c4baPATO_0001786	C_EQ_2
2	1	BSPO_0000079BFO_0000050UBERON_0003113PATO_0001369	C_EQ_3
2	1	BSPO_0000079BFO_0000050UBERON_0003113PATO_0001875	C_EQ_4
3	0	UBERONTEMP_000a0d60-aa06-477d-936c-ba14ac4f0c2dRO_0002219UBERONTEMP_382249cd-df28-48b2-ba1a-38dc059b3d0cPATO_0000462	C_EQ_1
3	1	UBERONTEMP_000a0d60-aa06-477d-936c-ba14ac4f0c2dRO_0002219UBERONTEMP_382249cd-df28-48b2-ba1a-38dc059b3d0cPATO_0000467	C_EQ_1
4	0	UBERON_0001095PATO_0000119PATO_decreased_in_magnitude_relative_toPATO_0000122BFO_0000052UBERON_0001075	C_EQ_1
4	1	UBERON_0001095PATO_0000119PATO_increased_in_magnitude_relative_toPATO_0000122BFO_0000052UBERON_0001075	C_EQ_1
5	0	UBERONTEMP_9784fd41-af57-4b35-8fd6-6f64196109a7PATO_0000467	C_EQ_1
5	0	UBERONTEMP_657f231c-3c4d-4853-a17f-82c710315be6PATO_0000462	C_EQ_2
5	1	UBERONTEMP_9784fd41-af57-4b35-8fd6-6f64196109a7PATO_0000467	C_EQ_1
5	1	UBERONTEMP_657f231c-3c4d-4853-a17f-82c710315be6PATO_0000467	C_EQ_2
5	2	CL_0000855PATO_0000001	C_EQ_1
6	0	UBERON_3000003PATO_0000462	C_EQ_1
6	0	UBERON_3000003PATO_0001961UBERON_0001681	C_EQ_2
6	0	UBERON_3000003PATO_0000587	C_EQ_3
6	1	UBERON_3000003PATO_0001590UBERON_0001681	C_EQ_1
6	1	UBERON_3000003PATO_0000574	C_EQ_2
6	1	UBERON_3000003PATOTEMP_1d3b5aa9-5552-4c1b-ab2b-6c5ccb8dcdf6UBERON_2001840BFO_0000050UBERON_0001681	C_EQ_3
6	2	UBERON_3000003PATOTEMP_1d3b5aa9-5552-4c1b-ab2b-6c5ccb8dcdf6UBERON_2001840BFO_0000050UBERON_0001681	C_EQ_1
6	2	UBERON_3000003PATO_0000573	C_EQ_2
6	2	UBERON_3000003PATO_0001961UBERON_0000209	C_EQ_3
6	3	UBERON_3000003PATO_0000573	C_EQ_1
6	4	UBERON_3000003PATO_0000052	C_EQ_1
7	0	UBERON_0005932PATO_0000462	C_EQ_1
7	1	UBERON_0005932PATO_0000467	C_EQ_1
8	0	UBERON_0004529BFO_0000050BSPO_0000084BFO_0000050UBERON_0004626PATO_0000462	C_EQ_1
8	0	UBERON_0004529BFO_0000050BSPO_0000084BFO_0000050UBERON_0004626PATO_0002235	C_EQ_2
8	0	UBERON_0004529BFO_0000050BSPO_0000084BFO_0000050UBERON_0004627PATO_0000462	C_EQ_3
8	0	UBERON_0004529BFO_0000050BSPO_0000084BFO_0000050UBERON_0004627PATO_0002235	C_EQ_4
8	1	UBERON_0004529BFO_0000050BSPO_0000084BFO_0000050UBERON_0004627PATO_0001890	C_EQ_1
8	1	UBERON_0004529BFO_0000050BSPO_0000084BFO_0000050UBERON_0004627PATO_0001890	C_EQ_2
9	0	UBERONTEMP_771d4bfd-8447-4e10-8284-2c6e2362eeb4PATO_0000467	C_EQ_1
9	1	UBERONTEMP_771d4bfd-8447-4e10-8284-2c6e2362eeb4PATO_0001473	C_EQ_1
10	0	UBERON_0011171PATO_0001633UBERON_0006054	C_EQ_1
10	1	UBERON_0011171PATO_0001653UBERON_0006054	C_EQ_1
10	2	UBERON_0011171PATO_0001632UBERON_0006054	C_EQ_1
11	0	UBERONTEMP_227c8fa9-af2b-4301-9c95-641d39864df6PATO_0000587	C_EQ_1
11	1	UBERONTEMP_227c8fa9-af2b-4301-9c95-641d39864df6PATO_0000599	C_EQ_1
11	1	UBERONTEMP_227c8fa9-af2b-4301-9c95-641d39864df6PATO_0000586	C_EQ_2
12	0	PATO_0000383BFO_0000053UBERON_0012478BFO_0000050BSPO_0000079PATO_0000462	C_EQ_1
12	1	PATO_0000383BFO_0000053UBERON_0012478BFO_0000050BSPO_0000079PATO_0000467	C_EQ_1
13	0	UBERON_0001094PATO_0000467	C_EQ_1
13	1	UBERON_0001094PATO_0000462	C_EQ_1
14	0	UBERON_2001805PATO_0001505UBERON_0011637	C_EQ_1
14	1	UBERON_2001805PATO_0000642UBERON_0011637	C_EQ_1
15	0	UBERON_0001424PATO_0000574UBERON_0000976	C_EQ_1
15	1	UBERON_0001424PATO_0000573UBERON_0000976	C_EQ_1
16	0	UBERON_0001003BSPO_0000123UBERON_0000162PATO_0000462	C_EQ_1
16	1	UBERON_0001003BSPO_0000123UBERON_0000162PATO_0000467	C_EQ_1
17	0	UBERON_4200135BSPO_0000120UBERON_0000468PATO_0000651UBERON_4200135BSPO_0000121UBERON_0000468	C_EQ_1
17	1	UBERON_4200135BSPO_0000120UBERON_0000468PATO_0000642UBERON_4200135BSPO_0000121UBERON_0000468	C_EQ_1
18	0	UBERON_0002396BSPO_0000120UBERON_0000468PATO_0000651UBERON_0002396BSPO_0000121UBERON_0000468	C_EQ_1
18	1	UBERON_0002396BSPO_0000120UBERON_0000468PATO_0000642UBERON_0002396BSPO_0000121UBERON_0000468	C_EQ_1
19	0	UBERONTEMP_b0379d68-e54b-4dac-851c-0336cfb85a8fPATO_0000070	C_EQ_1
19	1	UBERONTEMP_b0379d68-e54b-4dac-851c-0336cfb85a8fPATO_0000070	C_EQ_1
19	2	UBERONTEMP_b0379d68-e54b-4dac-851c-0336cfb85a8fPATO_0000462	C_EQ_1
20	0	UBERON_0001695PATO_0001961UBERON_0000210	C_EQ_1
20	0	UBERON_0001695PATO_0001961UBERON_0003113	C_EQ_2
20	1	UBERON_0001695PATO_0001505UBERON_0000210	C_EQ_1
20	1	UBERON_0001695PATO_0001505UBERON_0003113	C_EQ_2
21	0	UBERON_0004704BFO_0000050BSPO_0000079BFO_0000050UBERON_0004302BFO_0000050UBERON_0003622PATO_0002034	C_EQ_1
21	1	UBERON_0004704BFO_0000050BSPO_0000079BFO_0000050UBERON_0004302BFO_0000050UBERON_0003622PATO_0001786	C_EQ_1
21	1	UBERON_0004529BFO_0000050BSPO_0000079BFO_0000050UBERON_0004302BFO_0000050UBERON_0003622PATO_0000467	C_EQ_2
22	0	UBERON_2000356PATO_0000122PATO_increased_in_magnitude_relative_toPATO_0000921BFO_0000052UBERON_2000356	C_EQ_1
22	1	UBERON_2000356PATO_0000122PATO_decreased_in_magnitude_relative_toPATO_0000921BFO_0000052UBERON_2000356	C_EQ_1
23	0	UBERONTEMP_d5858eeb-975b-4ad6-b564-1d71f03f25f4BSPO_0000099UBERON_3000003PATO_0000462	C_EQ_1
23	1	UBERONTEMP_d5858eeb-975b-4ad6-b564-1d71f03f25f4BSPO_0000099UBERON_3000003PATO_0000467	C_EQ_1
24	0	UBERONTEMP_65292031-1a72-4f0a-a385-a479e6a8625fPATO_0001961UBERONTEMP_0261cdfc-5e94-4560-8b5c-488f9f2194ca	C_EQ_1
24	1	UBERONTEMP_65292031-1a72-4f0a-a385-a479e6a8625fPATO_0001505UBERONTEMP_0261cdfc-5e94-4560-8b5c-488f9f2194ca	C_EQ_1
25	0	UBERON_0001479BFO_0000050UBERON_0004454PATO_0000462	C_EQ_1
25	1	UBERON_0001479BFO_0000050UBERON_0004454PATO_0000467	C_EQ_1
26	0	UBERON_0000152BSPO_0000120UBERON_0000468PATO_0001505UBERON_0000152BSPO_0000121UBERON_0000468	C_EQ_1
26	1	UBERON_0000152BSPO_0000120UBERON_0000468PATO_0001590UBERON_0000152BSPO_0000121UBERON_0000468	C_EQ_1
26	1	UBERON_0000152BSPO_0000120UBERON_0000468PATO_0002259UBERON_0000152BSPO_0000121UBERON_0000468	C_EQ_2
27	0	UBERON_0002228PATOTEMP_05e2dbcc-ba43-40e1-a80c-af1fdcb368b2	C_EQ_1
27	1	UBERON_0002228PATOTEMP_09c64970-0329-4bad-9e19-2d2a9995742c	C_EQ_1
28	0	UBERON_2002283BFO_0000050UBERON_4000164PATOTEMP_9d816e6d-d647-4a6a-83a4-6df7f4579052	C_EQ_1
28	1	UBERON_2002283BFO_0000050UBERON_4000164PATO_0000141PHENOSCAPE_complement_ofPATOTEMP_9d816e6d-d647-4a6a-83a4-6df7f4579052	C_EQ_1
29	0	UBERONTEMP_b89569c0-c78e-4d3b-aa70-42bfaf85f452UBERON_in_lateral_side_ofUBERON_0003101PATO_0000462	C_EQ_1
29	1	UBERONTEMP_b89569c0-c78e-4d3b-aa70-42bfaf85f452UBERON_in_lateral_side_ofUBERON_0003101PATO_0000467	C_EQ_1
30	0	UBERON_3000543PATO_0001654UBERON_0004529BFO_0000050UBERON_0004744	C_EQ_1
30	1	UBERON_3000543PATO_0001653UBERON_0004529BFO_0000050UBERON_0004744	C_EQ_1
31	0	UBERON_0005094BFO_0000053PATOTEMP_6734e62a-dd4a-43cc-8e59-c6ac7280e12cPATO_0000462	C_EQ_1
31	1	UBERON_0005094BFO_0000053PATOTEMP_6734e62a-dd4a-43cc-8e59-c6ac7280e12cPATO_0000467	C_EQ_1
32	0	UBERONTEMP_a85f7cba-e17d-473d-8ebe-e8e51e17c04dBFO_0000050UBERONTEMP_367dba08-73f2-4ae2-8b00-bd7087482a2dPATO_0000467	C_EQ_1
32	1	UBERONTEMP_a85f7cba-e17d-473d-8ebe-e8e51e17c04dBFO_0000050UBERONTEMP_367dba08-73f2-4ae2-8b00-bd7087482a2dPATO_0000462	C_EQ_1
33	0	UBERON_0004529BFO_0000050BSPO_0000029BFO_0000050UBERON_0004649PATO_0000467	C_EQ_1
33	0	UBERON_0004649PATO_0002391	C_EQ_2
33	0	UBERON_0004529BFO_0000050BSPO_0000028BFO_0000050UBERON_0004649PATO_0000467	C_EQ_3
33	1	UBERON_0004529BFO_0000050BSPO_0000029BFO_0000050UBERON_0004649PATO_0000467	C_EQ_1
33	1	UBERON_0004529BFO_0000050BSPO_0000028BFO_0000050UBERON_0004649PATO_0000467	C_EQ_2
33	1	UBERON_0004529BFO_0000050BSPO_0000050BFO_0000050UBERON_0004649PATO_0000467	C_EQ_3
33	1	UBERON_0004649PATO_0002391	C_EQ_4
33	2	UBERON_0004529BFO_0000050BSPO_0000028BFO_0000050UBERON_0004649PATO_0000467	C_EQ_1
33	2	UBERON_0004529BFO_0000050BSPO_0000050BFO_0000050UBERON_0004649PATO_0000467	C_EQ_2
33	2	UBERON_0004649PATO_0001870	C_EQ_3
33	3	UBERON_0004649PATO_0001199	C_EQ_1
33	3	UBERON_0004649PATO_0000588	C_EQ_2
33	4	UBERON_0004649PATO_0000462	C_EQ_1
34	0	BSPO_0000072BFO_0000050UBERONTEMP_1ab99cc2-1435-4a9f-ade0-4e3b8efc8774PATO_0002261UBERON_0006428	C_EQ_1
34	1	BSPO_0000072BFO_0000050UBERONTEMP_1ab99cc2-1435-4a9f-ade0-4e3b8efc8774PATO_0002261UBERON_0006428	C_EQ_1
34	1	BSPO_0000072BFO_0000050UBERONTEMP_1ab99cc2-1435-4a9f-ade0-4e3b8efc8774PATO_0002261UBERON_0004746	C_EQ_2
34	2	BSPO_0000072BFO_0000050UBERONTEMP_1ab99cc2-1435-4a9f-ade0-4e3b8efc8774PATO_0002261UBERON_0004746	C_EQ_1
34	3	BSPO_0000072BFO_0000050UBERONTEMP_1ab99cc2-1435-4a9f-ade0-4e3b8efc8774PATO_0002261UBERON_0006428	C_EQ_1
34	3	BSPO_0000072BFO_0000050UBERONTEMP_1ab99cc2-1435-4a9f-ade0-4e3b8efc8774PATO_0002261UBERON_0000210	C_EQ_2
35	0	UBERON_0003674BFO_0000050UBERON_0003277PATO_0000467	C_EQ_1
35	1	UBERON_0003674BFO_0000050UBERON_0003277PATO_0000462	C_EQ_1
36	0	UBERON_2002015BFO_0000050UBERON_0003278PATO_0001973	C_EQ_1
36	1	UBERON_2002015BFO_0000050UBERON_0003278PATO_0002281	C_EQ_1
36	1	UBERON_2002015BFO_0000050UBERON_0003278PATOTEMP_36446e65-e986-4e46-8d62-bc7830f6d407	C_EQ_2
37	0	UBERON_0002542UBERON_attaches_toUBERON_0001567PATO_0000462	C_EQ_1
37	1	UBERON_0002542UBERON_attaches_toUBERON_0001567PATO_0000467	C_EQ_1
38	0	UBERON_0005813BFO_0000050UBERON_0002097PATO_0000462	C_EQ_1
38	1	UBERON_0005813BFO_0000050UBERON_0002097PATO_0000467	C_EQ_1
38	1	UBERON_2002053PATO_0000467	C_EQ_2
38	2	UBERON_0005813BFO_0000050UBERON_0008201PATO_0000467	C_EQ_1
39	0	UBERON_2001248BFO_0000053PATOTEMP_6734e62a-dd4a-43cc-8e59-c6ac7280e12cPATO_0000462	C_EQ_1
39	1	UBERON_2001248BFO_0000053PATOTEMP_6734e62a-dd4a-43cc-8e59-c6ac7280e12cPATO_0001499	C_EQ_1
39	2	UBERON_2001248BFO_0000053PATOTEMP_6734e62a-dd4a-43cc-8e59-c6ac7280e12cPATO_0001154	C_EQ_1
39	3	UBERON_2001248BFO_0000053PATOTEMP_6734e62a-dd4a-43cc-8e59-c6ac7280e12cPATO_0001154	C_EQ_1
39	3	UBERON_2001248BFO_0000053PATOTEMP_6734e62a-dd4a-43cc-8e59-c6ac7280e12cPATO_0001499	C_EQ_2
40	0	BSPO_0000009BFO_0000050BSPO_0000671BFO_0000050UBERON_0001681PATO_0001633BSPO_0000682BFO_0000050UBERON_0001681	C_EQ_1
40	1	BSPO_0000009BFO_0000050BSPO_0000671BFO_0000050UBERON_0001681PATO_0002180	C_EQ_1
40	2	BSPO_0000009BFO_0000050BSPO_0000671BFO_0000050UBERON_0001681PATO_0001632BSPO_0000682BFO_0000050UBERON_0001681	C_EQ_1
41	0	UBERONTEMP_77dc0e17-6de8-4115-a7f6-9e692dab9029PATO_0000462	C_EQ_1
41	1	UBERONTEMP_77dc0e17-6de8-4115-a7f6-9e692dab9029PATO_0002232	C_EQ_1
41	1	BSPO_0000029BFO_0000050UBERONTEMP_77dc0e17-6de8-4115-a7f6-9e692dab9029PATO_0001857	C_EQ_2
42	0	BSPO_0000400BFO_0000050UBERON_0011593PATO_0002054	C_EQ_1
42	1	BSPO_0000400BFO_0000050UBERON_0011593PATO_0000411	C_EQ_1
42	2	BSPO_0000400BFO_0000050UBERON_0011593PATO_0002252	C_EQ_1
43	0	UBERON_0001092PATOTEMP_08f33581-2b05-477a-9213-dda0e0972f7aUBERON_0002413	C_EQ_1
43	1	UBERON_0001092PATO_0000574UBERON_0002413	C_EQ_1
43	2	UBERON_0001092PATO_0000573UBERON_0002413	C_EQ_1
44	0	UBERON_2000271BFO_0000050UBERON_4200003PATO_0001505UBERON_2000271BFO_0000050UBERONTEMP_498d2b0d-6e51-4d20-ba52-8d409676994eBFO_0000050UBERON_0012353	C_EQ_1
44	0	UBERON_2000271BFO_0000050UBERON_4200003PATO_0001505UBERON_2000271BFO_0000050UBERONTEMP_3c7a2d2f-ee9c-4dcb-800c-985e32d5dc83BFO_0000050UBERON_0012353	C_EQ_2
44	1	UBERON_2000271BFO_0000050UBERON_4200003PATO_0002278UBERON_2000271BFO_0000050UBERONTEMP_498d2b0d-6e51-4d20-ba52-8d409676994eBFO_0000050UBERON_0012353	C_EQ_1
44	1	UBERON_2000271BFO_0000050UBERON_4200003PATO_0002278UBERON_2000271BFO_0000050UBERONTEMP_3c7a2d2f-ee9c-4dcb-800c-985e32d5dc83BFO_0000050UBERON_0012353	C_EQ_2
45	0	UBERON_0010516BFO_0000053PATO_0001205PATO_0000462	C_EQ_1
45	1	UBERON_0010516BFO_0000053PATO_0001205PATO_0000467	C_EQ_1
46	0	UBERON_0008201PATO_0002442	C_EQ_1
46	1	UBERON_0008201PATO_0002441	C_EQ_1
47	0	UBERON_3000543PATOTEMP_be5ee941-906d-4f7d-9995-8f7c5dc0fcfeUBERON_2001805	C_EQ_1
47	1	UBERON_3000543PATOTEMP_be5ee941-906d-4f7d-9995-8f7c5dc0fcfeUBERON_0011636	C_EQ_1
47	1	UBERON_3000543PATOTEMP_be5ee941-906d-4f7d-9995-8f7c5dc0fcfeUBERON_2001805	C_EQ_2
47	1	UBERON_3000543PATOTEMP_be5ee941-906d-4f7d-9995-8f7c5dc0fcfeUBERON_0011079	C_EQ_3
47	1	UBERON_3000543PATOTEMP_be5ee941-906d-4f7d-9995-8f7c5dc0fcfeUBERON_0011637	C_EQ_4
48	0	UBERON_0004529BFO_0000050BSPO_0000071BFO_0000050UBERON_0010889PATO_0000462	C_EQ_1
48	0	UBERON_0004529BFO_0000050BSPO_0000082BFO_0000050UBERON_0010889PATO_0000462	C_EQ_2
48	1	UBERON_0004529BFO_0000050BSPO_0000071BFO_0000050UBERON_0010889PATO_0000467	C_EQ_1
48	1	UBERON_0010889PATO_0002253	C_EQ_2
48	1	BSPO_0000679BFO_0000050UBERON_0010889PATO_0000642UBERON_0004866	C_EQ_3
48	2	UBERON_0004529BFO_0000050BSPO_0000029BFO_0000050UBERON_0010889PATO_0000467	C_EQ_1
48	2	BSPO_0000679BFO_0000050UBERON_0010889PATO_0000642UBERON_0004866	C_EQ_2
48	2	UBERON_0010889PATO_0000586	C_EQ_3
49	0	UBERONTEMP_df278a3c-58fe-4442-9611-22473117a50dPATO_0000462	C_EQ_1
49	1	UBERONTEMP_df278a3c-58fe-4442-9611-22473117a50dPATO_0000467	C_EQ_1
50	0	UNKNOWNTEMP_3862c8c3-40e0-4488-a240-f93bc32739ebPATO_0000462	C_EQ_1
50	1	UNKNOWNTEMP_3862c8c3-40e0-4488-a240-f93bc32739ebPATO_0000467	C_EQ_1
51	0	UBERONTEMP_4d719e1e-df5d-4735-9490-45e6e22b549aPATO_0000122PATO_increased_in_magnitude_relative_toPATO_0000122BFO_0000052BSPO_0000071BFO_0000050UBERON_0000210	C_EQ_1
51	1	UBERONTEMP_4d719e1e-df5d-4735-9490-45e6e22b549aPATO_0000122PATO_decreased_in_magnitude_relative_toPATO_0000122BFO_0000052BSPO_0000071BFO_0000050UBERON_0000210	C_EQ_1
51	2	UBERONTEMP_4d719e1e-df5d-4735-9490-45e6e22b549aPATO_0000462	C_EQ_1
52	0	UBERON_2002053BFO_0000050BSPO_0000384BFO_0000050UBERON_0000468PATO_0000462	C_EQ_1
52	1	UBERON_2002053BFO_0000050BSPO_0000384BFO_0000050UBERON_0000468PATO_0000467	C_EQ_1
53	0	UBERON_0004111BFO_0000050UBERON_0000210PATOTEMP_499c1f37-c1fe-456a-86be-ce5f94a44782	C_EQ_1
53	0	UBERON_0004111BFO_0000050UBERON_0000210PATOTEMP_0c40ec8a-5635-4721-9bea-e57057db26f6	C_EQ_2
53	1	UBERON_0004111BFO_0000050UBERON_0000210PATO_0002118	C_EQ_1
54	0	UBERON_1500003BFO_0000050UBERON_0002542PATO_0000462	C_EQ_1
54	1	UBERON_1500003BFO_0000050UBERON_0002542PATO_0000467	C_EQ_1
55	0	UBERON_2001737PHENOSCAPE_extends_toUBERON_0004743PATO_0000467	C_EQ_1
55	0	UBERON_2001737PHENOSCAPE_extends_toUBERON_0006849PATO_0000462	C_EQ_2
55	1	UBERON_2001737PHENOSCAPE_extends_toUBERON_0004743PATO_0000467	C_EQ_1
55	1	UBERON_2001737PHENOSCAPE_extends_toUBERON_0006849PATO_0000467	C_EQ_2
55	2	UBERON_2001737PATO_0000462	C_EQ_1
56	0	UBERON_0010750PATO_0000467	C_EQ_1
56	1	UBERON_0010750PATO_0000462	C_EQ_1
57	0	UBERON_0004867PATO_0000411	C_EQ_1
57	1	UBERON_0004867PATO_0001154	C_EQ_1
58	0	UBERON_0004905UBERON_connectsUBERON_0001693UBERON_connectsUBERON_0001092PATO_0000070	C_EQ_1
58	1	UBERON_0004905UBERON_connectsUBERON_0001693UBERON_connectsUBERON_0001092PATO_0000070	C_EQ_1
59	0	UBERON_0003623PATO_0000574UBERON_0003624	C_EQ_1
59	1	UBERON_0003623PATO_0000573UBERON_0003624	C_EQ_1
60	0	UBERON_0000468PATO_0001595PATO_decreased_in_magnitude_relative_toPATO_0000122BFO_0000052UBERON_0000468	C_EQ_1
60	1	UBERON_0000468PATO_0001595PATO_increased_in_magnitude_relative_toPATO_0000122BFO_0000052UBERON_0000468	C_EQ_1
61	0	UBERON_0011079PATO_0000467	C_EQ_1
61	1	UBERON_0011079PATO_0000462	C_EQ_1
62	0	UBERON_0004111UBERON_enclosesUBERON_0001649PATO_0001632UBERON_0004637	C_EQ_1
62	1	UBERON_0004111UBERON_enclosesUBERON_0001649PATO_0001633UBERON_0004637	C_EQ_1
63	0	UBERON_0006802PATO_0000587	C_EQ_1
63	1	UBERON_0006802PATO_0000586	C_EQ_1
63	1	UBERON_0006802PATOTEMP_4f64ba78-f8f2-49ac-a6e4-a7a45344b603UBERON_0001269	C_EQ_2
64	0	UBERON_0011604BFO_0000050UBERON_0006071BFO_0000050UBERON_0000975PATO_0000569UBERON_0011604BFO_0000050BSPO_0000079BFO_0000050UBERON_0000975	C_EQ_1
64	1	UBERON_0011604BFO_0000050UBERON_0006071BFO_0000050UBERON_0000975PATO_0000570UBERON_0011604BFO_0000050BSPO_0000079BFO_0000050UBERON_0000975	C_EQ_1
65	0	UBERON_0001533PHENOSCAPE_extends_fromUBERON_0003120PATO_0000467	C_EQ_1
65	0	UBERON_0001533PHENOSCAPE_extends_fromUBERON_0003121PATO_0000467	C_EQ_2
65	1	UBERON_0001533BSPO_0000103UBERON_3010217PATO_0000467	C_EQ_1
65	2	UBERON_0001533BSPO_0000096UBERON_3010219PATO_0000467	C_EQ_1
65	2	UBERON_0001533BSPO_0000096UBERON_3010218PATO_0000467	C_EQ_2
65	3		C_EQ_1
66	0	UBERONTEMP_aeb6ac70-fd18-403d-a0b9-dd03942c7812BFO_0000051UBERON_0004530UBERON_connectsUBERON_0001077UBERON_connectsUBERON_0001080PATO_0000462	C_EQ_1
66	1	UBERONTEMP_aeb6ac70-fd18-403d-a0b9-dd03942c7812BFO_0000051UBERON_0004530UBERON_connectsUBERON_0001077UBERON_connectsUBERON_0001080PATO_0000467	C_EQ_1
67	0	UBERON_0002244BSPO_0000120UBERON_0000468PATO_0000651UBERON_0002244BSPO_0000121UBERON_0000468	C_EQ_1
67	1	UBERON_0002244BSPO_0000120UBERON_0000468PATO_0000642UBERON_0002244BSPO_0000121UBERON_0000468	C_EQ_1
68	0	UBERON_4100003BFO_0000050UBERON_0001685RO_0002150BSPO_0000028BFO_0000050UBERON_0004637PATO_0000462	C_EQ_1
68	1	UBERON_4100003BFO_0000050UBERON_0001685RO_0002150BSPO_0000028BFO_0000050UBERON_0004637PATO_0000467	C_EQ_1
69	0	UBERON_0004529BFO_0000050UBERON_2000223PATO_0000599	C_EQ_1
69	1	UBERON_0004529BFO_0000050UBERON_2000223PATO_0000600	C_EQ_1
70	0	UBERON_0001716UBERON_enclosesUBERON_0010425PATO_0000462	C_EQ_1
70	1	UBERON_0001716UBERON_enclosesUBERON_0010425PATO_0000467	C_EQ_1
70	1	UBERON_0004529BFO_0000050BSPO_0000049BFO_0000050UBERON_0001682PATOTEMP_fd76a9ba-0b26-4ccb-9e4a-7bd0efe1ebc7UBERON_0010425	C_EQ_2
70	2	UBERON_0001716UBERON_enclosesUBERON_0010425PATO_0000467	C_EQ_1
70	2	UBERON_0004529BFO_0000050BSPO_0000049BFO_0000050UBERON_0001682PATOTEMP_fd76a9ba-0b26-4ccb-9e4a-7bd0efe1ebc7UBERON_0004529BFO_0000050BSPO_0000048BFO_0000050UBERON_0001682	C_EQ_2
70	3	UBERON_0001716UBERON_enclosesUBERON_0010425PATO_0000467	C_EQ_1
70	3	UBERON_0001682BSPO_0000120UBERON_0000468PATO_0001961UBERON_0001682BSPO_0000121UBERON_0000468	C_EQ_2
71	0	UBERONTEMP_292e2e93-97c8-4cb6-8aa6-70884dab60d4PATO_0000462	C_EQ_1
71	1	UBERONTEMP_292e2e93-97c8-4cb6-8aa6-70884dab60d4PHENOSCAPE_extends_toUBERON_0001680PATO_0000467	C_EQ_1
71	1	UBERONTEMP_292e2e93-97c8-4cb6-8aa6-70884dab60d4PHENOSCAPE_extends_toUBERON_0001682PATO_0000467	C_EQ_2
71	2	UBERON_0001682UBERON_enclosesUBERONTEMP_292e2e93-97c8-4cb6-8aa6-70884dab60d4PATO_0000467	C_EQ_1
71	2	UBERON_0001680UBERON_enclosesUBERONTEMP_292e2e93-97c8-4cb6-8aa6-70884dab60d4PATO_0000467	C_EQ_2
71	2	UBERON_0010750UBERON_enclosesUBERONTEMP_292e2e93-97c8-4cb6-8aa6-70884dab60d4PATO_0000467	C_EQ_3
72	0	UBERON_0004704BFO_0000050BSPO_0000682BFO_0000050UBERON_0011964PATO_0000462	C_EQ_1
72	1	UBERON_0004704BFO_0000050BSPO_0000682BFO_0000050UBERON_0011964PATO_0000467	C_EQ_1
73	0	UBERON_0006846BFO_0000050BSPO_0000672BFO_0000050UBERON_0004743PATO_0000462	C_EQ_1
73	1	UBERON_0006846BFO_0000050BSPO_0000672BFO_0000050UBERON_0004743PATO_0000467	C_EQ_1
74	0	UBERON_0003672UBERON_attaches_toUBERON_0011634PATO_0000467	C_EQ_1
74	1	UBERON_0003672UBERON_attaches_toUBERON_0011634PATO_0000462	C_EQ_1
75	0	UBERON_0004529BFO_0000050BSPO_0000072BFO_0000050UBERON_0004745PATO_0000467	C_EQ_1
75	0	BSPO_0000072BFO_0000050UBERON_0004745PATO_0000600	C_EQ_2
75	1	UBERON_0004529BFO_0000050BSPO_0000072BFO_0000050UBERON_0004745PATO_0000462	C_EQ_1
75	1	BSPO_0000072BFO_0000050UBERON_0004745PATO_0000599	C_EQ_2
76	0	UBERON_0002397PATO_0001590BSPO_0000671BFO_0000050UBERON_2001967	C_EQ_1
76	1	UBERON_0002397PATO_0001505BSPO_0000671BFO_0000050UBERON_2001967	C_EQ_1
77	0	UBERONTEMP_0ac04df7-2f9b-4c8a-bb52-f46b396e82b9PATO_0000463	C_EQ_1
77	1	UBERONTEMP_0ac04df7-2f9b-4c8a-bb52-f46b396e82b9PATO_0000464	C_EQ_1
77	1	UBERONTEMP_0ac04df7-2f9b-4c8a-bb52-f46b396e82b9PATO_0000462	C_EQ_2
78	0	UBERON_0001107PATO_0000462	C_EQ_1
78	1	UBERON_0001107PATO_0000467	C_EQ_1
79	0	UBERON_0001694RO_0002150UBERON_0001688PATO_0000462	C_EQ_1
79	1	UBERON_0001694RO_0002150UBERON_0001688PATO_0000467	C_EQ_1
80	0	UBERON_0000088PATO_0000462	C_EQ_1
80	1	UBERON_0000088PATO_0000467	C_EQ_1
81	0	UBERONTEMP_0eca0bcc-9e29-446d-bd9a-619176176347UBERON_has_muscle_insertionUBERON_4100005BFO_0000050UBERON_0006048PATO_0000462	C_EQ_1
81	1	UBERONTEMP_0eca0bcc-9e29-446d-bd9a-619176176347UBERON_has_muscle_insertionUBERON_4100005BFO_0000050UBERON_0006048PATO_0000467	C_EQ_1
82	0	UBERON_4200037PATO_0000586	C_EQ_1
82	0	UBERON_4200037PATO_0002326UBERON_0004652	C_EQ_2
82	0	UBERON_4200037PATO_0001505UBERON_0004652	C_EQ_3
82	1	UBERON_4200037PATO_0000586	C_EQ_1
82	1	UBERON_4200037PATO_0002272UBERON_0004652	C_EQ_2
82	1	UBERON_4200037PATO_0001505UBERON_0004652	C_EQ_3
82	2	UBERON_4200037PATO_0000587	C_EQ_1
82	2	UBERON_4200037PATO_0001961UBERON_0004652	C_EQ_2
83	0	UBERON_2002097BFO_0000050UBERON_0001835PATO_0000462	C_EQ_1
83	0	UBERON_2002097BFO_0000050UBERON_0001834PATO_0000462	C_EQ_2
83	1	UBERON_2002097BFO_0000050UBERON_0001835PATO_0000467	C_EQ_1
83	1	UBERON_2002097BFO_0000050UBERON_0001834PATO_0000467	C_EQ_2
84	0	UBERON_0002392PATO_0000467	C_EQ_1
84	1	UBERON_0002392PATO_0000462	C_EQ_1
85	0	UBERON_2002283PATO_0002268	C_EQ_1
85	0	UBERON_2002283PATO_0001196UBERON_0010202	C_EQ_2
85	2	UBERON_2002283PATO_0000462	C_EQ_1
85	1	UBERON_2002283PATO_0002268	C_EQ_1
85	1	UBERON_2002283PATO_0001233UBERON_0010202	C_EQ_2
85	1	UBERON_2002283PATO_0001590UBERON_0010202	C_EQ_3
86	0	UBERON_0012079PATO_0000462	C_EQ_1
86	1	UBERON_0012079PATO_0000467	C_EQ_1
87	0	UBERON_0004111UBERON_enclosesUBERON_3010219PATO_0000467	C_EQ_1
87	1	UBERON_0004111UBERON_enclosesUBERON_3010219PATO_0000462	C_EQ_1
88	0	UBERON_0001324PATO_0000467	C_EQ_1
88	1	UBERON_0001324PATO_0000462	C_EQ_1
89	0	UBERON_0009979BFO_0000050UBERON_0006597PATO_0000462	C_EQ_1
89	1	UBERON_0009979BFO_0000050UBERON_0006597PATO_0000467	C_EQ_1
90	0	UBERON_0000209UBERON_anteriorly_connected_toUBERON_0002397PATO_0000462	C_EQ_1
90	1	UBERON_0000209UBERON_anteriorly_connected_toUBERON_0002397PATO_0000467	C_EQ_1
91	0	UBERON_0001682PATO_0001505UBERON_0010389	C_EQ_1
91	1	UBERON_0001682PATO_0000642UBERON_0010389	C_EQ_1
92	0	UBERONTEMP_d522e981-3a43-4cab-9862-4344b5c3ff22PATO_0002180	C_EQ_1
92	0	UBERONTEMP_d522e981-3a43-4cab-9862-4344b5c3ff22PATOTEMP_2cb8366e-4a95-4249-825e-5faab0104952UBERON_0002413	C_EQ_2
92	0	UBERON_0004529BSPO_0000123UBERONTEMP_d522e981-3a43-4cab-9862-4344b5c3ff22PATO_0000467	C_EQ_3
92	1	UBERONTEMP_d522e981-3a43-4cab-9862-4344b5c3ff22PATO_0002272UBERON_0002413	C_EQ_1
92	1	UBERONTEMP_d522e981-3a43-4cab-9862-4344b5c3ff22PATO_0002215	C_EQ_2
93	0	BSPO_0000072BFO_0000050UBERON_0002314PATO_0000462	C_EQ_1
93	1	BSPO_0000072BFO_0000050UBERON_0002314PATO_0000467	C_EQ_1
94	0	UBERON_3010069PATO_0000586UBERON_0007958	C_EQ_1
94	1	UBERON_3010069PATO_0000587UBERON_0007958	C_EQ_1
94	2	UBERON_3010069PATO_0000462	C_EQ_1
95	0	UBERON_0001091BFO_0000053PATO_0002021PATO_0000462	C_EQ_1
95	1	UBERON_0001091BFO_0000053PATO_0002021PATO_0000467	C_EQ_1
96	0	UBERONTEMP_75dafdaf-a59c-42ab-94e6-4816a29edb2fPATO_0000462	C_EQ_1
96	1	UBERONTEMP_75dafdaf-a59c-42ab-94e6-4816a29edb2fPATO_0000467	C_EQ_1
97	0	UBERON_1500006PHENOSCAPE_extends_fromUBERON_0000309PATO_0000462	C_EQ_1
97	1	UBERON_1500006PHENOSCAPE_extends_fromUBERON_0000309PATO_0000467	C_EQ_1
98	0	UBERON_2002283BFO_0000050UBERON_4000164PATO_0001233UBERON_0010202	C_EQ_1
98	2	UBERON_2001463BFO_0000050UBERON_4000164PATO_0001854	C_EQ_1
98	1	UBERON_2002283BFO_0000050UBERON_4000164PATO_0001590UBERON_0010202	C_EQ_1
99	0	UBERON_0004765BSPO_0000123UBERON_0013190PATO_0000462	C_EQ_1
99	1	UBERON_0004765BSPO_0000123UBERON_0013190PATO_0000467	C_EQ_1
100	0	UBERON_0003672BFO_0000050BSPO_0000071BFO_0000050UBERON_0004742PATO_0000467	C_EQ_1
100	1	UBERON_0003672BFO_0000050BSPO_0000071BFO_0000050UBERON_0004742PATO_0000462	C_EQ_1
101	0	UBERON_2001586BFO_0000053PATOTEMP_0c40ec8a-5635-4721-9bea-e57057db26f6PATO_0000462	C_EQ_1
101	1	UBERON_2001586BFO_0000053PATOTEMP_0c40ec8a-5635-4721-9bea-e57057db26f6PATO_0000467	C_EQ_1
102	0	UBERON_0006849PATO_0000587UBERON_0004743	C_EQ_1
102	0	UBERON_0006849PATOTEMP_1661abba-22d3-4266-b0a2-d7b7d3a7e086UBERON_0004743	C_EQ_2
102	1	UBERON_0006849PATO_0000587UBERON_0004743	C_EQ_1
102	2	UBERON_0006849PATO_0000462	C_EQ_1
102	2	UBERON_0004743PATO_0000462	C_EQ_2
103	0	UBERON_0001649PHENOSCAPE_extends_fromUBERONTEMP_41980771-8a82-40d2-877e-3156cc80857bPATO_0000462	C_EQ_1
103	1	UBERON_0001649PHENOSCAPE_extends_fromUBERONTEMP_41980771-8a82-40d2-877e-3156cc80857bPATO_0000467	C_EQ_1
104	0	UBERON_3000543PATO_0000462	C_EQ_1
104	0	UBERON_3000543PATO_0000587	C_EQ_2
104	0	UBERON_3000543PATO_0000599	C_EQ_3
104	1	UBERON_3000543PATO_0000600	C_EQ_1
104	1	UBERON_3000543PATO_0001857	C_EQ_2
105	0	BSPO_0000072BFO_0000050UBERONTEMP_ce51e481-b593-46b0-bf63-2e5ca23a1f85PATO_0000587UBERON_0006801	C_EQ_1
105	1	BSPO_0000072BFO_0000050UBERONTEMP_ce51e481-b593-46b0-bf63-2e5ca23a1f85PATO_0000586UBERON_0006801	C_EQ_1
106	0	UBERON_0004529BFO_0000050UBERON_0000975PATO_0000462	C_EQ_1
106	1	UBERON_0004529BFO_0000050UBERON_0000975PATO_0000467	C_EQ_1
107	0	UBERON_0001692PATO_0001784	C_EQ_1
107	1	UBERON_0001692PATO_0002397	C_EQ_1
108	0	UBERON_4200048PATO_0000464	C_EQ_1
108	1	UBERON_4200048PATO_0000463	C_EQ_1
109	0	UBERON_0007844BFO_0000050UBERON_0001833PATO_0000462	C_EQ_1
109	1	UBERON_0007844BFO_0000050UBERON_0001833PATO_0000467	C_EQ_1
110	0	UBERON_0004529BFO_0000050UBERON_0008812PATO_0000462	C_EQ_1
110	1	UBERON_0004529BFO_0000050UBERON_0008812PATO_0001503	C_EQ_1
110	2	UBERON_0004529BFO_0000050UBERON_0008812PATO_0002257	C_EQ_1
111	0	UBERON_0001682BSPO_0000120UBERON_0000468PATO_0001505UBERON_0001682BSPO_0000121UBERON_0000468	C_EQ_1
111	1	UBERON_0001682BSPO_0000120UBERON_0000468PATO_0000642UBERON_0001682BSPO_0000121UBERON_0000468	C_EQ_1
112	0	UBERON_4300006UBERON_attaches_toUBERON_0001567PATO_0000632	C_EQ_1
112	0	UBERON_4300006UBERON_attaches_toUBERON_0001567PATOTEMP_1661abba-22d3-4266-b0a2-d7b7d3a7e086	C_EQ_2
112	1	UBERON_4300006UBERON_attaches_toUBERON_0001567PATO_0000616	C_EQ_1
112	1	UBERON_4300006UBERON_attaches_toUBERON_0001567PATO_0001956	C_EQ_2
113	0	UBERONTEMP_65b40ec3-fa39-4802-bfa8-fb6145400c29PATO_0001961UBERONTEMP_071e0de7-9e35-437a-b985-d9ec084e5a42	C_EQ_1
113	1	UBERONTEMP_65b40ec3-fa39-4802-bfa8-fb6145400c29PATO_0001505UBERONTEMP_071e0de7-9e35-437a-b985-d9ec084e5a42	C_EQ_1
114	0	UBERON_0000060BFO_0000050BSPO_0000072BFO_0000050UBERON_0006332PATO_0000608	C_EQ_1
114	1	UBERON_0000060BFO_0000050BSPO_0000072BFO_0000050UBERON_0006332PATO_0000609	C_EQ_1
115	0	UBERON_0006811PATO_0000947	C_EQ_1
115	0	UBERON_0001676BFO_0000051UBERON_0001692BFO_0000051UBERON_0001693PATO_0000467	C_EQ_2
115	0	UBERON_0006811PATOTEMP_499c1f37-c1fe-456a-86be-ce5f94a44782	C_EQ_3
115	1	UBERON_0006811PATOTEMP_8266f831-455f-44f9-ab48-af5e68f51391	C_EQ_1
115	1	UBERON_0006811BFO_0000051UBERON_0001693PATO_0000467	C_EQ_2
115	2	UBERON_0006811PATO_0001879	C_EQ_1
115	2	UBERON_0001676BFO_0000051UBERON_0001692BFO_0000051UBERON_0001693PATO_0000467	C_EQ_2
115	3	UBERON_0006811BFO_0000051UBERON_0001692	C_EQ_1
116	0	UBERON_0010910PATO_0000141PHENOSCAPE_complement_ofPATO_0001961UBERON_0001683	C_EQ_1
116	1	UBERON_0010910PATO_0001961UBERON_0001683	C_EQ_1
117	0	UBERON_0012131PATO_0002118	C_EQ_1
117	1	UBERON_0012131PATOTEMP_499c1f37-c1fe-456a-86be-ce5f94a44782	C_EQ_1
118	0	UBERONTEMP_10e29a7f-5845-4c48-9d85-1043712ad536PATO_0000462	C_EQ_1
118	1	UBERONTEMP_10e29a7f-5845-4c48-9d85-1043712ad536PATO_0000467	C_EQ_1
119	0	UBERON_4200128PATO_0000462	C_EQ_1
119	1	UBERON_4200128PATO_0000467	C_EQ_1
120	0	UBERON_0002216BFO_0000050UBERON_0004527PATO_0000467	C_EQ_1
120	1	UBERON_0002216BFO_0000050UBERON_0004527PATO_0000462	C_EQ_1
121	0	UBERONTEMP_27dfdd96-d1ca-44b3-876b-390ed5d21c23PATO_0001448	C_EQ_1
121	1	UBERONTEMP_27dfdd96-d1ca-44b3-876b-390ed5d21c23PATO_0000025PHENOSCAPE_complement_ofPATO_0001448	C_EQ_1
122	0	UBERON_2001671PATO_0000462	C_EQ_1
122	1	UBERON_2001671PATO_0000467	C_EQ_1
123	0	UBERONTEMP_021ff296-2e02-4da5-af3b-b3e7220ac03bBSPO_0000098UBERON_0001697PATO_0002285	C_EQ_1
123	1	UBERONTEMP_021ff296-2e02-4da5-af3b-b3e7220ac03bBSPO_0000098UBERON_0001697PATO_0002286	C_EQ_1
124	0	UBERON_0004111RO_0002221UBERON_0005805PATO_0000574	C_EQ_1
124	1	UBERON_0004111RO_0002221UBERON_0005805PATO_0000573	C_EQ_1
125	0	UBERON_0003672BSPO_0000123UBERON_0001708PATOTEMP_1661abba-22d3-4266-b0a2-d7b7d3a7e086UBERON_0003672BSPO_0000122UBERON_0001708	C_EQ_1
125	2	UBERON_0003672BSPO_0000123UBERON_0001708PATO_0000586UBERON_0003672BSPO_0000122UBERON_0001708	C_EQ_1
125	1	UBERON_0003672BSPO_0000123UBERON_0003277PATO_0000587UBERON_0003672BSPO_0000122UBERON_0003277	C_EQ_1
125	1	UBERON_0003672BSPO_0000123UBERON_0003278PATO_0000586UBERON_0003672BSPO_0000122UBERON_0003278	C_EQ_2
126	0	UBERON_0001681PATO_0001961UBERON_0010750	C_EQ_1
126	1	UBERON_0001681PATO_0001505UBERON_0010750	C_EQ_1
127	0	UBERON_0004767PATO_0001191UBERON_0007375	C_EQ_1
127	1	UBERON_0004767PATO_0002272UBERON_0002244	C_EQ_1
127	2	UBERON_0004767PATO_0002024	C_EQ_1
128	0	UBERON_0011267PATO_0000467	C_EQ_1
128	1	UBERON_0011267PATO_0000462	C_EQ_1
129	0	UBERON_0011344BSPO_0000122PATO_0002053PATO_0000462	C_EQ_1
129	0	UBERON_0006606PATO_0000462	C_EQ_2
129	1	UBERON_0011344BSPO_0000122PATO_0002053PATO_0000467	C_EQ_1
129	1	UBERON_0006606PATO_0000467	C_EQ_2
130	0	UBERONTEMP_021ff296-2e02-4da5-af3b-b3e7220ac03bBSPO_0000099UBERON_0001697PATO_0000060	C_EQ_1
130	1	UBERONTEMP_021ff296-2e02-4da5-af3b-b3e7220ac03bBSPO_0000099UBERON_0001697PATO_0001608	C_EQ_1
131	0	UBERON_4200105RO_0002221UBERON_0001643PATO_0001633UBERON_4200105RO_0002221UBERON_0000941	C_EQ_1
131	0	UBERON_4200105RO_0002221UBERON_0001644PATO_0001633UBERON_4200105RO_0002221UBERON_0000941	C_EQ_2
131	1	UBERON_4200105RO_0002221UBERON_0000941PATO_0002268	C_EQ_1
131	1	UBERON_4200105RO_0002221UBERON_0001644PATO_0001632UBERON_4200105RO_0002221UBERON_0000941	C_EQ_2
132	0	UBERON_2000660PATOTEMP_499c1f37-c1fe-456a-86be-ce5f94a44782	C_EQ_1
132	1	UBERON_2000660PATO_0002118	C_EQ_1
133	0	UBERON_0002131PATO_0000586	C_EQ_1
133	1	UBERON_0002131PATO_0000587	C_EQ_1
134	0	UBERON_0002228RO_0002150UBERON_0001095PATO_0000070	C_EQ_1
134	1	UBERON_0002228RO_0002150UBERON_0001095PATO_0000070	C_EQ_1
134	2	UBERON_0002228RO_0002150UBERON_0001095PATO_0000462	C_EQ_1
135	0	UBERON_0003685BFO_0000050UBERON_2002015PATO_0000070	C_EQ_1
135	1	UBERON_0003685BFO_0000050UBERON_2002015PATO_0000070	C_EQ_1
136	0	UBERON_0004111BFO_0000050UBERON_0007832PATO_0000610	C_EQ_1
136	1	UBERON_0004111BFO_0000050UBERON_0007832PATO_0000608	C_EQ_1
137	0	UBERON_0001423PATO_0000574UBERON_0001424	C_EQ_1
137	1	UBERON_0001423PATO_0000573UBERON_0001424	C_EQ_1
137	2	UBERON_0001423PATOTEMP_08f33581-2b05-477a-9213-dda0e0972f7aUBERON_0001424	C_EQ_1
138	0	UBERON_0004111BFO_0000050UBERON_0001695PATO_0000462	C_EQ_1
138	1	UBERON_0004111BFO_0000050UBERON_0001695PATO_0000467	C_EQ_1
139	0	UBERON_0006844PATO_0000133PHENOSCAPE_complement_ofPATOTEMP_8822e54b-89f9-431a-8a20-25698b53353c	C_EQ_1
139	1	UBERON_0006844PATOTEMP_8822e54b-89f9-431a-8a20-25698b53353c	C_EQ_1
140	0	UBERON_0001860PHENOSCAPE_extends_toUBERON_0004704PATO_0000462	C_EQ_1
140	1	UBERON_0001860PHENOSCAPE_extends_toUBERON_0004704PATO_0000467	C_EQ_1
141	0	UBERONTEMP_7f3c6bb1-52c7-4392-8944-01182d25a351PATOTEMP_ae31beca-4250-4216-a596-14036ab9f02a	C_EQ_1
141	1	UBERONTEMP_7f3c6bb1-52c7-4392-8944-01182d25a351PATOTEMP_8ad65288-ef27-4669-bf71-de5846a2148e	C_EQ_1
142	0	UBERONTEMP_c459b036-bbb9-4e8b-8a2b-530b761b6603PATO_0000574	C_EQ_1
142	1	UBERONTEMP_c459b036-bbb9-4e8b-8a2b-530b761b6603PATO_0000462	C_EQ_1
142	2	UBERONTEMP_c459b036-bbb9-4e8b-8a2b-530b761b6603PATO_0000573	C_EQ_1
143	0	UBERON_2001577BFO_0000051UBERON_0004111PATO_0000462	C_EQ_1
143	1	UBERON_2001577BFO_0000051UBERON_0004111PATO_0000467	C_EQ_1
144	0	UBERONTEMP_f8cf42dc-22f9-4fd7-af44-58253f62ad24BFO_0000050UBERON_0000152PATO_0000462	C_EQ_1
144	1	UBERONTEMP_f8cf42dc-22f9-4fd7-af44-58253f62ad24BFO_0000050UBERON_0000152PATO_0000467	C_EQ_1
145	0	UBERON_0003675BFO_0000050UBERON_0011593PATO_0002211	C_EQ_1
145	1	UBERON_0003675BFO_0000050UBERON_0011593PATO_0002021	C_EQ_1
145	2	UBERON_0003675BFO_0000050UBERON_0011593PATOTEMP_3a9e79e5-a7d3-457c-951e-90a9618983e3	C_EQ_1
145	3	UBERON_0003675BFO_0000050UBERON_0011593PATO_0002457	C_EQ_1
146	0	UBERON_2000356BFO_0000050UBERON_2001899PATO_0000140PHENOSCAPE_complement_ofPATO_0001598	C_EQ_1
146	1	UBERON_2000356BFO_0000050UBERON_2001899PATO_0001598	C_EQ_1
147	0	UBERON_0008260BFO_0000050UBERON_0000033PATO_0000462	C_EQ_1
147	1	UBERON_0008260BFO_0000050UBERON_0000033PATO_0000467	C_EQ_1
148	0	UBERON_0003677PATOTEMP_499c1f37-c1fe-456a-86be-ce5f94a44782	C_EQ_1
148	1	UBERON_0003677PATO_0001784	C_EQ_1
148	2	UBERON_0003677PATO_0002118	C_EQ_1
149	0	UBERON_0001153PATO_0000462	C_EQ_1
149	1	UBERON_0001153PATO_0000467	C_EQ_1
150	0	UBERON_0000479BFO_0000050UBERON_0002369PATO_0000025	C_EQ_1
150	1	UBERON_0000479BFO_0000050UBERON_0002369PATO_0000025	C_EQ_1
150	2	UBERON_0000479BFO_0000050UBERON_0002369PATO_0000025	C_EQ_1
150	3	UBERON_0000479BFO_0000050UBERON_0002369PATO_0000025	C_EQ_1
151	0	UBERON_0006844BFO_0000050UBERON_0004529UBERON_in_median_plane_ofUBERON_0001091PATO_0000462	C_EQ_1
151	1	UBERON_0006844BFO_0000050UBERON_0004529UBERON_in_median_plane_ofUBERON_0001091PATO_0000467	C_EQ_1
152	0	UBERON_0010008PATO_0000070	C_EQ_1
152	1	UBERON_0010008PATO_0000070	C_EQ_1
153	0	UBERON_3010021PATO_0000462	C_EQ_1
153	0	UBERON_3010031PATO_0000462	C_EQ_2
153	1	UBERON_3010021PATO_0000467	C_EQ_1
153	1	UBERON_3010031PATO_0000467	C_EQ_2
154	0	UBERON_3000162UBERON_in_lateral_side_ofUBERON_0003129PATO_0000462	C_EQ_1
154	1	UBERON_3000162UBERON_in_lateral_side_ofUBERON_0003129PATO_0000467	C_EQ_1
155	0	UBERON_0011079PATO_0000467	C_EQ_1
155	1	UBERON_0011079PATO_0000462	C_EQ_1
155	1	UBERON_0011079PATO_0000642UBERON_0011637	C_EQ_2
156	0	UBERONTEMP_43fdac75-44ba-45b0-bc85-bbd53076852fPATO_0000462	C_EQ_1
156	1	UBERONTEMP_43fdac75-44ba-45b0-bc85-bbd53076852fPATO_0000467	C_EQ_1
157	0	UBERON_0011598PATO_0000462	C_EQ_1
157	1	UBERON_0011598PATO_0000467	C_EQ_1
158	0	UBERONTEMP_b89569c0-c78e-4d3b-aa70-42bfaf85f452BSPO_0000123UBERON_0003101PATO_0000462	C_EQ_1
158	1	UBERONTEMP_b89569c0-c78e-4d3b-aa70-42bfaf85f452BSPO_0000123UBERON_0003101PATO_0000467	C_EQ_1
159	0	UBERON_0002542UBERON_attaches_toUBERON_0001443PATO_0001590UBERON_0002097	C_EQ_1
159	1	UBERON_0002542UBERON_attaches_toUBERON_0001443PATO_0000141PHENOSCAPE_complement_ofPATO_0001590UBERON_0002097	C_EQ_1
160	0	UBERONTEMP_021ff296-2e02-4da5-af3b-b3e7220ac03bBSPO_0000102UBERON_0001697PATO_0002285	C_EQ_1
160	1	UBERONTEMP_021ff296-2e02-4da5-af3b-b3e7220ac03bBSPO_0000102UBERON_0001697PATO_0002286	C_EQ_1
161	0	UBERON_0000468PATO_0000573	C_EQ_1
161	1	UBERON_0000468PATO_0000574	C_EQ_1
162	0	UBERON_3001003BFO_0000050UBERON_0003101PATO_0000462	C_EQ_1
162	1	UBERON_3001003BFO_0000050UBERON_0003101PATO_0000467	C_EQ_1
163	0	UBERONTEMP_043616cc-abac-415d-b5e7-b0e96d27c4baPATO_0000467	C_EQ_1
163	1	UBERONTEMP_043616cc-abac-415d-b5e7-b0e96d27c4baPATO_0000462	C_EQ_1
164	0	UBERON_0010750PATO_0000141PHENOSCAPE_complement_ofPATO_0001961UBERON_0001683	C_EQ_1
164	1	UBERON_0010750PATO_0001961UBERON_0001683	C_EQ_1
165	0	BSPO_0000077BFO_0000050UBERON_0001684PATO_0000586	C_EQ_1
165	0	UBERON_0004529BSPO_0000124UBERON_0001684PATO_0000462	C_EQ_2
165	0	UBERON_0000093BSPO_0000124UBERON_0001684PATO_0000462	C_EQ_3
165	1	BSPO_0000077BFO_0000050UBERON_0001684PATO_0000587	C_EQ_1
165	1	UBERON_0000093BSPO_0000124UBERON_0001684PATO_0000467	C_EQ_2
165	1	UBERON_0004529BSPO_0000124UBERON_0001684PATO_0000467	C_EQ_3
166	0	UBERON_0000464BFO_0000050UBERON_3000395PATO_0000467	C_EQ_1
166	1	UBERON_2001995BFO_0000050UBERON_3000395PATO_0000462	C_EQ_1
166	2	UBERON_3000395PATO_0000462	C_EQ_1
167	0	UBERON_0003097BSPO_0000098UBERON_0002355PATO_0000462	C_EQ_1
167	1	UBERON_0003097BSPO_0000098UBERON_0002355PATO_0000467	C_EQ_1
168	0	UBERON_0000464BFO_0000050UBERON_0001092RO_0002150UBERON_0004096PATO_0000610	C_EQ_1
168	1	UBERON_0000464BFO_0000050UBERON_0001092RO_0002150UBERON_0004096PATO_0000608	C_EQ_1
169	0	UBERON_0005871BFO_0000051UBERON_0003685PATO_0002024	C_EQ_1
169	1	UBERON_0005871BFO_0000051UBERON_0003685PATOTEMP_2c9b5f55-81ea-49f8-ae62-206012b21b6f	C_EQ_1
170	0	UBERON_0001075BFO_0000053PATOTEMP_84d9e937-e6fa-4f66-8b9c-d5be0aecc840PATO_0000467	C_EQ_1
170	1	UBERON_0001075BFO_0000053UBERON_3000717PATO_0000467	C_EQ_1
170	2	UBERON_0001075BFO_0000053UBERON_3000711PATO_0000467	C_EQ_1
171	0	UBERON_0004529BFO_0000050BSPO_0000078BFO_0000050UBERONTEMP_ccfa76d5-b232-49d6-8140-1d141d0ac162PATO_0000467	C_EQ_1
171	1	UBERON_0004529BFO_0000050BSPO_0000078BFO_0000050UBERONTEMP_ccfa76d5-b232-49d6-8140-1d141d0ac162PATO_0000462	C_EQ_1
172	0	BSPO_0000072BFO_0000050UBERON_0002397PATO_0001961UBERON_0001683	C_EQ_1
172	1	BSPO_0000072BFO_0000050UBERON_0002397PATO_0001633UBERON_0001683	C_EQ_1
173	0	UBERON_3000778PATO_0000467	C_EQ_1
173	1	UBERON_3000778PATO_0000462	C_EQ_1
174	0	UBERON_0002030PATO_0000462	C_EQ_1
174	1	UBERON_0002030PATO_0000467	C_EQ_1
175	0	UBERON_0004529BFO_0000050UBERON_4200139BFO_0000053PATO_0000133PATO_0000462	C_EQ_1
175	1	UBERON_0004529BFO_0000050UBERON_4200139BFO_0000053BSPO_0000686PATO_0000467	C_EQ_1
176	0	UBERON_0012443BSPO_0000103UBERON_0010202PATO_0000070	C_EQ_1
176	1	UBERON_0012443BSPO_0000103UBERON_0010202PATO_0000070	C_EQ_1
177	0	UBERONTEMP_e6de828b-9063-4e42-848b-ae9d4bdb7161PATO_0000467	C_EQ_1
177	1	UBERONTEMP_e6de828b-9063-4e42-848b-ae9d4bdb7161PATO_0000462	C_EQ_1
178	0	UBERON_0004529BFO_0000050UBERON_0000210BSPO_0000103UBERON_0002489PATO_0000406	C_EQ_1
178	0	UBERON_0004529BFO_0000050UBERON_0000210BSPO_0000103UBERON_0002489PATO_0001500	C_EQ_2
178	1	UBERON_0004529BFO_0000050UBERON_0000210BSPO_0000103UBERON_0002489PATO_0000600	C_EQ_1
178	1	UBERON_0004529BFO_0000050UBERON_0000210BSPO_0000103UBERON_0002489PATO_0000413	C_EQ_2
179	0	UBERONTEMP_09a9f799-951b-46b4-8dc2-d4d486ff6542PATO_0000462	C_EQ_1
179	1	UBERONTEMP_09a9f799-951b-46b4-8dc2-d4d486ff6542PATO_0000467	C_EQ_1
180	0	UBERON_0004111BFO_0000050UBERON_2000223PATO_0000462	C_EQ_1
180	1	UBERON_0004111BFO_0000050UBERON_2000223PATO_0000587	C_EQ_1
180	2	UBERON_0004111BFO_0000050UBERON_2000223PATO_0000586	C_EQ_1
181	0	UBERONTEMP_1483131a-b5c4-484a-8ffa-0dc5e0a5ef34PATO_0000133	C_EQ_1
181	1	UBERONTEMP_1483131a-b5c4-484a-8ffa-0dc5e0a5ef34PATO_0000133	C_EQ_1
181	2	UBERONTEMP_1483131a-b5c4-484a-8ffa-0dc5e0a5ef34PATO_0000133	C_EQ_1
182	0	UBERON_0004111BFO_0000050UBERON_0001092PATO_0000462	C_EQ_1
182	1	UBERON_0004111BFO_0000050UBERON_0001092PATO_0001495	C_EQ_1
182	2	UBERON_0004111BFO_0000050UBERON_0001092PATO_0000610	C_EQ_1
183	0	UBERONTEMP_2e96fd5c-b044-4a59-a92a-e0f782541f91PATO_0000587	C_EQ_1
183	1	UBERONTEMP_2e96fd5c-b044-4a59-a92a-e0f782541f91PATO_0000586	C_EQ_1
184	0	UBERON_0004742PATO_0002180	C_EQ_1
184	1	UBERON_0004742PATO_0001857	C_EQ_1
184	2	UBERON_0004742PATO_0001355	C_EQ_1
184	3	UBERON_0004742PATOTEMP_e8217f0e-e93c-4fa2-8261-216a8ca47dd9	C_EQ_1
185	0	UBERONTEMP_41e8ff4d-2e04-4d81-8db9-a8038e63f76bBSPO_0000120UBERON_0000468PATO_0001505UBERONTEMP_41e8ff4d-2e04-4d81-8db9-a8038e63f76bBSPO_0000121UBERON_0000468	C_EQ_1
185	1	UBERONTEMP_41e8ff4d-2e04-4d81-8db9-a8038e63f76bBSPO_0000120UBERON_0000468PATO_0001961UBERONTEMP_41e8ff4d-2e04-4d81-8db9-a8038e63f76bBSPO_0000121UBERON_0000468	C_EQ_1
186	0	UBERON_0003113BFO_0000053PATO_0002433PATOTEMP_6734e62a-dd4a-43cc-8e59-c6ac7280e12c	C_EQ_1
186	1	UBERON_0003113BFO_0000053PATO_0002433PATO_0000467	C_EQ_1
186	2	UBERON_0003113BFO_0000053PATO_0002433PATO_0000462	C_EQ_1
186	3	UBERON_0003113BFO_0000053PATO_0002433PATO_0002358	C_EQ_1
187	0	UBERON_4100005BFO_0000050UBERON_0003634PATO_0000573UBERONTEMP_a8b5fbe4-0d00-4464-97ee-81ffd58a44f8BFO_0000050UBERON_0003634	C_EQ_1
187	0	UBERONTEMP_8f369965-6ce2-4362-8b36-c0e3c7aba9a9BFO_0000050UBERON_0003634PATO_0000573UBERONTEMP_a8b5fbe4-0d00-4464-97ee-81ffd58a44f8BFO_0000050UBERON_0003634	C_EQ_2
187	1	UBERONTEMP_8f369965-6ce2-4362-8b36-c0e3c7aba9a9BFO_0000050UBERON_0003634PATO_0000574UBERONTEMP_a8b5fbe4-0d00-4464-97ee-81ffd58a44f8BFO_0000050UBERON_0003634	C_EQ_1
187	1	UBERON_4100005BFO_0000050UBERON_0003634PATO_0000574UBERONTEMP_a8b5fbe4-0d00-4464-97ee-81ffd58a44f8BFO_0000050UBERON_0003634	C_EQ_2
188	0	UBERON_4200018PATO_0000462	C_EQ_1
188	1	UBERON_4200018PATO_0002156	C_EQ_1
188	2	UBERON_4200018PATOTEMP_d6bdbb19-8950-4dfd-af6f-2794c50b1c02	C_EQ_1
189	0	UBERON_0001300PATO_0002259UBERON_0000989	C_EQ_1
189	1	UBERON_0001300PATO_0001505UBERON_0000989	C_EQ_1
190	0	UBERON_0002542RO_0002150UBERON_0000033PATO_0000462	C_EQ_1
190	1	UBERON_0002542RO_0002150UBERON_0000033PATO_0000587	C_EQ_1
190	1	UBERON_0002542RO_0002150UBERON_0000033PATOTEMP_04e01d50-b0fd-431f-9aea-10856ba1d8c3	C_EQ_2
190	2	UBERON_0002542RO_0002150UBERON_0000033PATO_0000586	C_EQ_1
190	2	UBERON_0002542RO_0002150UBERON_0000033PATO_0002253	C_EQ_2
191	0	PATOTEMP_67a7a0b3-d7ee-4c62-bf1d-b9360ee09bffBFO_0000052UBERON_0002542UBERON_enclosesUBERON_2001612PATO_0000462	C_EQ_1
191	0	PATOTEMP_54859750-f781-473b-914e-5fd28d57d5a1BFO_0000052UBERON_0002542UBERON_enclosesUBERON_2001612PATO_0000462	C_EQ_2
191	1	PATOTEMP_67a7a0b3-d7ee-4c62-bf1d-b9360ee09bffBFO_0000052UBERON_0002542UBERON_enclosesUBERON_2001612PATO_0000467	C_EQ_1
191	1	PATOTEMP_54859750-f781-473b-914e-5fd28d57d5a1BFO_0000052UBERON_0002542UBERON_enclosesUBERON_2001612PATO_0000467	C_EQ_2
192	0	UBERON_0003675PATO_0000001PHENOSCAPE_complement_ofPATO_0000463UBERON_0003677	C_EQ_1
192	1	UBERON_0003675PATO_0000463UBERON_0003677	C_EQ_1
193	0	UBERON_0004529BFO_0000050UBERON_0001682PATO_0000462	C_EQ_1
193	1	UBERON_0004529BFO_0000050UBERON_0001682PATO_0000467	C_EQ_1
194	0	UBERON_0007601BFO_0000050UBERON_0000162BFO_0000050UBERON_0003100PATO_0000467	C_EQ_1
194	1	UBERON_0007601BFO_0000050UBERON_0000162BFO_0000050UBERON_0003100PATO_0000462	C_EQ_1
195	0	UBERON_0010290PATO_0000587	C_EQ_1
195	1	UBERON_0010290PATO_0000586	C_EQ_1
196	0	UBERON_0000209PATO_0001505UBERON_0002397	C_EQ_1
196	1	UBERON_0000209PATO_0001961UBERON_0002397	C_EQ_1
196	2	UBERON_0002397PATO_0000462	C_EQ_1
197	0	UBERON_0008000BFO_0000050UBERON_0006050PATO_0000462	C_EQ_1
197	1	UBERON_0008000BFO_0000050UBERON_0006050PATO_0000467	C_EQ_1
198	0	UBERON_0002542UBERON_attaches_toUBERON_0001567PATO_0000140PHENOSCAPE_complement_ofPATO_0001598	C_EQ_1
198	1	UBERON_0002542UBERON_attaches_toUBERON_0001567PATO_0001598	C_EQ_1
199	0	UBERONTEMP_2920b9ce-f709-4fe2-ad14-e6726227d3aePATO_0000406	C_EQ_1
199	1	UBERONTEMP_2920b9ce-f709-4fe2-ad14-e6726227d3aePATO_0002180	C_EQ_1
200	0	UBERONTEMP_dbdc82c9-12e8-4775-95ed-8da329b3d743PATOTEMP_7b012680-6ad6-4036-98d8-eb31353901e0	C_EQ_1
200	1	UBERONTEMP_dbdc82c9-12e8-4775-95ed-8da329b3d743PATOTEMP_ec46b9e3-49c1-4a90-affe-4d9f4b71cfa0	C_EQ_1
201	0	UBERONTEMP_1dda372d-155b-4362-9858-bf816ab51d78PATOTEMP_499c1f37-c1fe-456a-86be-ce5f94a44782	C_EQ_1
201	1	UBERONTEMP_1dda372d-155b-4362-9858-bf816ab51d78PATOTEMP_0c40ec8a-5635-4721-9bea-e57057db26f6	C_EQ_1
201	2	UBERONTEMP_1dda372d-155b-4362-9858-bf816ab51d78PATO_0000462	C_EQ_1
202	0	UBERON_0004746PATO_0001505UBERON_0000210	C_EQ_1
202	1	UBERON_0004746PATO_0001961UBERON_0000210	C_EQ_1
203	0	UBERON_0001430PATO_0000651UBERON_0001431	C_EQ_1
203	1	UBERON_0001430PATO_0000642UBERON_0001431	C_EQ_1
